{"environment":"development","level":"debug","message":"SQL Query","service":"kanyr-backend","sql":"Executing (default): SELECT 1+1 AS result","timestamp":"2026-03-10 09:15:48.588","type":"database"}
{"environment":"development","level":"info","message":"✓ Sikeres adatbázis kapcsolat létrehozva","service":"kanyr-backend","timestamp":"2026-03-10 09:15:48.593"}
{"environment":"development","level":"debug","message":"SQL Query","service":"kanyr-backend","sql":"Executing (default): SELECT name FROM sqlite_master WHERE type='table' AND name='lakcims';","timestamp":"2026-03-10 09:15:48.595","type":"database"}
{"environment":"development","level":"debug","message":"SQL Query","service":"kanyr-backend","sql":"Executing (default): PRAGMA INDEX_LIST(`lakcims`)","timestamp":"2026-03-10 09:15:48.597","type":"database"}
{"environment":"development","level":"debug","message":"SQL Query","service":"kanyr-backend","sql":"Executing (default): CREATE INDEX `lakcims_iranyitoszam` ON `lakcims` (`iranyitoszam`)","timestamp":"2026-03-10 09:15:48.599","type":"database"}
{"environment":"development","level":"debug","message":"SQL Query","service":"kanyr-backend","sql":"Executing (default): CREATE INDEX `lakcims_varos` ON `lakcims` (`varos`)","timestamp":"2026-03-10 09:15:48.618","type":"database"}
{"environment":"development","level":"debug","message":"SQL Query","service":"kanyr-backend","sql":"Executing (default): SELECT name FROM sqlite_master WHERE type='table' AND name='szulos';","timestamp":"2026-03-10 09:15:48.638","type":"database"}
{"environment":"development","level":"debug","message":"SQL Query","service":"kanyr-backend","sql":"Executing (default): PRAGMA INDEX_LIST(`szulos`)","timestamp":"2026-03-10 09:15:48.641","type":"database"}
{"environment":"development","level":"debug","message":"SQL Query","service":"kanyr-backend","sql":"Executing (default): PRAGMA INDEX_INFO(`sqlite_autoindex_szulos_1`)","timestamp":"2026-03-10 09:15:48.642","type":"database"}
{"environment":"development","level":"debug","message":"SQL Query","service":"kanyr-backend","sql":"Executing (default): PRAGMA INDEX_INFO(`sqlite_autoindex_szulos_2`)","timestamp":"2026-03-10 09:15:48.643","type":"database"}
{"environment":"development","level":"debug","message":"SQL Query","service":"kanyr-backend","sql":"Executing (default): CREATE UNIQUE INDEX `szulos_email` ON `szulos` (`email`)","timestamp":"2026-03-10 09:15:48.645","type":"database"}
{"environment":"development","level":"debug","message":"SQL Query","service":"kanyr-backend","sql":"Executing (default): CREATE INDEX `szulos_cim_id` ON `szulos` (`cim_id`)","timestamp":"2026-03-10 09:15:48.665","type":"database"}
{"environment":"development","level":"debug","message":"SQL Query","service":"kanyr-backend","sql":"Executing (default): CREATE UNIQUE INDEX `szulos_szemelyi_igazolvany_szam` ON `szulos` (`szemelyi_igazolvany_szam`)","timestamp":"2026-03-10 09:15:48.690","type":"database"}
{"environment":"development","level":"debug","message":"SQL Query","service":"kanyr-backend","sql":"Executing (default): SELECT name FROM sqlite_master WHERE type='table' AND name='diaks';","timestamp":"2026-03-10 09:15:48.724","type":"database"}
{"environment":"development","level":"debug","message":"SQL Query","service":"kanyr-backend","sql":"Executing (default): PRAGMA INDEX_LIST(`diaks`)","timestamp":"2026-03-10 09:15:48.745","type":"database"}
{"environment":"development","level":"debug","message":"SQL Query","service":"kanyr-backend","sql":"Executing (default): PRAGMA INDEX_INFO(`sqlite_autoindex_diaks_1`)","timestamp":"2026-03-10 09:15:48.752","type":"database"}
{"environment":"development","level":"debug","message":"SQL Query","service":"kanyr-backend","sql":"Executing (default): PRAGMA INDEX_INFO(`sqlite_autoindex_diaks_2`)","timestamp":"2026-03-10 09:15:48.753","type":"database"}
{"environment":"development","level":"debug","message":"SQL Query","service":"kanyr-backend","sql":"Executing (default): PRAGMA INDEX_INFO(`sqlite_autoindex_diaks_3`)","timestamp":"2026-03-10 09:15:48.753","type":"database"}
{"environment":"development","level":"debug","message":"SQL Query","service":"kanyr-backend","sql":"Executing (default): PRAGMA INDEX_INFO(`sqlite_autoindex_diaks_4`)","timestamp":"2026-03-10 09:15:48.754","type":"database"}
{"environment":"development","level":"debug","message":"SQL Query","service":"kanyr-backend","sql":"Executing (default): CREATE UNIQUE INDEX `diaks_email` ON `diaks` (`email`)","timestamp":"2026-03-10 09:15:48.791","type":"database"}
{"environment":"development","level":"debug","message":"SQL Query","service":"kanyr-backend","sql":"Executing (default): CREATE INDEX `diaks_szulo_id` ON `diaks` (`szulo_id`)","timestamp":"2026-03-10 09:15:48.826","type":"database"}
{"environment":"development","level":"debug","message":"SQL Query","service":"kanyr-backend","sql":"Executing (default): CREATE INDEX `diaks_cim_id` ON `diaks` (`cim_id`)","timestamp":"2026-03-10 09:15:48.854","type":"database"}
{"environment":"development","level":"debug","message":"SQL Query","service":"kanyr-backend","sql":"Executing (default): CREATE INDEX `diaks_nev` ON `diaks` (`nev`)","timestamp":"2026-03-10 09:15:48.880","type":"database"}
{"environment":"development","level":"debug","message":"SQL Query","service":"kanyr-backend","sql":"Executing (default): CREATE UNIQUE INDEX `diaks_szemelyi_igazolvany_szam` ON `diaks` (`szemelyi_igazolvany_szam`)","timestamp":"2026-03-10 09:15:48.910","type":"database"}
{"environment":"development","level":"debug","message":"SQL Query","service":"kanyr-backend","sql":"Executing (default): CREATE UNIQUE INDEX `diaks_taj_szam` ON `diaks` (`taj_szam`)","timestamp":"2026-03-10 09:15:48.934","type":"database"}
{"environment":"development","level":"debug","message":"SQL Query","service":"kanyr-backend","sql":"Executing (default): CREATE UNIQUE INDEX `diaks_diakigazolvany_szam` ON `diaks` (`diakigazolvany_szam`)","timestamp":"2026-03-10 09:15:48.964","type":"database"}
{"environment":"development","level":"debug","message":"SQL Query","service":"kanyr-backend","sql":"Executing (default): SELECT name FROM sqlite_master WHERE type='table' AND name='felhasznalos';","timestamp":"2026-03-10 09:15:48.988","type":"database"}
{"environment":"development","level":"debug","message":"SQL Query","service":"kanyr-backend","sql":"Executing (default): PRAGMA INDEX_LIST(`felhasznalos`)","timestamp":"2026-03-10 09:15:49.000","type":"database"}
{"environment":"development","level":"debug","message":"SQL Query","service":"kanyr-backend","sql":"Executing (default): PRAGMA INDEX_INFO(`sqlite_autoindex_felhasznalos_1`)","timestamp":"2026-03-10 09:15:49.004","type":"database"}
{"environment":"development","level":"debug","message":"SQL Query","service":"kanyr-backend","sql":"Executing (default): PRAGMA INDEX_INFO(`sqlite_autoindex_felhasznalos_2`)","timestamp":"2026-03-10 09:15:49.004","type":"database"}
{"environment":"development","level":"debug","message":"SQL Query","service":"kanyr-backend","sql":"Executing (default): CREATE UNIQUE INDEX `felhasznalos_email` ON `felhasznalos` (`email`)","timestamp":"2026-03-10 09:15:49.041","type":"database"}
{"environment":"development","level":"debug","message":"SQL Query","service":"kanyr-backend","sql":"Executing (default): CREATE UNIQUE INDEX `felhasznalos_username` ON `felhasznalos` (`username`)","timestamp":"2026-03-10 09:15:49.070","type":"database"}
{"environment":"development","level":"debug","message":"SQL Query","service":"kanyr-backend","sql":"Executing (default): CREATE INDEX `felhasznalos_diak_id` ON `felhasznalos` (`diak_id`)","timestamp":"2026-03-10 09:15:49.100","type":"database"}
{"environment":"development","level":"debug","message":"SQL Query","service":"kanyr-backend","sql":"Executing (default): CREATE INDEX `felhasznalos_token_version` ON `felhasznalos` (`token_version`)","timestamp":"2026-03-10 09:15:49.125","type":"database"}
{"environment":"development","error":"SQLITE_ERROR: no such column: token_version","level":"error","message":"✗ Hiba a szerver indításakor","service":"kanyr-backend","stack":"Error\n    at Database.<anonymous> (c:\\Users\\SZ2\\Documents\\13.B\\Kanyr projekt\\KANYR\\backend\\node_modules\\sequelize\\lib\\dialects\\sqlite\\query.js:185:27)\n    at c:\\Users\\SZ2\\Documents\\13.B\\Kanyr projekt\\KANYR\\backend\\node_modules\\sequelize\\lib\\dialects\\sqlite\\query.js:183:50\n    at new Promise (<anonymous>)\n    at Query.run (c:\\Users\\SZ2\\Documents\\13.B\\Kanyr projekt\\KANYR\\backend\\node_modules\\sequelize\\lib\\dialects\\sqlite\\query.js:183:12)\n    at c:\\Users\\SZ2\\Documents\\13.B\\Kanyr projekt\\KANYR\\backend\\node_modules\\sequelize\\lib\\sequelize.js:315:28\n    at async SQLiteQueryInterface.addIndex (c:\\Users\\SZ2\\Documents\\13.B\\Kanyr projekt\\KANYR\\backend\\node_modules\\sequelize\\lib\\dialects\\abstract\\query-interface.js:250:12)\n    at async Felhasznalo.sync (c:\\Users\\SZ2\\Documents\\13.B\\Kanyr projekt\\KANYR\\backend\\node_modules\\sequelize\\lib\\model.js:999:7)\n    at async Sequelize.sync (c:\\Users\\SZ2\\Documents\\13.B\\Kanyr projekt\\KANYR\\backend\\node_modules\\sequelize\\lib\\sequelize.js:377:9)\n    at async startServer (c:\\Users\\SZ2\\Documents\\13.B\\Kanyr projekt\\KANYR\\backend\\app.js:137:5)","timestamp":"2026-03-10 09:15:49.136"}
{"environment":"development","level":"debug","message":"SQL Query","service":"kanyr-backend","sql":"Executing (default): SELECT 1+1 AS result","timestamp":"2026-03-10 09:16:40.573","type":"database"}
{"environment":"development","level":"info","message":"✓ Sikeres adatbázis kapcsolat létrehozva","service":"kanyr-backend","timestamp":"2026-03-10 09:16:40.578"}
{"environment":"development","level":"debug","message":"SQL Query","service":"kanyr-backend","sql":"Executing (default): SELECT name FROM sqlite_master WHERE type='table' AND name='lakcims';","timestamp":"2026-03-10 09:16:40.582","type":"database"}
{"environment":"development","level":"debug","message":"SQL Query","service":"kanyr-backend","sql":"Executing (default): PRAGMA TABLE_INFO(`lakcims`);","timestamp":"2026-03-10 09:16:40.587","type":"database"}
{"environment":"development","level":"debug","message":"SQL Query","service":"kanyr-backend","sql":"Executing (default): PRAGMA foreign_key_list(`lakcims`)","timestamp":"2026-03-10 09:16:40.588","type":"database"}
{"environment":"development","level":"debug","message":"SQL Query","service":"kanyr-backend","sql":"Executing (default): PRAGMA INDEX_LIST(`lakcims`)","timestamp":"2026-03-10 09:16:40.591","type":"database"}
{"environment":"development","level":"debug","message":"SQL Query","service":"kanyr-backend","sql":"Executing (default): PRAGMA INDEX_INFO(`lakcims_iranyitoszam`)","timestamp":"2026-03-10 09:16:40.593","type":"database"}
{"environment":"development","level":"debug","message":"SQL Query","service":"kanyr-backend","sql":"Executing (default): PRAGMA INDEX_INFO(`lakcims_varos`)","timestamp":"2026-03-10 09:16:40.593","type":"database"}
{"environment":"development","level":"debug","message":"SQL Query","service":"kanyr-backend","sql":"Executing (default): PRAGMA foreign_key_list(`lakcims`)","timestamp":"2026-03-10 09:16:40.595","type":"database"}
{"environment":"development","level":"debug","message":"SQL Query","service":"kanyr-backend","sql":"Executing (default): PRAGMA TABLE_INFO(`lakcims`);","timestamp":"2026-03-10 09:16:40.596","type":"database"}
{"environment":"development","level":"debug","message":"SQL Query","service":"kanyr-backend","sql":"Executing (default): PRAGMA INDEX_LIST(`lakcims`)","timestamp":"2026-03-10 09:16:40.598","type":"database"}
{"environment":"development","level":"debug","message":"SQL Query","service":"kanyr-backend","sql":"Executing (default): PRAGMA INDEX_INFO(`lakcims_iranyitoszam`)","timestamp":"2026-03-10 09:16:40.599","type":"database"}
{"environment":"development","level":"debug","message":"SQL Query","service":"kanyr-backend","sql":"Executing (default): PRAGMA INDEX_INFO(`lakcims_varos`)","timestamp":"2026-03-10 09:16:40.600","type":"database"}
{"environment":"development","level":"debug","message":"SQL Query","service":"kanyr-backend","sql":"Executing (default): PRAGMA foreign_key_list(`lakcims`)","timestamp":"2026-03-10 09:16:40.602","type":"database"}
{"environment":"development","level":"debug","message":"SQL Query","service":"kanyr-backend","sql":"Executing (default): CREATE TABLE IF NOT EXISTS `lakcims_backup` (`cim_id` INTEGER PRIMARY KEY, `orszag` VARCHAR(100) NOT NULL DEFAULT 'Magyarország', `iranyitoszam` VARCHAR(10) NOT NULL, `varos` VARCHAR(100) NOT NULL, `utca_hazszam` VARCHAR(200) NOT NULL, `created_at` DATETIME NOT NULL, `updated_at` DATETIME NOT NULL);","timestamp":"2026-03-10 09:16:40.607","type":"database"}
{"environment":"development","level":"debug","message":"SQL Query","service":"kanyr-backend","sql":"Executing (default): INSERT INTO `lakcims_backup` SELECT `cim_id`, `orszag`, `iranyitoszam`, `varos`, `utca_hazszam`, `created_at`, `updated_at` FROM `lakcims`;","timestamp":"2026-03-10 09:16:40.616","type":"database"}
{"environment":"development","level":"debug","message":"SQL Query","service":"kanyr-backend","sql":"Executing (default): DROP TABLE `lakcims`;","timestamp":"2026-03-10 09:16:40.627","type":"database"}
{"environment":"development","level":"debug","message":"SQL Query","service":"kanyr-backend","sql":"Executing (default): CREATE TABLE IF NOT EXISTS `lakcims` (`cim_id` INTEGER PRIMARY KEY, `orszag` VARCHAR(100) NOT NULL DEFAULT 'Magyarország', `iranyitoszam` VARCHAR(10) NOT NULL, `varos` VARCHAR(100) NOT NULL, `utca_hazszam` VARCHAR(200) NOT NULL, `created_at` DATETIME NOT NULL, `updated_at` DATETIME NOT NULL);","timestamp":"2026-03-10 09:16:40.642","type":"database"}
{"environment":"development","level":"debug","message":"SQL Query","service":"kanyr-backend","sql":"Executing (default): INSERT INTO `lakcims` SELECT `cim_id`, `orszag`, `iranyitoszam`, `varos`, `utca_hazszam`, `created_at`, `updated_at` FROM `lakcims_backup`;","timestamp":"2026-03-10 09:16:40.675","type":"database"}
{"environment":"development","level":"debug","message":"SQL Query","service":"kanyr-backend","sql":"Executing (default): DROP TABLE `lakcims_backup`;","timestamp":"2026-03-10 09:16:40.685","type":"database"}
{"environment":"development","level":"debug","message":"SQL Query","service":"kanyr-backend","sql":"Executing (default): PRAGMA TABLE_INFO(`lakcims`);","timestamp":"2026-03-10 09:16:40.699","type":"database"}
{"environment":"development","level":"debug","message":"SQL Query","service":"kanyr-backend","sql":"Executing (default): PRAGMA INDEX_LIST(`lakcims`)","timestamp":"2026-03-10 09:16:40.703","type":"database"}
{"environment":"development","level":"debug","message":"SQL Query","service":"kanyr-backend","sql":"Executing (default): PRAGMA foreign_key_list(`lakcims`)","timestamp":"2026-03-10 09:16:40.705","type":"database"}
{"environment":"development","level":"debug","message":"SQL Query","service":"kanyr-backend","sql":"Executing (default): CREATE TABLE IF NOT EXISTS `lakcims_backup` (`cim_id` INTEGER PRIMARY KEY, `orszag` VARCHAR(100) NOT NULL DEFAULT 'Magyarország', `iranyitoszam` VARCHAR(10) NOT NULL, `varos` VARCHAR(100) NOT NULL, `utca_hazszam` VARCHAR(200) NOT NULL, `created_at` DATETIME NOT NULL, `updated_at` DATETIME NOT NULL);","timestamp":"2026-03-10 09:16:40.707","type":"database"}
{"environment":"development","level":"debug","message":"SQL Query","service":"kanyr-backend","sql":"Executing (default): INSERT INTO `lakcims_backup` SELECT `cim_id`, `orszag`, `iranyitoszam`, `varos`, `utca_hazszam`, `created_at`, `updated_at` FROM `lakcims`;","timestamp":"2026-03-10 09:16:40.717","type":"database"}
{"environment":"development","level":"debug","message":"SQL Query","service":"kanyr-backend","sql":"Executing (default): DROP TABLE `lakcims`;","timestamp":"2026-03-10 09:16:40.726","type":"database"}
{"environment":"development","level":"debug","message":"SQL Query","service":"kanyr-backend","sql":"Executing (default): CREATE TABLE IF NOT EXISTS `lakcims` (`cim_id` INTEGER PRIMARY KEY, `orszag` VARCHAR(100) NOT NULL DEFAULT 'Magyarország', `iranyitoszam` VARCHAR(10) NOT NULL, `varos` VARCHAR(100) NOT NULL, `utca_hazszam` VARCHAR(200) NOT NULL, `created_at` DATETIME NOT NULL, `updated_at` DATETIME NOT NULL);","timestamp":"2026-03-10 09:16:40.736","type":"database"}
{"environment":"development","level":"debug","message":"SQL Query","service":"kanyr-backend","sql":"Executing (default): INSERT INTO `lakcims` SELECT `cim_id`, `orszag`, `iranyitoszam`, `varos`, `utca_hazszam`, `created_at`, `updated_at` FROM `lakcims_backup`;","timestamp":"2026-03-10 09:16:40.745","type":"database"}
{"environment":"development","level":"debug","message":"SQL Query","service":"kanyr-backend","sql":"Executing (default): DROP TABLE `lakcims_backup`;","timestamp":"2026-03-10 09:16:40.754","type":"database"}
{"environment":"development","level":"debug","message":"SQL Query","service":"kanyr-backend","sql":"Executing (default): PRAGMA TABLE_INFO(`lakcims`);","timestamp":"2026-03-10 09:16:40.771","type":"database"}
{"environment":"development","level":"debug","message":"SQL Query","service":"kanyr-backend","sql":"Executing (default): PRAGMA INDEX_LIST(`lakcims`)","timestamp":"2026-03-10 09:16:40.776","type":"database"}
{"environment":"development","level":"debug","message":"SQL Query","service":"kanyr-backend","sql":"Executing (default): PRAGMA foreign_key_list(`lakcims`)","timestamp":"2026-03-10 09:16:40.779","type":"database"}
{"environment":"development","level":"debug","message":"SQL Query","service":"kanyr-backend","sql":"Executing (default): CREATE TABLE IF NOT EXISTS `lakcims_backup` (`cim_id` INTEGER PRIMARY KEY, `orszag` VARCHAR(100) NOT NULL DEFAULT 'Magyarország', `iranyitoszam` VARCHAR(10) NOT NULL, `varos` VARCHAR(100) NOT NULL, `utca_hazszam` VARCHAR(200) NOT NULL, `created_at` DATETIME NOT NULL, `updated_at` DATETIME NOT NULL);","timestamp":"2026-03-10 09:16:40.781","type":"database"}
{"environment":"development","level":"debug","message":"SQL Query","service":"kanyr-backend","sql":"Executing (default): INSERT INTO `lakcims_backup` SELECT `cim_id`, `orszag`, `iranyitoszam`, `varos`, `utca_hazszam`, `created_at`, `updated_at` FROM `lakcims`;","timestamp":"2026-03-10 09:16:40.796","type":"database"}
{"environment":"development","level":"debug","message":"SQL Query","service":"kanyr-backend","sql":"Executing (default): DROP TABLE `lakcims`;","timestamp":"2026-03-10 09:16:40.830","type":"database"}
{"environment":"development","level":"debug","message":"SQL Query","service":"kanyr-backend","sql":"Executing (default): CREATE TABLE IF NOT EXISTS `lakcims` (`cim_id` INTEGER PRIMARY KEY, `orszag` VARCHAR(100) NOT NULL DEFAULT 'Magyarország', `iranyitoszam` VARCHAR(10) NOT NULL, `varos` VARCHAR(100) NOT NULL, `utca_hazszam` VARCHAR(200) NOT NULL, `created_at` DATETIME NOT NULL, `updated_at` DATETIME NOT NULL);","timestamp":"2026-03-10 09:16:40.845","type":"database"}
{"environment":"development","level":"debug","message":"SQL Query","service":"kanyr-backend","sql":"Executing (default): INSERT INTO `lakcims` SELECT `cim_id`, `orszag`, `iranyitoszam`, `varos`, `utca_hazszam`, `created_at`, `updated_at` FROM `lakcims_backup`;","timestamp":"2026-03-10 09:16:40.864","type":"database"}
{"environment":"development","level":"debug","message":"SQL Query","service":"kanyr-backend","sql":"Executing (default): DROP TABLE `lakcims_backup`;","timestamp":"2026-03-10 09:16:40.890","type":"database"}
{"environment":"development","level":"debug","message":"SQL Query","service":"kanyr-backend","sql":"Executing (default): PRAGMA TABLE_INFO(`lakcims`);","timestamp":"2026-03-10 09:16:40.904","type":"database"}
{"environment":"development","level":"debug","message":"SQL Query","service":"kanyr-backend","sql":"Executing (default): PRAGMA INDEX_LIST(`lakcims`)","timestamp":"2026-03-10 09:16:40.906","type":"database"}
{"environment":"development","level":"debug","message":"SQL Query","service":"kanyr-backend","sql":"Executing (default): PRAGMA foreign_key_list(`lakcims`)","timestamp":"2026-03-10 09:16:40.907","type":"database"}
{"environment":"development","level":"debug","message":"SQL Query","service":"kanyr-backend","sql":"Executing (default): CREATE TABLE IF NOT EXISTS `lakcims_backup` (`cim_id` INTEGER PRIMARY KEY, `orszag` VARCHAR(100) NOT NULL DEFAULT 'Magyarország', `iranyitoszam` VARCHAR(10) NOT NULL, `varos` VARCHAR(100) NOT NULL, `utca_hazszam` VARCHAR(200) NOT NULL, `created_at` DATETIME NOT NULL, `updated_at` DATETIME NOT NULL);","timestamp":"2026-03-10 09:16:40.910","type":"database"}
{"environment":"development","level":"debug","message":"SQL Query","service":"kanyr-backend","sql":"Executing (default): INSERT INTO `lakcims_backup` SELECT `cim_id`, `orszag`, `iranyitoszam`, `varos`, `utca_hazszam`, `created_at`, `updated_at` FROM `lakcims`;","timestamp":"2026-03-10 09:16:40.925","type":"database"}
{"environment":"development","level":"debug","message":"SQL Query","service":"kanyr-backend","sql":"Executing (default): DROP TABLE `lakcims`;","timestamp":"2026-03-10 09:16:40.934","type":"database"}
{"environment":"development","level":"debug","message":"SQL Query","service":"kanyr-backend","sql":"Executing (default): CREATE TABLE IF NOT EXISTS `lakcims` (`cim_id` INTEGER PRIMARY KEY, `orszag` VARCHAR(100) NOT NULL DEFAULT 'Magyarország', `iranyitoszam` VARCHAR(10) NOT NULL, `varos` VARCHAR(100) NOT NULL, `utca_hazszam` VARCHAR(200) NOT NULL, `created_at` DATETIME NOT NULL, `updated_at` DATETIME NOT NULL);","timestamp":"2026-03-10 09:16:40.947","type":"database"}
{"environment":"development","level":"debug","message":"SQL Query","service":"kanyr-backend","sql":"Executing (default): INSERT INTO `lakcims` SELECT `cim_id`, `orszag`, `iranyitoszam`, `varos`, `utca_hazszam`, `created_at`, `updated_at` FROM `lakcims_backup`;","timestamp":"2026-03-10 09:16:40.969","type":"database"}
{"environment":"development","level":"debug","message":"SQL Query","service":"kanyr-backend","sql":"Executing (default): DROP TABLE `lakcims_backup`;","timestamp":"2026-03-10 09:16:40.984","type":"database"}
{"environment":"development","level":"debug","message":"SQL Query","service":"kanyr-backend","sql":"Executing (default): PRAGMA TABLE_INFO(`lakcims`);","timestamp":"2026-03-10 09:16:41.001","type":"database"}
{"environment":"development","level":"debug","message":"SQL Query","service":"kanyr-backend","sql":"Executing (default): PRAGMA INDEX_LIST(`lakcims`)","timestamp":"2026-03-10 09:16:41.007","type":"database"}
{"environment":"development","level":"debug","message":"SQL Query","service":"kanyr-backend","sql":"Executing (default): PRAGMA foreign_key_list(`lakcims`)","timestamp":"2026-03-10 09:16:41.016","type":"database"}
{"environment":"development","level":"debug","message":"SQL Query","service":"kanyr-backend","sql":"Executing (default): CREATE TABLE IF NOT EXISTS `lakcims_backup` (`cim_id` INTEGER PRIMARY KEY, `orszag` VARCHAR(100) NOT NULL DEFAULT 'Magyarország', `iranyitoszam` VARCHAR(10) NOT NULL, `varos` VARCHAR(100) NOT NULL, `utca_hazszam` VARCHAR(200) NOT NULL, `created_at` DATETIME NOT NULL, `updated_at` DATETIME NOT NULL);","timestamp":"2026-03-10 09:16:41.023","type":"database"}
{"environment":"development","level":"debug","message":"SQL Query","service":"kanyr-backend","sql":"Executing (default): INSERT INTO `lakcims_backup` SELECT `cim_id`, `orszag`, `iranyitoszam`, `varos`, `utca_hazszam`, `created_at`, `updated_at` FROM `lakcims`;","timestamp":"2026-03-10 09:16:41.084","type":"database"}
{"environment":"development","level":"debug","message":"SQL Query","service":"kanyr-backend","sql":"Executing (default): DROP TABLE `lakcims`;","timestamp":"2026-03-10 09:16:41.103","type":"database"}
{"environment":"development","level":"debug","message":"SQL Query","service":"kanyr-backend","sql":"Executing (default): CREATE TABLE IF NOT EXISTS `lakcims` (`cim_id` INTEGER PRIMARY KEY, `orszag` VARCHAR(100) NOT NULL DEFAULT 'Magyarország', `iranyitoszam` VARCHAR(10) NOT NULL, `varos` VARCHAR(100) NOT NULL, `utca_hazszam` VARCHAR(200) NOT NULL, `created_at` DATETIME NOT NULL, `updated_at` DATETIME NOT NULL);","timestamp":"2026-03-10 09:16:41.119","type":"database"}
{"environment":"development","level":"debug","message":"SQL Query","service":"kanyr-backend","sql":"Executing (default): INSERT INTO `lakcims` SELECT `cim_id`, `orszag`, `iranyitoszam`, `varos`, `utca_hazszam`, `created_at`, `updated_at` FROM `lakcims_backup`;","timestamp":"2026-03-10 09:16:41.131","type":"database"}
{"environment":"development","level":"debug","message":"SQL Query","service":"kanyr-backend","sql":"Executing (default): DROP TABLE `lakcims_backup`;","timestamp":"2026-03-10 09:16:41.140","type":"database"}
{"environment":"development","level":"debug","message":"SQL Query","service":"kanyr-backend","sql":"Executing (default): PRAGMA TABLE_INFO(`lakcims`);","timestamp":"2026-03-10 09:16:41.162","type":"database"}
{"environment":"development","level":"debug","message":"SQL Query","service":"kanyr-backend","sql":"Executing (default): PRAGMA INDEX_LIST(`lakcims`)","timestamp":"2026-03-10 09:16:41.169","type":"database"}
{"environment":"development","level":"debug","message":"SQL Query","service":"kanyr-backend","sql":"Executing (default): PRAGMA foreign_key_list(`lakcims`)","timestamp":"2026-03-10 09:16:41.178","type":"database"}
{"environment":"development","level":"debug","message":"SQL Query","service":"kanyr-backend","sql":"Executing (default): CREATE TABLE IF NOT EXISTS `lakcims_backup` (`cim_id` INTEGER PRIMARY KEY, `orszag` VARCHAR(100) NOT NULL DEFAULT 'Magyarország', `iranyitoszam` VARCHAR(10) NOT NULL, `varos` VARCHAR(100) NOT NULL, `utca_hazszam` VARCHAR(200) NOT NULL, `created_at` DATETIME NOT NULL, `updated_at` DATETIME NOT NULL);","timestamp":"2026-03-10 09:16:41.186","type":"database"}
{"environment":"development","level":"debug","message":"SQL Query","service":"kanyr-backend","sql":"Executing (default): INSERT INTO `lakcims_backup` SELECT `cim_id`, `orszag`, `iranyitoszam`, `varos`, `utca_hazszam`, `created_at`, `updated_at` FROM `lakcims`;","timestamp":"2026-03-10 09:16:41.197","type":"database"}
{"environment":"development","level":"debug","message":"SQL Query","service":"kanyr-backend","sql":"Executing (default): DROP TABLE `lakcims`;","timestamp":"2026-03-10 09:16:41.232","type":"database"}
{"environment":"development","level":"debug","message":"SQL Query","service":"kanyr-backend","sql":"Executing (default): CREATE TABLE IF NOT EXISTS `lakcims` (`cim_id` INTEGER PRIMARY KEY, `orszag` VARCHAR(100) NOT NULL DEFAULT 'Magyarország', `iranyitoszam` VARCHAR(10) NOT NULL, `varos` VARCHAR(100) NOT NULL, `utca_hazszam` VARCHAR(200) NOT NULL, `created_at` DATETIME NOT NULL, `updated_at` DATETIME NOT NULL);","timestamp":"2026-03-10 09:16:41.263","type":"database"}
{"environment":"development","level":"debug","message":"SQL Query","service":"kanyr-backend","sql":"Executing (default): INSERT INTO `lakcims` SELECT `cim_id`, `orszag`, `iranyitoszam`, `varos`, `utca_hazszam`, `created_at`, `updated_at` FROM `lakcims_backup`;","timestamp":"2026-03-10 09:16:41.284","type":"database"}
{"environment":"development","level":"debug","message":"SQL Query","service":"kanyr-backend","sql":"Executing (default): DROP TABLE `lakcims_backup`;","timestamp":"2026-03-10 09:16:41.298","type":"database"}
{"environment":"development","level":"debug","message":"SQL Query","service":"kanyr-backend","sql":"Executing (default): PRAGMA INDEX_LIST(`lakcims`)","timestamp":"2026-03-10 09:16:41.314","type":"database"}
{"environment":"development","level":"debug","message":"SQL Query","service":"kanyr-backend","sql":"Executing (default): CREATE INDEX `lakcims_iranyitoszam` ON `lakcims` (`iranyitoszam`)","timestamp":"2026-03-10 09:16:41.321","type":"database"}
{"environment":"development","level":"debug","message":"SQL Query","service":"kanyr-backend","sql":"Executing (default): CREATE INDEX `lakcims_varos` ON `lakcims` (`varos`)","timestamp":"2026-03-10 09:16:41.332","type":"database"}
{"environment":"development","level":"debug","message":"SQL Query","service":"kanyr-backend","sql":"Executing (default): SELECT name FROM sqlite_master WHERE type='table' AND name='szulos';","timestamp":"2026-03-10 09:16:41.343","type":"database"}
{"environment":"development","level":"debug","message":"SQL Query","service":"kanyr-backend","sql":"Executing (default): PRAGMA TABLE_INFO(`szulos`);","timestamp":"2026-03-10 09:16:41.346","type":"database"}
{"environment":"development","level":"debug","message":"SQL Query","service":"kanyr-backend","sql":"Executing (default): PRAGMA foreign_key_list(`szulos`)","timestamp":"2026-03-10 09:16:41.346","type":"database"}
{"environment":"development","level":"debug","message":"SQL Query","service":"kanyr-backend","sql":"Executing (default): PRAGMA INDEX_LIST(`szulos`)","timestamp":"2026-03-10 09:16:41.349","type":"database"}
{"environment":"development","level":"debug","message":"SQL Query","service":"kanyr-backend","sql":"Executing (default): PRAGMA INDEX_INFO(`sqlite_autoindex_szulos_1`)","timestamp":"2026-03-10 09:16:41.351","type":"database"}
{"environment":"development","level":"debug","message":"SQL Query","service":"kanyr-backend","sql":"Executing (default): PRAGMA INDEX_INFO(`sqlite_autoindex_szulos_2`)","timestamp":"2026-03-10 09:16:41.352","type":"database"}
{"environment":"development","level":"debug","message":"SQL Query","service":"kanyr-backend","sql":"Executing (default): PRAGMA INDEX_INFO(`szulos_email`)","timestamp":"2026-03-10 09:16:41.352","type":"database"}
{"environment":"development","level":"debug","message":"SQL Query","service":"kanyr-backend","sql":"Executing (default): PRAGMA INDEX_INFO(`szulos_cim_id`)","timestamp":"2026-03-10 09:16:41.352","type":"database"}
{"environment":"development","level":"debug","message":"SQL Query","service":"kanyr-backend","sql":"Executing (default): PRAGMA INDEX_INFO(`szulos_szemelyi_igazolvany_szam`)","timestamp":"2026-03-10 09:16:41.352","type":"database"}
{"environment":"development","level":"debug","message":"SQL Query","service":"kanyr-backend","sql":"Executing (default): PRAGMA foreign_key_list(`szulos`)","timestamp":"2026-03-10 09:16:41.357","type":"database"}
{"environment":"development","level":"debug","message":"SQL Query","service":"kanyr-backend","sql":"Executing (default): PRAGMA TABLE_INFO(`szulos`);","timestamp":"2026-03-10 09:16:41.360","type":"database"}
{"environment":"development","level":"debug","message":"SQL Query","service":"kanyr-backend","sql":"Executing (default): PRAGMA INDEX_LIST(`szulos`)","timestamp":"2026-03-10 09:16:41.362","type":"database"}
{"environment":"development","level":"debug","message":"SQL Query","service":"kanyr-backend","sql":"Executing (default): PRAGMA INDEX_INFO(`sqlite_autoindex_szulos_1`)","timestamp":"2026-03-10 09:16:41.363","type":"database"}
{"environment":"development","level":"debug","message":"SQL Query","service":"kanyr-backend","sql":"Executing (default): PRAGMA INDEX_INFO(`sqlite_autoindex_szulos_2`)","timestamp":"2026-03-10 09:16:41.363","type":"database"}
{"environment":"development","level":"debug","message":"SQL Query","service":"kanyr-backend","sql":"Executing (default): PRAGMA INDEX_INFO(`szulos_email`)","timestamp":"2026-03-10 09:16:41.364","type":"database"}
{"environment":"development","level":"debug","message":"SQL Query","service":"kanyr-backend","sql":"Executing (default): PRAGMA INDEX_INFO(`szulos_cim_id`)","timestamp":"2026-03-10 09:16:41.364","type":"database"}
{"environment":"development","level":"debug","message":"SQL Query","service":"kanyr-backend","sql":"Executing (default): PRAGMA INDEX_INFO(`szulos_szemelyi_igazolvany_szam`)","timestamp":"2026-03-10 09:16:41.364","type":"database"}
{"environment":"development","level":"debug","message":"SQL Query","service":"kanyr-backend","sql":"Executing (default): PRAGMA foreign_key_list(`szulos`)","timestamp":"2026-03-10 09:16:41.412","type":"database"}
{"environment":"development","level":"debug","message":"SQL Query","service":"kanyr-backend","sql":"Executing (default): CREATE TABLE IF NOT EXISTS `szulos_backup` (`szulo_id` INTEGER PRIMARY KEY, `nev` VARCHAR(100) NOT NULL, `email` VARCHAR(100) NOT NULL UNIQUE, `telefonszam` VARCHAR(20) NOT NULL, `szemelyi_igazolvany_szam` VARCHAR(20) NOT NULL UNIQUE, `cim_id` INTEGER NOT NULL REFERENCES `lakcims` (`cim_id`), `created_at` DATETIME NOT NULL, `updated_at` DATETIME NOT NULL);","timestamp":"2026-03-10 09:16:41.428","type":"database"}
{"environment":"development","level":"debug","message":"SQL Query","service":"kanyr-backend","sql":"Executing (default): INSERT INTO `szulos_backup` SELECT `szulo_id`, `nev`, `email`, `telefonszam`, `szemelyi_igazolvany_szam`, `cim_id`, `created_at`, `updated_at` FROM `szulos`;","timestamp":"2026-03-10 09:16:41.465","type":"database"}
{"environment":"development","level":"debug","message":"SQL Query","service":"kanyr-backend","sql":"Executing (default): DROP TABLE `szulos`;","timestamp":"2026-03-10 09:16:41.478","type":"database"}
{"environment":"development","level":"debug","message":"SQL Query","service":"kanyr-backend","sql":"Executing (default): CREATE TABLE IF NOT EXISTS `szulos` (`szulo_id` INTEGER PRIMARY KEY, `nev` VARCHAR(100) NOT NULL, `email` VARCHAR(100) NOT NULL UNIQUE, `telefonszam` VARCHAR(20) NOT NULL, `szemelyi_igazolvany_szam` VARCHAR(20) NOT NULL UNIQUE, `cim_id` INTEGER NOT NULL REFERENCES `lakcims` (`cim_id`), `created_at` DATETIME NOT NULL, `updated_at` DATETIME NOT NULL);","timestamp":"2026-03-10 09:16:41.501","type":"database"}
{"environment":"development","level":"debug","message":"SQL Query","service":"kanyr-backend","sql":"Executing (default): INSERT INTO `szulos` SELECT `szulo_id`, `nev`, `email`, `telefonszam`, `szemelyi_igazolvany_szam`, `cim_id`, `created_at`, `updated_at` FROM `szulos_backup`;","timestamp":"2026-03-10 09:16:41.536","type":"database"}
{"environment":"development","level":"debug","message":"SQL Query","service":"kanyr-backend","sql":"Executing (default): DROP TABLE `szulos_backup`;","timestamp":"2026-03-10 09:16:41.559","type":"database"}
{"environment":"development","level":"debug","message":"SQL Query","service":"kanyr-backend","sql":"Executing (default): PRAGMA TABLE_INFO(`szulos`);","timestamp":"2026-03-10 09:16:41.595","type":"database"}
{"environment":"development","level":"debug","message":"SQL Query","service":"kanyr-backend","sql":"Executing (default): PRAGMA INDEX_LIST(`szulos`)","timestamp":"2026-03-10 09:16:41.643","type":"database"}
{"environment":"development","level":"debug","message":"SQL Query","service":"kanyr-backend","sql":"Executing (default): PRAGMA INDEX_INFO(`sqlite_autoindex_szulos_1`)","timestamp":"2026-03-10 09:16:41.681","type":"database"}
{"environment":"development","level":"debug","message":"SQL Query","service":"kanyr-backend","sql":"Executing (default): PRAGMA INDEX_INFO(`sqlite_autoindex_szulos_2`)","timestamp":"2026-03-10 09:16:41.682","type":"database"}
{"environment":"development","level":"debug","message":"SQL Query","service":"kanyr-backend","sql":"Executing (default): PRAGMA foreign_key_list(`szulos`)","timestamp":"2026-03-10 09:16:41.703","type":"database"}
{"environment":"development","level":"debug","message":"SQL Query","service":"kanyr-backend","sql":"Executing (default): CREATE TABLE IF NOT EXISTS `szulos_backup` (`szulo_id` INTEGER PRIMARY KEY, `nev` VARCHAR(100) NOT NULL, `email` VARCHAR(100) NOT NULL UNIQUE, `telefonszam` VARCHAR(20) NOT NULL, `szemelyi_igazolvany_szam` VARCHAR(20) NOT NULL UNIQUE, `cim_id` INTEGER NOT NULL REFERENCES `lakcims` (`cim_id`), `created_at` DATETIME NOT NULL, `updated_at` DATETIME NOT NULL);","timestamp":"2026-03-10 09:16:41.708","type":"database"}
{"environment":"development","level":"debug","message":"SQL Query","service":"kanyr-backend","sql":"Executing (default): INSERT INTO `szulos_backup` SELECT `szulo_id`, `nev`, `email`, `telefonszam`, `szemelyi_igazolvany_szam`, `cim_id`, `created_at`, `updated_at` FROM `szulos`;","timestamp":"2026-03-10 09:16:41.740","type":"database"}
{"environment":"development","level":"debug","message":"SQL Query","service":"kanyr-backend","sql":"Executing (default): DROP TABLE `szulos`;","timestamp":"2026-03-10 09:16:41.761","type":"database"}
{"environment":"development","level":"debug","message":"SQL Query","service":"kanyr-backend","sql":"Executing (default): CREATE TABLE IF NOT EXISTS `szulos` (`szulo_id` INTEGER PRIMARY KEY, `nev` VARCHAR(100) NOT NULL, `email` VARCHAR(100) NOT NULL UNIQUE, `telefonszam` VARCHAR(20) NOT NULL, `szemelyi_igazolvany_szam` VARCHAR(20) NOT NULL UNIQUE, `cim_id` INTEGER NOT NULL REFERENCES `lakcims` (`cim_id`), `created_at` DATETIME NOT NULL, `updated_at` DATETIME NOT NULL);","timestamp":"2026-03-10 09:16:41.778","type":"database"}
{"environment":"development","level":"debug","message":"SQL Query","service":"kanyr-backend","sql":"Executing (default): INSERT INTO `szulos` SELECT `szulo_id`, `nev`, `email`, `telefonszam`, `szemelyi_igazolvany_szam`, `cim_id`, `created_at`, `updated_at` FROM `szulos_backup`;","timestamp":"2026-03-10 09:16:41.812","type":"database"}
{"environment":"development","level":"debug","message":"SQL Query","service":"kanyr-backend","sql":"Executing (default): DROP TABLE `szulos_backup`;","timestamp":"2026-03-10 09:16:41.819","type":"database"}
{"environment":"development","level":"debug","message":"SQL Query","service":"kanyr-backend","sql":"Executing (default): PRAGMA TABLE_INFO(`szulos`);","timestamp":"2026-03-10 09:16:41.838","type":"database"}
{"environment":"development","level":"debug","message":"SQL Query","service":"kanyr-backend","sql":"Executing (default): PRAGMA INDEX_LIST(`szulos`)","timestamp":"2026-03-10 09:16:41.842","type":"database"}
{"environment":"development","level":"debug","message":"SQL Query","service":"kanyr-backend","sql":"Executing (default): PRAGMA INDEX_INFO(`sqlite_autoindex_szulos_1`)","timestamp":"2026-03-10 09:16:41.845","type":"database"}
{"environment":"development","level":"debug","message":"SQL Query","service":"kanyr-backend","sql":"Executing (default): PRAGMA INDEX_INFO(`sqlite_autoindex_szulos_2`)","timestamp":"2026-03-10 09:16:41.848","type":"database"}
{"environment":"development","level":"debug","message":"SQL Query","service":"kanyr-backend","sql":"Executing (default): PRAGMA foreign_key_list(`szulos`)","timestamp":"2026-03-10 09:16:41.853","type":"database"}
{"environment":"development","level":"debug","message":"SQL Query","service":"kanyr-backend","sql":"Executing (default): CREATE TABLE IF NOT EXISTS `szulos_backup` (`szulo_id` INTEGER PRIMARY KEY, `nev` VARCHAR(100) NOT NULL, `email` VARCHAR(100) NOT NULL UNIQUE, `telefonszam` VARCHAR(20) NOT NULL, `szemelyi_igazolvany_szam` VARCHAR(20) NOT NULL UNIQUE, `cim_id` INTEGER NOT NULL REFERENCES `lakcims` (`cim_id`), `created_at` DATETIME NOT NULL, `updated_at` DATETIME NOT NULL);","timestamp":"2026-03-10 09:16:41.857","type":"database"}
{"environment":"development","level":"debug","message":"SQL Query","service":"kanyr-backend","sql":"Executing (default): INSERT INTO `szulos_backup` SELECT `szulo_id`, `nev`, `email`, `telefonszam`, `szemelyi_igazolvany_szam`, `cim_id`, `created_at`, `updated_at` FROM `szulos`;","timestamp":"2026-03-10 09:16:41.868","type":"database"}
{"environment":"development","level":"debug","message":"SQL Query","service":"kanyr-backend","sql":"Executing (default): DROP TABLE `szulos`;","timestamp":"2026-03-10 09:16:41.874","type":"database"}
{"environment":"development","level":"debug","message":"SQL Query","service":"kanyr-backend","sql":"Executing (default): CREATE TABLE IF NOT EXISTS `szulos` (`szulo_id` INTEGER PRIMARY KEY, `nev` VARCHAR(100) NOT NULL, `email` VARCHAR(100) NOT NULL UNIQUE, `telefonszam` VARCHAR(20) NOT NULL, `szemelyi_igazolvany_szam` VARCHAR(20) NOT NULL UNIQUE, `cim_id` INTEGER NOT NULL REFERENCES `lakcims` (`cim_id`), `created_at` DATETIME NOT NULL, `updated_at` DATETIME NOT NULL);","timestamp":"2026-03-10 09:16:41.886","type":"database"}
{"environment":"development","level":"debug","message":"SQL Query","service":"kanyr-backend","sql":"Executing (default): INSERT INTO `szulos` SELECT `szulo_id`, `nev`, `email`, `telefonszam`, `szemelyi_igazolvany_szam`, `cim_id`, `created_at`, `updated_at` FROM `szulos_backup`;","timestamp":"2026-03-10 09:16:41.910","type":"database"}
{"environment":"development","level":"debug","message":"SQL Query","service":"kanyr-backend","sql":"Executing (default): DROP TABLE `szulos_backup`;","timestamp":"2026-03-10 09:16:41.915","type":"database"}
{"environment":"development","level":"debug","message":"SQL Query","service":"kanyr-backend","sql":"Executing (default): PRAGMA TABLE_INFO(`szulos`);","timestamp":"2026-03-10 09:16:41.934","type":"database"}
{"environment":"development","level":"debug","message":"SQL Query","service":"kanyr-backend","sql":"Executing (default): PRAGMA INDEX_LIST(`szulos`)","timestamp":"2026-03-10 09:16:41.941","type":"database"}
{"environment":"development","level":"debug","message":"SQL Query","service":"kanyr-backend","sql":"Executing (default): PRAGMA INDEX_INFO(`sqlite_autoindex_szulos_1`)","timestamp":"2026-03-10 09:16:41.947","type":"database"}
{"environment":"development","level":"debug","message":"SQL Query","service":"kanyr-backend","sql":"Executing (default): PRAGMA INDEX_INFO(`sqlite_autoindex_szulos_2`)","timestamp":"2026-03-10 09:16:41.953","type":"database"}
{"environment":"development","level":"debug","message":"SQL Query","service":"kanyr-backend","sql":"Executing (default): PRAGMA foreign_key_list(`szulos`)","timestamp":"2026-03-10 09:16:41.963","type":"database"}
{"environment":"development","level":"debug","message":"SQL Query","service":"kanyr-backend","sql":"Executing (default): CREATE TABLE IF NOT EXISTS `szulos_backup` (`szulo_id` INTEGER PRIMARY KEY, `nev` VARCHAR(100) NOT NULL, `email` VARCHAR(100) NOT NULL UNIQUE, `telefonszam` VARCHAR(20) NOT NULL, `szemelyi_igazolvany_szam` VARCHAR(20) NOT NULL UNIQUE, `cim_id` INTEGER NOT NULL REFERENCES `lakcims` (`cim_id`), `created_at` DATETIME NOT NULL, `updated_at` DATETIME NOT NULL);","timestamp":"2026-03-10 09:16:41.967","type":"database"}
{"environment":"development","level":"debug","message":"SQL Query","service":"kanyr-backend","sql":"Executing (default): INSERT INTO `szulos_backup` SELECT `szulo_id`, `nev`, `email`, `telefonszam`, `szemelyi_igazolvany_szam`, `cim_id`, `created_at`, `updated_at` FROM `szulos`;","timestamp":"2026-03-10 09:16:41.979","type":"database"}
{"environment":"development","level":"debug","message":"SQL Query","service":"kanyr-backend","sql":"Executing (default): DROP TABLE `szulos`;","timestamp":"2026-03-10 09:16:41.981","type":"database"}
{"environment":"development","level":"debug","message":"SQL Query","service":"kanyr-backend","sql":"Executing (default): CREATE TABLE IF NOT EXISTS `szulos` (`szulo_id` INTEGER PRIMARY KEY, `nev` VARCHAR(100) NOT NULL, `email` VARCHAR(100) NOT NULL UNIQUE, `telefonszam` VARCHAR(20) NOT NULL, `szemelyi_igazolvany_szam` VARCHAR(20) NOT NULL UNIQUE, `cim_id` INTEGER NOT NULL REFERENCES `lakcims` (`cim_id`), `created_at` DATETIME NOT NULL, `updated_at` DATETIME NOT NULL);","timestamp":"2026-03-10 09:16:41.993","type":"database"}
{"environment":"development","level":"debug","message":"SQL Query","service":"kanyr-backend","sql":"Executing (default): INSERT INTO `szulos` SELECT `szulo_id`, `nev`, `email`, `telefonszam`, `szemelyi_igazolvany_szam`, `cim_id`, `created_at`, `updated_at` FROM `szulos_backup`;","timestamp":"2026-03-10 09:16:42.003","type":"database"}
{"environment":"development","level":"debug","message":"SQL Query","service":"kanyr-backend","sql":"Executing (default): DROP TABLE `szulos_backup`;","timestamp":"2026-03-10 09:16:42.011","type":"database"}
{"environment":"development","level":"debug","message":"SQL Query","service":"kanyr-backend","sql":"Executing (default): PRAGMA TABLE_INFO(`szulos`);","timestamp":"2026-03-10 09:16:42.020","type":"database"}
{"environment":"development","level":"debug","message":"SQL Query","service":"kanyr-backend","sql":"Executing (default): PRAGMA INDEX_LIST(`szulos`)","timestamp":"2026-03-10 09:16:42.027","type":"database"}
{"environment":"development","level":"debug","message":"SQL Query","service":"kanyr-backend","sql":"Executing (default): PRAGMA INDEX_INFO(`sqlite_autoindex_szulos_1`)","timestamp":"2026-03-10 09:16:42.045","type":"database"}
{"environment":"development","level":"debug","message":"SQL Query","service":"kanyr-backend","sql":"Executing (default): PRAGMA INDEX_INFO(`sqlite_autoindex_szulos_2`)","timestamp":"2026-03-10 09:16:42.047","type":"database"}
{"environment":"development","level":"debug","message":"SQL Query","service":"kanyr-backend","sql":"Executing (default): PRAGMA foreign_key_list(`szulos`)","timestamp":"2026-03-10 09:16:42.050","type":"database"}
{"environment":"development","level":"debug","message":"SQL Query","service":"kanyr-backend","sql":"Executing (default): CREATE TABLE IF NOT EXISTS `szulos_backup` (`szulo_id` INTEGER PRIMARY KEY, `nev` VARCHAR(100) NOT NULL, `email` VARCHAR(100) NOT NULL UNIQUE, `telefonszam` VARCHAR(20) NOT NULL, `szemelyi_igazolvany_szam` VARCHAR(20) NOT NULL UNIQUE, `cim_id` INTEGER NOT NULL REFERENCES `lakcims` (`cim_id`) ON DELETE CASCADE ON UPDATE CASCADE, `created_at` DATETIME NOT NULL, `updated_at` DATETIME NOT NULL);","timestamp":"2026-03-10 09:16:42.060","type":"database"}
{"environment":"development","level":"debug","message":"SQL Query","service":"kanyr-backend","sql":"Executing (default): INSERT INTO `szulos_backup` SELECT `szulo_id`, `nev`, `email`, `telefonszam`, `szemelyi_igazolvany_szam`, `cim_id`, `created_at`, `updated_at` FROM `szulos`;","timestamp":"2026-03-10 09:16:42.069","type":"database"}
{"environment":"development","level":"debug","message":"SQL Query","service":"kanyr-backend","sql":"Executing (default): DROP TABLE `szulos`;","timestamp":"2026-03-10 09:16:42.070","type":"database"}
{"environment":"development","level":"debug","message":"SQL Query","service":"kanyr-backend","sql":"Executing (default): CREATE TABLE IF NOT EXISTS `szulos` (`szulo_id` INTEGER PRIMARY KEY, `nev` VARCHAR(100) NOT NULL, `email` VARCHAR(100) NOT NULL UNIQUE, `telefonszam` VARCHAR(20) NOT NULL, `szemelyi_igazolvany_szam` VARCHAR(20) NOT NULL UNIQUE, `cim_id` INTEGER NOT NULL REFERENCES `lakcims` (`cim_id`) ON DELETE CASCADE ON UPDATE CASCADE, `created_at` DATETIME NOT NULL, `updated_at` DATETIME NOT NULL);","timestamp":"2026-03-10 09:16:42.080","type":"database"}
{"environment":"development","level":"debug","message":"SQL Query","service":"kanyr-backend","sql":"Executing (default): INSERT INTO `szulos` SELECT `szulo_id`, `nev`, `email`, `telefonszam`, `szemelyi_igazolvany_szam`, `cim_id`, `created_at`, `updated_at` FROM `szulos_backup`;","timestamp":"2026-03-10 09:16:42.090","type":"database"}
{"environment":"development","level":"debug","message":"SQL Query","service":"kanyr-backend","sql":"Executing (default): DROP TABLE `szulos_backup`;","timestamp":"2026-03-10 09:16:42.095","type":"database"}
{"environment":"development","level":"debug","message":"SQL Query","service":"kanyr-backend","sql":"Executing (default): PRAGMA TABLE_INFO(`szulos`);","timestamp":"2026-03-10 09:16:42.104","type":"database"}
{"environment":"development","level":"debug","message":"SQL Query","service":"kanyr-backend","sql":"Executing (default): PRAGMA INDEX_LIST(`szulos`)","timestamp":"2026-03-10 09:16:42.111","type":"database"}
{"environment":"development","level":"debug","message":"SQL Query","service":"kanyr-backend","sql":"Executing (default): PRAGMA INDEX_INFO(`sqlite_autoindex_szulos_1`)","timestamp":"2026-03-10 09:16:42.115","type":"database"}
{"environment":"development","level":"debug","message":"SQL Query","service":"kanyr-backend","sql":"Executing (default): PRAGMA INDEX_INFO(`sqlite_autoindex_szulos_2`)","timestamp":"2026-03-10 09:16:42.115","type":"database"}
{"environment":"development","level":"debug","message":"SQL Query","service":"kanyr-backend","sql":"Executing (default): PRAGMA foreign_key_list(`szulos`)","timestamp":"2026-03-10 09:16:42.119","type":"database"}
{"environment":"development","level":"debug","message":"SQL Query","service":"kanyr-backend","sql":"Executing (default): CREATE TABLE IF NOT EXISTS `szulos_backup` (`szulo_id` INTEGER PRIMARY KEY, `nev` VARCHAR(100) NOT NULL, `email` VARCHAR(100) NOT NULL UNIQUE, `telefonszam` VARCHAR(20) NOT NULL, `szemelyi_igazolvany_szam` VARCHAR(20) NOT NULL UNIQUE, `cim_id` INTEGER NOT NULL REFERENCES `lakcims` (`cim_id`), `created_at` DATETIME NOT NULL, `updated_at` DATETIME NOT NULL);","timestamp":"2026-03-10 09:16:42.121","type":"database"}
{"environment":"development","level":"debug","message":"SQL Query","service":"kanyr-backend","sql":"Executing (default): INSERT INTO `szulos_backup` SELECT `szulo_id`, `nev`, `email`, `telefonszam`, `szemelyi_igazolvany_szam`, `cim_id`, `created_at`, `updated_at` FROM `szulos`;","timestamp":"2026-03-10 09:16:42.133","type":"database"}
{"environment":"development","level":"debug","message":"SQL Query","service":"kanyr-backend","sql":"Executing (default): DROP TABLE `szulos`;","timestamp":"2026-03-10 09:16:42.137","type":"database"}
{"environment":"development","level":"debug","message":"SQL Query","service":"kanyr-backend","sql":"Executing (default): CREATE TABLE IF NOT EXISTS `szulos` (`szulo_id` INTEGER PRIMARY KEY, `nev` VARCHAR(100) NOT NULL, `email` VARCHAR(100) NOT NULL UNIQUE, `telefonszam` VARCHAR(20) NOT NULL, `szemelyi_igazolvany_szam` VARCHAR(20) NOT NULL UNIQUE, `cim_id` INTEGER NOT NULL REFERENCES `lakcims` (`cim_id`), `created_at` DATETIME NOT NULL, `updated_at` DATETIME NOT NULL);","timestamp":"2026-03-10 09:16:42.148","type":"database"}
{"environment":"development","level":"debug","message":"SQL Query","service":"kanyr-backend","sql":"Executing (default): INSERT INTO `szulos` SELECT `szulo_id`, `nev`, `email`, `telefonszam`, `szemelyi_igazolvany_szam`, `cim_id`, `created_at`, `updated_at` FROM `szulos_backup`;","timestamp":"2026-03-10 09:16:42.166","type":"database"}
{"environment":"development","level":"debug","message":"SQL Query","service":"kanyr-backend","sql":"Executing (default): DROP TABLE `szulos_backup`;","timestamp":"2026-03-10 09:16:42.169","type":"database"}
{"environment":"development","level":"debug","message":"SQL Query","service":"kanyr-backend","sql":"Executing (default): PRAGMA TABLE_INFO(`szulos`);","timestamp":"2026-03-10 09:16:42.181","type":"database"}
{"environment":"development","level":"debug","message":"SQL Query","service":"kanyr-backend","sql":"Executing (default): PRAGMA INDEX_LIST(`szulos`)","timestamp":"2026-03-10 09:16:42.182","type":"database"}
{"environment":"development","level":"debug","message":"SQL Query","service":"kanyr-backend","sql":"Executing (default): PRAGMA INDEX_INFO(`sqlite_autoindex_szulos_1`)","timestamp":"2026-03-10 09:16:42.183","type":"database"}
{"environment":"development","level":"debug","message":"SQL Query","service":"kanyr-backend","sql":"Executing (default): PRAGMA INDEX_INFO(`sqlite_autoindex_szulos_2`)","timestamp":"2026-03-10 09:16:42.183","type":"database"}
{"environment":"development","level":"debug","message":"SQL Query","service":"kanyr-backend","sql":"Executing (default): PRAGMA foreign_key_list(`szulos`)","timestamp":"2026-03-10 09:16:42.185","type":"database"}
{"environment":"development","level":"debug","message":"SQL Query","service":"kanyr-backend","sql":"Executing (default): CREATE TABLE IF NOT EXISTS `szulos_backup` (`szulo_id` INTEGER PRIMARY KEY, `nev` VARCHAR(100) NOT NULL, `email` VARCHAR(100) NOT NULL UNIQUE, `telefonszam` VARCHAR(20) NOT NULL, `szemelyi_igazolvany_szam` VARCHAR(20) NOT NULL UNIQUE, `cim_id` INTEGER NOT NULL REFERENCES `lakcims` (`cim_id`), `created_at` DATETIME NOT NULL, `updated_at` DATETIME NOT NULL);","timestamp":"2026-03-10 09:16:42.186","type":"database"}
{"environment":"development","level":"debug","message":"SQL Query","service":"kanyr-backend","sql":"Executing (default): INSERT INTO `szulos_backup` SELECT `szulo_id`, `nev`, `email`, `telefonszam`, `szemelyi_igazolvany_szam`, `cim_id`, `created_at`, `updated_at` FROM `szulos`;","timestamp":"2026-03-10 09:16:42.193","type":"database"}
{"environment":"development","level":"debug","message":"SQL Query","service":"kanyr-backend","sql":"Executing (default): DROP TABLE `szulos`;","timestamp":"2026-03-10 09:16:42.194","type":"database"}
{"environment":"development","level":"debug","message":"SQL Query","service":"kanyr-backend","sql":"Executing (default): CREATE TABLE IF NOT EXISTS `szulos` (`szulo_id` INTEGER PRIMARY KEY, `nev` VARCHAR(100) NOT NULL, `email` VARCHAR(100) NOT NULL UNIQUE, `telefonszam` VARCHAR(20) NOT NULL, `szemelyi_igazolvany_szam` VARCHAR(20) NOT NULL UNIQUE, `cim_id` INTEGER NOT NULL REFERENCES `lakcims` (`cim_id`), `created_at` DATETIME NOT NULL, `updated_at` DATETIME NOT NULL);","timestamp":"2026-03-10 09:16:42.202","type":"database"}
{"environment":"development","level":"debug","message":"SQL Query","service":"kanyr-backend","sql":"Executing (default): INSERT INTO `szulos` SELECT `szulo_id`, `nev`, `email`, `telefonszam`, `szemelyi_igazolvany_szam`, `cim_id`, `created_at`, `updated_at` FROM `szulos_backup`;","timestamp":"2026-03-10 09:16:42.215","type":"database"}
{"environment":"development","level":"debug","message":"SQL Query","service":"kanyr-backend","sql":"Executing (default): DROP TABLE `szulos_backup`;","timestamp":"2026-03-10 09:16:42.219","type":"database"}
{"environment":"development","level":"debug","message":"SQL Query","service":"kanyr-backend","sql":"Executing (default): PRAGMA INDEX_LIST(`szulos`)","timestamp":"2026-03-10 09:16:42.230","type":"database"}
{"environment":"development","level":"debug","message":"SQL Query","service":"kanyr-backend","sql":"Executing (default): PRAGMA INDEX_INFO(`sqlite_autoindex_szulos_1`)","timestamp":"2026-03-10 09:16:42.232","type":"database"}
{"environment":"development","level":"debug","message":"SQL Query","service":"kanyr-backend","sql":"Executing (default): PRAGMA INDEX_INFO(`sqlite_autoindex_szulos_2`)","timestamp":"2026-03-10 09:16:42.234","type":"database"}
{"environment":"development","level":"debug","message":"SQL Query","service":"kanyr-backend","sql":"Executing (default): CREATE UNIQUE INDEX `szulos_email` ON `szulos` (`email`)","timestamp":"2026-03-10 09:16:42.236","type":"database"}
{"environment":"development","level":"debug","message":"SQL Query","service":"kanyr-backend","sql":"Executing (default): CREATE INDEX `szulos_cim_id` ON `szulos` (`cim_id`)","timestamp":"2026-03-10 09:16:42.254","type":"database"}
{"environment":"development","level":"debug","message":"SQL Query","service":"kanyr-backend","sql":"Executing (default): CREATE UNIQUE INDEX `szulos_szemelyi_igazolvany_szam` ON `szulos` (`szemelyi_igazolvany_szam`)","timestamp":"2026-03-10 09:16:42.278","type":"database"}
{"environment":"development","level":"debug","message":"SQL Query","service":"kanyr-backend","sql":"Executing (default): SELECT name FROM sqlite_master WHERE type='table' AND name='diaks';","timestamp":"2026-03-10 09:16:42.292","type":"database"}
{"environment":"development","level":"debug","message":"SQL Query","service":"kanyr-backend","sql":"Executing (default): PRAGMA TABLE_INFO(`diaks`);","timestamp":"2026-03-10 09:16:42.294","type":"database"}
{"environment":"development","level":"debug","message":"SQL Query","service":"kanyr-backend","sql":"Executing (default): PRAGMA foreign_key_list(`diaks`)","timestamp":"2026-03-10 09:16:42.294","type":"database"}
{"environment":"development","level":"debug","message":"SQL Query","service":"kanyr-backend","sql":"Executing (default): PRAGMA INDEX_LIST(`diaks`)","timestamp":"2026-03-10 09:16:42.296","type":"database"}
{"environment":"development","level":"debug","message":"SQL Query","service":"kanyr-backend","sql":"Executing (default): PRAGMA INDEX_INFO(`sqlite_autoindex_diaks_1`)","timestamp":"2026-03-10 09:16:42.299","type":"database"}
{"environment":"development","level":"debug","message":"SQL Query","service":"kanyr-backend","sql":"Executing (default): PRAGMA INDEX_INFO(`sqlite_autoindex_diaks_2`)","timestamp":"2026-03-10 09:16:42.301","type":"database"}
{"environment":"development","level":"debug","message":"SQL Query","service":"kanyr-backend","sql":"Executing (default): PRAGMA INDEX_INFO(`sqlite_autoindex_diaks_3`)","timestamp":"2026-03-10 09:16:42.302","type":"database"}
{"environment":"development","level":"debug","message":"SQL Query","service":"kanyr-backend","sql":"Executing (default): PRAGMA INDEX_INFO(`sqlite_autoindex_diaks_4`)","timestamp":"2026-03-10 09:16:42.304","type":"database"}
{"environment":"development","level":"debug","message":"SQL Query","service":"kanyr-backend","sql":"Executing (default): PRAGMA INDEX_INFO(`diaks_email`)","timestamp":"2026-03-10 09:16:42.304","type":"database"}
{"environment":"development","level":"debug","message":"SQL Query","service":"kanyr-backend","sql":"Executing (default): PRAGMA INDEX_INFO(`diaks_szulo_id`)","timestamp":"2026-03-10 09:16:42.305","type":"database"}
{"environment":"development","level":"debug","message":"SQL Query","service":"kanyr-backend","sql":"Executing (default): PRAGMA INDEX_INFO(`diaks_cim_id`)","timestamp":"2026-03-10 09:16:42.305","type":"database"}
{"environment":"development","level":"debug","message":"SQL Query","service":"kanyr-backend","sql":"Executing (default): PRAGMA INDEX_INFO(`diaks_nev`)","timestamp":"2026-03-10 09:16:42.307","type":"database"}
{"environment":"development","level":"debug","message":"SQL Query","service":"kanyr-backend","sql":"Executing (default): PRAGMA INDEX_INFO(`diaks_szemelyi_igazolvany_szam`)","timestamp":"2026-03-10 09:16:42.307","type":"database"}
{"environment":"development","level":"debug","message":"SQL Query","service":"kanyr-backend","sql":"Executing (default): PRAGMA INDEX_INFO(`diaks_taj_szam`)","timestamp":"2026-03-10 09:16:42.309","type":"database"}
{"environment":"development","level":"debug","message":"SQL Query","service":"kanyr-backend","sql":"Executing (default): PRAGMA INDEX_INFO(`diaks_diakigazolvany_szam`)","timestamp":"2026-03-10 09:16:42.310","type":"database"}
{"environment":"development","level":"debug","message":"SQL Query","service":"kanyr-backend","sql":"Executing (default): PRAGMA foreign_key_list(`diaks`)","timestamp":"2026-03-10 09:16:42.324","type":"database"}
{"environment":"development","level":"debug","message":"SQL Query","service":"kanyr-backend","sql":"Executing (default): PRAGMA TABLE_INFO(`diaks`);","timestamp":"2026-03-10 09:16:42.326","type":"database"}
{"environment":"development","level":"debug","message":"SQL Query","service":"kanyr-backend","sql":"Executing (default): PRAGMA INDEX_LIST(`diaks`)","timestamp":"2026-03-10 09:16:42.327","type":"database"}
{"environment":"development","level":"debug","message":"SQL Query","service":"kanyr-backend","sql":"Executing (default): PRAGMA INDEX_INFO(`sqlite_autoindex_diaks_1`)","timestamp":"2026-03-10 09:16:42.328","type":"database"}
{"environment":"development","level":"debug","message":"SQL Query","service":"kanyr-backend","sql":"Executing (default): PRAGMA INDEX_INFO(`sqlite_autoindex_diaks_2`)","timestamp":"2026-03-10 09:16:42.328","type":"database"}
{"environment":"development","level":"debug","message":"SQL Query","service":"kanyr-backend","sql":"Executing (default): PRAGMA INDEX_INFO(`sqlite_autoindex_diaks_3`)","timestamp":"2026-03-10 09:16:42.329","type":"database"}
{"environment":"development","level":"debug","message":"SQL Query","service":"kanyr-backend","sql":"Executing (default): PRAGMA INDEX_INFO(`sqlite_autoindex_diaks_4`)","timestamp":"2026-03-10 09:16:42.329","type":"database"}
{"environment":"development","level":"debug","message":"SQL Query","service":"kanyr-backend","sql":"Executing (default): PRAGMA INDEX_INFO(`diaks_email`)","timestamp":"2026-03-10 09:16:42.330","type":"database"}
{"environment":"development","level":"debug","message":"SQL Query","service":"kanyr-backend","sql":"Executing (default): PRAGMA INDEX_INFO(`diaks_szulo_id`)","timestamp":"2026-03-10 09:16:42.330","type":"database"}
{"environment":"development","level":"debug","message":"SQL Query","service":"kanyr-backend","sql":"Executing (default): PRAGMA INDEX_INFO(`diaks_cim_id`)","timestamp":"2026-03-10 09:16:42.331","type":"database"}
{"environment":"development","level":"debug","message":"SQL Query","service":"kanyr-backend","sql":"Executing (default): PRAGMA INDEX_INFO(`diaks_nev`)","timestamp":"2026-03-10 09:16:42.332","type":"database"}
{"environment":"development","level":"debug","message":"SQL Query","service":"kanyr-backend","sql":"Executing (default): PRAGMA INDEX_INFO(`diaks_szemelyi_igazolvany_szam`)","timestamp":"2026-03-10 09:16:42.332","type":"database"}
{"environment":"development","level":"debug","message":"SQL Query","service":"kanyr-backend","sql":"Executing (default): PRAGMA INDEX_INFO(`diaks_taj_szam`)","timestamp":"2026-03-10 09:16:42.332","type":"database"}
{"environment":"development","level":"debug","message":"SQL Query","service":"kanyr-backend","sql":"Executing (default): PRAGMA INDEX_INFO(`diaks_diakigazolvany_szam`)","timestamp":"2026-03-10 09:16:42.333","type":"database"}
{"environment":"development","level":"debug","message":"SQL Query","service":"kanyr-backend","sql":"Executing (default): PRAGMA foreign_key_list(`diaks`)","timestamp":"2026-03-10 09:16:42.337","type":"database"}
{"environment":"development","level":"debug","message":"SQL Query","service":"kanyr-backend","sql":"Executing (default): CREATE TABLE IF NOT EXISTS `diaks_backup` (`diak_id` INTEGER PRIMARY KEY, `nev` VARCHAR(100) NOT NULL, `email` VARCHAR(100) NOT NULL UNIQUE, `telefonszam` VARCHAR(20) NOT NULL, `szuletesi_datum` DATE NOT NULL, `szemelyi_igazolvany_szam` VARCHAR(20) NOT NULL UNIQUE, `taj_szam` VARCHAR(20) NOT NULL UNIQUE, `diakigazolvany_szam` VARCHAR(20) NOT NULL UNIQUE, `szulo_id` INTEGER REFERENCES `szulos` (`szulo_id`), `kapcsolat_tipusa` TEXT NOT NULL, `cim_id` INTEGER REFERENCES `lakcims` (`cim_id`), `nem` TEXT NOT NULL, `created_at` DATETIME NOT NULL, `updated_at` DATETIME NOT NULL);","timestamp":"2026-03-10 09:16:42.338","type":"database"}
{"environment":"development","level":"debug","message":"SQL Query","service":"kanyr-backend","sql":"Executing (default): INSERT INTO `diaks_backup` SELECT `diak_id`, `nev`, `email`, `telefonszam`, `szuletesi_datum`, `szemelyi_igazolvany_szam`, `taj_szam`, `diakigazolvany_szam`, `szulo_id`, `kapcsolat_tipusa`, `cim_id`, `nem`, `created_at`, `updated_at` FROM `diaks`;","timestamp":"2026-03-10 09:16:42.351","type":"database"}
{"environment":"development","level":"debug","message":"SQL Query","service":"kanyr-backend","sql":"Executing (default): DROP TABLE `diaks`;","timestamp":"2026-03-10 09:16:42.362","type":"database"}
{"environment":"development","error":"SQLITE_CONSTRAINT: FOREIGN KEY constraint failed","level":"error","message":"✗ Hiba a szerver indításakor","service":"kanyr-backend","stack":"Error\n    at Database.<anonymous> (c:\\Users\\SZ2\\Documents\\13.B\\Kanyr projekt\\KANYR\\backend\\node_modules\\sequelize\\lib\\dialects\\sqlite\\query.js:185:27)\n    at c:\\Users\\SZ2\\Documents\\13.B\\Kanyr projekt\\KANYR\\backend\\node_modules\\sequelize\\lib\\dialects\\sqlite\\query.js:183:50\n    at new Promise (<anonymous>)\n    at Query.run (c:\\Users\\SZ2\\Documents\\13.B\\Kanyr projekt\\KANYR\\backend\\node_modules\\sequelize\\lib\\dialects\\sqlite\\query.js:183:12)\n    at c:\\Users\\SZ2\\Documents\\13.B\\Kanyr projekt\\KANYR\\backend\\node_modules\\sequelize\\lib\\sequelize.js:315:28\n    at async SQLiteQueryInterface.changeColumn (c:\\Users\\SZ2\\Documents\\13.B\\Kanyr projekt\\KANYR\\backend\\node_modules\\sequelize\\lib\\dialects\\sqlite\\query-interface.js:43:7)\n    at async Diak.sync (c:\\Users\\SZ2\\Documents\\13.B\\Kanyr projekt\\KANYR\\backend\\node_modules\\sequelize\\lib\\model.js:984:11)\n    at async Sequelize.sync (c:\\Users\\SZ2\\Documents\\13.B\\Kanyr projekt\\KANYR\\backend\\node_modules\\sequelize\\lib\\sequelize.js:377:9)\n    at async startServer (c:\\Users\\SZ2\\Documents\\13.B\\Kanyr projekt\\KANYR\\backend\\app.js:137:5)","timestamp":"2026-03-10 09:16:42.376"}
{"environment":"development","level":"debug","message":"SQL Query","service":"kanyr-backend","sql":"Executing (default): SELECT 1+1 AS result","timestamp":"2026-03-10 09:19:31.447","type":"database"}
{"environment":"development","level":"info","message":"✓ Sikeres adatbázis kapcsolat létrehozva","service":"kanyr-backend","timestamp":"2026-03-10 09:19:31.454"}
{"environment":"development","level":"debug","message":"SQL Query","service":"kanyr-backend","sql":"Executing (default): SELECT name FROM sqlite_master WHERE type='table' AND name='lakcims';","timestamp":"2026-03-10 09:19:31.463","type":"database"}
{"environment":"development","level":"debug","message":"SQL Query","service":"kanyr-backend","sql":"Executing (default): CREATE TABLE IF NOT EXISTS `lakcims` (`cim_id` INTEGER PRIMARY KEY AUTOINCREMENT, `orszag` VARCHAR(100) NOT NULL DEFAULT 'Magyarország', `iranyitoszam` VARCHAR(10) NOT NULL, `varos` VARCHAR(100) NOT NULL, `utca_hazszam` VARCHAR(200) NOT NULL, `created_at` DATETIME NOT NULL, `updated_at` DATETIME NOT NULL);","timestamp":"2026-03-10 09:19:31.467","type":"database"}
{"environment":"development","level":"debug","message":"SQL Query","service":"kanyr-backend","sql":"Executing (default): PRAGMA INDEX_LIST(`lakcims`)","timestamp":"2026-03-10 09:19:31.480","type":"database"}
{"environment":"development","level":"debug","message":"SQL Query","service":"kanyr-backend","sql":"Executing (default): CREATE INDEX `lakcims_iranyitoszam` ON `lakcims` (`iranyitoszam`)","timestamp":"2026-03-10 09:19:31.489","type":"database"}
{"environment":"development","level":"debug","message":"SQL Query","service":"kanyr-backend","sql":"Executing (default): CREATE INDEX `lakcims_varos` ON `lakcims` (`varos`)","timestamp":"2026-03-10 09:19:31.517","type":"database"}
{"environment":"development","level":"debug","message":"SQL Query","service":"kanyr-backend","sql":"Executing (default): SELECT name FROM sqlite_master WHERE type='table' AND name='szulos';","timestamp":"2026-03-10 09:19:31.533","type":"database"}
{"environment":"development","level":"debug","message":"SQL Query","service":"kanyr-backend","sql":"Executing (default): CREATE TABLE IF NOT EXISTS `szulos` (`szulo_id` INTEGER PRIMARY KEY AUTOINCREMENT, `nev` VARCHAR(100) NOT NULL, `email` VARCHAR(100) NOT NULL UNIQUE, `telefonszam` VARCHAR(20) NOT NULL, `szemelyi_igazolvany_szam` VARCHAR(20) NOT NULL UNIQUE, `cim_id` INTEGER NOT NULL REFERENCES `lakcims` (`cim_id`) ON DELETE CASCADE ON UPDATE CASCADE, `created_at` DATETIME NOT NULL, `updated_at` DATETIME NOT NULL);","timestamp":"2026-03-10 09:19:31.535","type":"database"}
{"environment":"development","level":"debug","message":"SQL Query","service":"kanyr-backend","sql":"Executing (default): PRAGMA INDEX_LIST(`szulos`)","timestamp":"2026-03-10 09:19:31.554","type":"database"}
{"environment":"development","level":"debug","message":"SQL Query","service":"kanyr-backend","sql":"Executing (default): PRAGMA INDEX_INFO(`sqlite_autoindex_szulos_1`)","timestamp":"2026-03-10 09:19:31.563","type":"database"}
{"environment":"development","level":"debug","message":"SQL Query","service":"kanyr-backend","sql":"Executing (default): PRAGMA INDEX_INFO(`sqlite_autoindex_szulos_2`)","timestamp":"2026-03-10 09:19:31.564","type":"database"}
{"environment":"development","level":"debug","message":"SQL Query","service":"kanyr-backend","sql":"Executing (default): CREATE UNIQUE INDEX `szulos_email` ON `szulos` (`email`)","timestamp":"2026-03-10 09:19:31.579","type":"database"}
{"environment":"development","level":"debug","message":"SQL Query","service":"kanyr-backend","sql":"Executing (default): CREATE INDEX `szulos_cim_id` ON `szulos` (`cim_id`)","timestamp":"2026-03-10 09:19:31.603","type":"database"}
{"environment":"development","level":"debug","message":"SQL Query","service":"kanyr-backend","sql":"Executing (default): CREATE UNIQUE INDEX `szulos_szemelyi_igazolvany_szam` ON `szulos` (`szemelyi_igazolvany_szam`)","timestamp":"2026-03-10 09:19:31.614","type":"database"}
{"environment":"development","level":"debug","message":"SQL Query","service":"kanyr-backend","sql":"Executing (default): SELECT name FROM sqlite_master WHERE type='table' AND name='diaks';","timestamp":"2026-03-10 09:19:31.623","type":"database"}
{"environment":"development","level":"debug","message":"SQL Query","service":"kanyr-backend","sql":"Executing (default): CREATE TABLE IF NOT EXISTS `diaks` (`diak_id` INTEGER PRIMARY KEY AUTOINCREMENT, `nev` VARCHAR(100) NOT NULL, `email` VARCHAR(100) NOT NULL UNIQUE, `telefonszam` VARCHAR(20) NOT NULL, `szuletesi_datum` DATE NOT NULL, `szemelyi_igazolvany_szam` VARCHAR(20) NOT NULL UNIQUE, `taj_szam` VARCHAR(20) NOT NULL UNIQUE, `diakigazolvany_szam` VARCHAR(20) NOT NULL UNIQUE, `szulo_id` INTEGER REFERENCES `szulos` (`szulo_id`) ON DELETE SET NULL ON UPDATE CASCADE, `kapcsolat_tipusa` TEXT NOT NULL, `cim_id` INTEGER REFERENCES `lakcims` (`cim_id`) ON DELETE SET NULL ON UPDATE CASCADE, `nem` TEXT NOT NULL, `created_at` DATETIME NOT NULL, `updated_at` DATETIME NOT NULL);","timestamp":"2026-03-10 09:19:31.625","type":"database"}
{"environment":"development","level":"debug","message":"SQL Query","service":"kanyr-backend","sql":"Executing (default): PRAGMA INDEX_LIST(`diaks`)","timestamp":"2026-03-10 09:19:31.636","type":"database"}
{"environment":"development","level":"debug","message":"SQL Query","service":"kanyr-backend","sql":"Executing (default): PRAGMA INDEX_INFO(`sqlite_autoindex_diaks_1`)","timestamp":"2026-03-10 09:19:31.637","type":"database"}
{"environment":"development","level":"debug","message":"SQL Query","service":"kanyr-backend","sql":"Executing (default): PRAGMA INDEX_INFO(`sqlite_autoindex_diaks_2`)","timestamp":"2026-03-10 09:19:31.638","type":"database"}
{"environment":"development","level":"debug","message":"SQL Query","service":"kanyr-backend","sql":"Executing (default): PRAGMA INDEX_INFO(`sqlite_autoindex_diaks_3`)","timestamp":"2026-03-10 09:19:31.638","type":"database"}
{"environment":"development","level":"debug","message":"SQL Query","service":"kanyr-backend","sql":"Executing (default): PRAGMA INDEX_INFO(`sqlite_autoindex_diaks_4`)","timestamp":"2026-03-10 09:19:31.638","type":"database"}
{"environment":"development","level":"debug","message":"SQL Query","service":"kanyr-backend","sql":"Executing (default): CREATE UNIQUE INDEX `diaks_email` ON `diaks` (`email`)","timestamp":"2026-03-10 09:19:31.640","type":"database"}
{"environment":"development","level":"debug","message":"SQL Query","service":"kanyr-backend","sql":"Executing (default): CREATE INDEX `diaks_szulo_id` ON `diaks` (`szulo_id`)","timestamp":"2026-03-10 09:19:31.652","type":"database"}
{"environment":"development","level":"debug","message":"SQL Query","service":"kanyr-backend","sql":"Executing (default): CREATE INDEX `diaks_cim_id` ON `diaks` (`cim_id`)","timestamp":"2026-03-10 09:19:31.665","type":"database"}
{"environment":"development","level":"debug","message":"SQL Query","service":"kanyr-backend","sql":"Executing (default): CREATE INDEX `diaks_nev` ON `diaks` (`nev`)","timestamp":"2026-03-10 09:19:31.694","type":"database"}
{"environment":"development","level":"debug","message":"SQL Query","service":"kanyr-backend","sql":"Executing (default): CREATE UNIQUE INDEX `diaks_szemelyi_igazolvany_szam` ON `diaks` (`szemelyi_igazolvany_szam`)","timestamp":"2026-03-10 09:19:31.711","type":"database"}
{"environment":"development","level":"debug","message":"SQL Query","service":"kanyr-backend","sql":"Executing (default): CREATE UNIQUE INDEX `diaks_taj_szam` ON `diaks` (`taj_szam`)","timestamp":"2026-03-10 09:19:31.739","type":"database"}
{"environment":"development","level":"debug","message":"SQL Query","service":"kanyr-backend","sql":"Executing (default): CREATE UNIQUE INDEX `diaks_diakigazolvany_szam` ON `diaks` (`diakigazolvany_szam`)","timestamp":"2026-03-10 09:19:31.769","type":"database"}
{"environment":"development","level":"debug","message":"SQL Query","service":"kanyr-backend","sql":"Executing (default): SELECT name FROM sqlite_master WHERE type='table' AND name='felhasznalos';","timestamp":"2026-03-10 09:19:31.813","type":"database"}
{"environment":"development","level":"debug","message":"SQL Query","service":"kanyr-backend","sql":"Executing (default): CREATE TABLE IF NOT EXISTS `felhasznalos` (`user_id` INTEGER PRIMARY KEY AUTOINCREMENT, `username` VARCHAR(50) NOT NULL UNIQUE, `email` VARCHAR(100) NOT NULL UNIQUE, `password` VARCHAR(100) NOT NULL, `admin` TINYINT(1) NOT NULL DEFAULT 0, `diak_id` INTEGER REFERENCES `diaks` (`diak_id`), `token_version` INTEGER NOT NULL DEFAULT 1, `last_password_change` DATETIME, `security_flags` JSON DEFAULT '{}', `created_at` DATETIME NOT NULL, `updated_at` DATETIME NOT NULL);","timestamp":"2026-03-10 09:19:31.839","type":"database"}
{"environment":"development","level":"debug","message":"SQL Query","service":"kanyr-backend","sql":"Executing (default): PRAGMA INDEX_LIST(`felhasznalos`)","timestamp":"2026-03-10 09:19:31.877","type":"database"}
{"environment":"development","level":"debug","message":"SQL Query","service":"kanyr-backend","sql":"Executing (default): PRAGMA INDEX_INFO(`sqlite_autoindex_felhasznalos_1`)","timestamp":"2026-03-10 09:19:31.896","type":"database"}
{"environment":"development","level":"debug","message":"SQL Query","service":"kanyr-backend","sql":"Executing (default): PRAGMA INDEX_INFO(`sqlite_autoindex_felhasznalos_2`)","timestamp":"2026-03-10 09:19:31.904","type":"database"}
{"environment":"development","level":"debug","message":"SQL Query","service":"kanyr-backend","sql":"Executing (default): CREATE UNIQUE INDEX `felhasznalos_email` ON `felhasznalos` (`email`)","timestamp":"2026-03-10 09:19:31.919","type":"database"}
{"environment":"development","level":"debug","message":"SQL Query","service":"kanyr-backend","sql":"Executing (default): CREATE UNIQUE INDEX `felhasznalos_username` ON `felhasznalos` (`username`)","timestamp":"2026-03-10 09:19:31.949","type":"database"}
{"environment":"development","level":"debug","message":"SQL Query","service":"kanyr-backend","sql":"Executing (default): CREATE INDEX `felhasznalos_diak_id` ON `felhasznalos` (`diak_id`)","timestamp":"2026-03-10 09:19:31.972","type":"database"}
{"environment":"development","level":"debug","message":"SQL Query","service":"kanyr-backend","sql":"Executing (default): CREATE INDEX `felhasznalos_token_version` ON `felhasznalos` (`token_version`)","timestamp":"2026-03-10 09:19:31.992","type":"database"}
{"environment":"development","level":"debug","message":"SQL Query","service":"kanyr-backend","sql":"Executing (default): SELECT name FROM sqlite_master WHERE type='table' AND name='szobas';","timestamp":"2026-03-10 09:19:32.020","type":"database"}
{"environment":"development","level":"debug","message":"SQL Query","service":"kanyr-backend","sql":"Executing (default): CREATE TABLE IF NOT EXISTS `szobas` (`szoba_id` INTEGER PRIMARY KEY AUTOINCREMENT, `szoba_szama` VARCHAR(10) NOT NULL UNIQUE, `osszes_hely` INTEGER NOT NULL, `created_at` DATETIME NOT NULL, `updated_at` DATETIME NOT NULL);","timestamp":"2026-03-10 09:19:32.044","type":"database"}
{"environment":"development","level":"debug","message":"SQL Query","service":"kanyr-backend","sql":"Executing (default): PRAGMA INDEX_LIST(`szobas`)","timestamp":"2026-03-10 09:19:32.053","type":"database"}
{"environment":"development","level":"debug","message":"SQL Query","service":"kanyr-backend","sql":"Executing (default): PRAGMA INDEX_INFO(`sqlite_autoindex_szobas_1`)","timestamp":"2026-03-10 09:19:32.060","type":"database"}
{"environment":"development","level":"debug","message":"SQL Query","service":"kanyr-backend","sql":"Executing (default): CREATE UNIQUE INDEX `szobas_szoba_szama` ON `szobas` (`szoba_szama`)","timestamp":"2026-03-10 09:19:32.064","type":"database"}
{"environment":"development","level":"debug","message":"SQL Query","service":"kanyr-backend","sql":"Executing (default): SELECT name FROM sqlite_master WHERE type='table' AND name='szobavaltoztatas';","timestamp":"2026-03-10 09:19:32.089","type":"database"}
{"environment":"development","level":"debug","message":"SQL Query","service":"kanyr-backend","sql":"Executing (default): CREATE TABLE IF NOT EXISTS `szobavaltoztatas` (`valtoztatas_id` INTEGER PRIMARY KEY AUTOINCREMENT, `diak_id` INTEGER NOT NULL REFERENCES `diaks` (`diak_id`) ON DELETE NO ACTION ON UPDATE CASCADE, `jelenlegi_szoba_id` INTEGER NOT NULL REFERENCES `szobas` (`szoba_id`) ON DELETE NO ACTION ON UPDATE CASCADE, `kivant_szoba_id` INTEGER NOT NULL REFERENCES `szobas` (`szoba_id`) ON DELETE NO ACTION ON UPDATE CASCADE, `statusz` TEXT NOT NULL DEFAULT 'pending', `indok` TEXT, `academic_year` VARCHAR(9) NOT NULL, `semester_count` INTEGER NOT NULL DEFAULT 1, `created_at` DATETIME NOT NULL, `updated_at` DATETIME NOT NULL);","timestamp":"2026-03-10 09:19:32.098","type":"database"}
{"environment":"development","level":"debug","message":"SQL Query","service":"kanyr-backend","sql":"Executing (default): PRAGMA INDEX_LIST(`szobavaltoztatas`)","timestamp":"2026-03-10 09:19:32.113","type":"database"}
{"environment":"development","level":"debug","message":"SQL Query","service":"kanyr-backend","sql":"Executing (default): CREATE INDEX `szobavaltoztatas_diak_id` ON `szobavaltoztatas` (`diak_id`)","timestamp":"2026-03-10 09:19:32.117","type":"database"}
{"environment":"development","level":"debug","message":"SQL Query","service":"kanyr-backend","sql":"Executing (default): CREATE INDEX `szobavaltoztatas_jelenlegi_szoba_id` ON `szobavaltoztatas` (`jelenlegi_szoba_id`)","timestamp":"2026-03-10 09:19:32.136","type":"database"}
{"environment":"development","level":"debug","message":"SQL Query","service":"kanyr-backend","sql":"Executing (default): CREATE INDEX `szobavaltoztatas_kivant_szoba_id` ON `szobavaltoztatas` (`kivant_szoba_id`)","timestamp":"2026-03-10 09:19:32.161","type":"database"}
{"environment":"development","level":"debug","message":"SQL Query","service":"kanyr-backend","sql":"Executing (default): CREATE INDEX `szobavaltoztatas_statusz` ON `szobavaltoztatas` (`statusz`)","timestamp":"2026-03-10 09:19:32.190","type":"database"}
{"environment":"development","level":"debug","message":"SQL Query","service":"kanyr-backend","sql":"Executing (default): CREATE INDEX `szobavaltoztatas_academic_year` ON `szobavaltoztatas` (`academic_year`)","timestamp":"2026-03-10 09:19:32.220","type":"database"}
{"environment":"development","level":"debug","message":"SQL Query","service":"kanyr-backend","sql":"Executing (default): CREATE INDEX `szobavaltoztatas_statusz_academic_year` ON `szobavaltoztatas` (`statusz`, `academic_year`)","timestamp":"2026-03-10 09:19:32.232","type":"database"}
{"environment":"development","level":"debug","message":"SQL Query","service":"kanyr-backend","sql":"Executing (default): SELECT name FROM sqlite_master WHERE type='table' AND name='notifications';","timestamp":"2026-03-10 09:19:32.245","type":"database"}
{"environment":"development","level":"debug","message":"SQL Query","service":"kanyr-backend","sql":"Executing (default): CREATE TABLE IF NOT EXISTS `notifications` (`notification_id` INTEGER PRIMARY KEY AUTOINCREMENT, `diak_id` INTEGER NOT NULL REFERENCES `diaks` (`diak_id`) ON DELETE NO ACTION ON UPDATE CASCADE, `szoba_valtoztatas_id` INTEGER REFERENCES `szobavaltoztatas` (`valtoztatas_id`) ON DELETE SET NULL ON UPDATE CASCADE, `tipus` TEXT NOT NULL, `uzenet` TEXT NOT NULL, `elolvasva` TINYINT(1) NOT NULL DEFAULT 0, `created_at` DATETIME NOT NULL, `updated_at` DATETIME NOT NULL);","timestamp":"2026-03-10 09:19:32.248","type":"database"}
{"environment":"development","level":"debug","message":"SQL Query","service":"kanyr-backend","sql":"Executing (default): PRAGMA INDEX_LIST(`notifications`)","timestamp":"2026-03-10 09:19:32.265","type":"database"}
{"environment":"development","level":"debug","message":"SQL Query","service":"kanyr-backend","sql":"Executing (default): CREATE INDEX `notifications_diak_id` ON `notifications` (`diak_id`)","timestamp":"2026-03-10 09:19:32.301","type":"database"}
{"environment":"development","level":"debug","message":"SQL Query","service":"kanyr-backend","sql":"Executing (default): CREATE INDEX `notifications_szoba_valtoztatas_id` ON `notifications` (`szoba_valtoztatas_id`)","timestamp":"2026-03-10 09:19:32.311","type":"database"}
{"environment":"development","level":"debug","message":"SQL Query","service":"kanyr-backend","sql":"Executing (default): CREATE INDEX `notifications_elolvasva` ON `notifications` (`elolvasva`)","timestamp":"2026-03-10 09:19:32.327","type":"database"}
{"environment":"development","level":"debug","message":"SQL Query","service":"kanyr-backend","sql":"Executing (default): CREATE INDEX `notifications_diak_id_elolvasva` ON `notifications` (`diak_id`, `elolvasva`)","timestamp":"2026-03-10 09:19:32.338","type":"database"}
{"environment":"development","level":"debug","message":"SQL Query","service":"kanyr-backend","sql":"Executing (default): SELECT name FROM sqlite_master WHERE type='table' AND name='revoked_tokens';","timestamp":"2026-03-10 09:19:32.348","type":"database"}
{"environment":"development","level":"debug","message":"SQL Query","service":"kanyr-backend","sql":"Executing (default): CREATE TABLE IF NOT EXISTS `revoked_tokens` (`id` INTEGER PRIMARY KEY AUTOINCREMENT, `token` TEXT NOT NULL, `user_id` INTEGER NOT NULL REFERENCES `felhasznalos` (`user_id`) ON DELETE NO ACTION ON UPDATE CASCADE, `expires_at` DATETIME NOT NULL, `revoked_at` DATETIME NOT NULL);","timestamp":"2026-03-10 09:19:32.353","type":"database"}
{"environment":"development","level":"debug","message":"SQL Query","service":"kanyr-backend","sql":"Executing (default): PRAGMA INDEX_LIST(`revoked_tokens`)","timestamp":"2026-03-10 09:19:32.371","type":"database"}
{"environment":"development","level":"debug","message":"SQL Query","service":"kanyr-backend","sql":"Executing (default): CREATE UNIQUE INDEX `revoked_tokens_token` ON `revoked_tokens` (`token`)","timestamp":"2026-03-10 09:19:32.381","type":"database"}
{"environment":"development","level":"debug","message":"SQL Query","service":"kanyr-backend","sql":"Executing (default): CREATE INDEX `revoked_tokens_user_id` ON `revoked_tokens` (`user_id`)","timestamp":"2026-03-10 09:19:32.395","type":"database"}
{"environment":"development","level":"debug","message":"SQL Query","service":"kanyr-backend","sql":"Executing (default): CREATE INDEX `revoked_tokens_expires_at` ON `revoked_tokens` (`expires_at`)","timestamp":"2026-03-10 09:19:32.414","type":"database"}
{"environment":"development","level":"debug","message":"SQL Query","service":"kanyr-backend","sql":"Executing (default): CREATE INDEX `revoked_tokens_revoked_at` ON `revoked_tokens` (`revoked_at`)","timestamp":"2026-03-10 09:19:32.426","type":"database"}
{"environment":"development","level":"debug","message":"SQL Query","service":"kanyr-backend","sql":"Executing (default): SELECT name FROM sqlite_master WHERE type='table' AND name='szoba_bekoltozes';","timestamp":"2026-03-10 09:19:32.444","type":"database"}
{"environment":"development","level":"debug","message":"SQL Query","service":"kanyr-backend","sql":"Executing (default): CREATE TABLE IF NOT EXISTS `szoba_bekoltozes` (`bekoltozes_id` INTEGER PRIMARY KEY AUTOINCREMENT, `diak_id` INTEGER NOT NULL REFERENCES `diaks` (`diak_id`) ON DELETE CASCADE ON UPDATE CASCADE, `szoba_id` INTEGER NOT NULL REFERENCES `szobas` (`szoba_id`) ON DELETE CASCADE ON UPDATE CASCADE, `bekoltozes_datum` DATE NOT NULL, `kikoltozes_datum` DATE, `created_at` DATETIME NOT NULL, `updated_at` DATETIME NOT NULL);","timestamp":"2026-03-10 09:19:32.463","type":"database"}
{"environment":"development","level":"debug","message":"SQL Query","service":"kanyr-backend","sql":"Executing (default): PRAGMA INDEX_LIST(`szoba_bekoltozes`)","timestamp":"2026-03-10 09:19:32.498","type":"database"}
{"environment":"development","level":"debug","message":"SQL Query","service":"kanyr-backend","sql":"Executing (default): CREATE INDEX `szoba_bekoltozes_diak_id` ON `szoba_bekoltozes` (`diak_id`)","timestamp":"2026-03-10 09:19:32.519","type":"database"}
{"environment":"development","level":"debug","message":"SQL Query","service":"kanyr-backend","sql":"Executing (default): CREATE INDEX `szoba_bekoltozes_szoba_id` ON `szoba_bekoltozes` (`szoba_id`)","timestamp":"2026-03-10 09:19:32.536","type":"database"}
{"environment":"development","level":"debug","message":"SQL Query","service":"kanyr-backend","sql":"Executing (default): CREATE INDEX `szoba_bekoltozes_bekoltozes_datum` ON `szoba_bekoltozes` (`bekoltozes_datum`)","timestamp":"2026-03-10 09:19:32.548","type":"database"}
{"environment":"development","level":"debug","message":"SQL Query","service":"kanyr-backend","sql":"Executing (default): CREATE INDEX `szoba_bekoltozes_kikoltozes_datum` ON `szoba_bekoltozes` (`kikoltozes_datum`)","timestamp":"2026-03-10 09:19:32.563","type":"database"}
{"environment":"development","level":"debug","message":"SQL Query","service":"kanyr-backend","sql":"Executing (default): CREATE INDEX `szoba_bekoltozes_diak_id_kikoltozes_datum` ON `szoba_bekoltozes` (`diak_id`, `kikoltozes_datum`)","timestamp":"2026-03-10 09:19:32.586","type":"database"}
{"environment":"development","level":"info","message":"✓ Adatbázis szinkronizálva","service":"kanyr-backend","timestamp":"2026-03-10 09:19:32.596"}
{"environment":"development","level":"info","message":"✓ Adatbázis elérhető a route-ok számára","service":"kanyr-backend","timestamp":"2026-03-10 09:19:32.597"}
{"environment":"development","level":"info","message":"✓ Student route-ok inicializálva","service":"kanyr-backend","timestamp":"2026-03-10 09:19:34.321"}
{"environment":"development","level":"info","message":"✓ Room route-ok inicializálva","service":"kanyr-backend","timestamp":"2026-03-10 09:19:34.353"}
{"environment":"development","level":"info","message":"✓ Parent route-ok inicializálva","service":"kanyr-backend","timestamp":"2026-03-10 09:19:34.412"}
{"environment":"development","level":"info","message":"✓ Address route-ok inicializálva","service":"kanyr-backend","timestamp":"2026-03-10 09:19:34.446"}
{"environment":"development","level":"info","message":"✓ Auth route-ok inicializálva","service":"kanyr-backend","timestamp":"2026-03-10 09:19:34.456"}
{"environment":"development","level":"info","message":"✓ User route-ok inicializálva","service":"kanyr-backend","timestamp":"2026-03-10 09:19:34.472"}
{"environment":"development","level":"info","message":"✓ Room change route-ok inicializálva","service":"kanyr-backend","timestamp":"2026-03-10 09:19:34.490"}
{"environment":"development","error":"Cannot read properties of undefined (reading 'Op')","level":"error","message":"Error cleaning up expired tokens","service":"kanyr-backend","timestamp":"2026-03-10 09:19:34.542"}
{"environment":"development","level":"info","message":"✓ Token blacklist cleanup scheduler initialized","service":"kanyr-backend","timestamp":"2026-03-10 09:19:34.564"}
{"environment":"development","error":"Hiba a lejárt tokenek törlése közben: Cannot read properties of undefined (reading 'Op')","level":"error","message":"Error cleaning up expired tokens","service":"kanyr-backend","timestamp":"2026-03-10 09:19:34.564"}
{"environment":"development","error":"Hiba a lejárt tokenek törlése közben: Cannot read properties of undefined (reading 'Op')","level":"error","message":"Error during token cleanup","service":"kanyr-backend","timestamp":"2026-03-10 09:19:34.565"}
{"environment":"development","level":"info","message":"✓ Szerver fut a http://localhost:3000 címen","service":"kanyr-backend","timestamp":"2026-03-10 09:19:34.567"}
{"environment":"development","level":"info","message":"✓ Környezet: development","service":"kanyr-backend","timestamp":"2026-03-10 09:19:34.567"}
{"environment":"development","level":"debug","message":"SQL Query","service":"kanyr-backend","sql":"Executing (default): SELECT 1+1 AS result","timestamp":"2026-03-10 09:20:24.937","type":"database"}
{"environment":"development","level":"info","message":"✓ Sikeres adatbázis kapcsolat létrehozva","service":"kanyr-backend","timestamp":"2026-03-10 09:20:24.943"}
{"environment":"development","level":"debug","message":"SQL Query","service":"kanyr-backend","sql":"Executing (default): SELECT name FROM sqlite_master WHERE type='table' AND name='lakcims';","timestamp":"2026-03-10 09:20:24.949","type":"database"}
{"environment":"development","level":"debug","message":"SQL Query","service":"kanyr-backend","sql":"Executing (default): PRAGMA INDEX_LIST(`lakcims`)","timestamp":"2026-03-10 09:20:24.952","type":"database"}
{"environment":"development","level":"debug","message":"SQL Query","service":"kanyr-backend","sql":"Executing (default): PRAGMA INDEX_INFO(`lakcims_iranyitoszam`)","timestamp":"2026-03-10 09:20:24.955","type":"database"}
{"environment":"development","level":"debug","message":"SQL Query","service":"kanyr-backend","sql":"Executing (default): PRAGMA INDEX_INFO(`lakcims_varos`)","timestamp":"2026-03-10 09:20:24.956","type":"database"}
{"environment":"development","level":"debug","message":"SQL Query","service":"kanyr-backend","sql":"Executing (default): SELECT name FROM sqlite_master WHERE type='table' AND name='szulos';","timestamp":"2026-03-10 09:20:24.961","type":"database"}
{"environment":"development","level":"debug","message":"SQL Query","service":"kanyr-backend","sql":"Executing (default): PRAGMA INDEX_LIST(`szulos`)","timestamp":"2026-03-10 09:20:24.963","type":"database"}
{"environment":"development","level":"debug","message":"SQL Query","service":"kanyr-backend","sql":"Executing (default): PRAGMA INDEX_INFO(`sqlite_autoindex_szulos_1`)","timestamp":"2026-03-10 09:20:24.965","type":"database"}
{"environment":"development","level":"debug","message":"SQL Query","service":"kanyr-backend","sql":"Executing (default): PRAGMA INDEX_INFO(`sqlite_autoindex_szulos_2`)","timestamp":"2026-03-10 09:20:24.967","type":"database"}
{"environment":"development","level":"debug","message":"SQL Query","service":"kanyr-backend","sql":"Executing (default): PRAGMA INDEX_INFO(`szulos_email`)","timestamp":"2026-03-10 09:20:24.969","type":"database"}
{"environment":"development","level":"debug","message":"SQL Query","service":"kanyr-backend","sql":"Executing (default): PRAGMA INDEX_INFO(`szulos_cim_id`)","timestamp":"2026-03-10 09:20:24.970","type":"database"}
{"environment":"development","level":"debug","message":"SQL Query","service":"kanyr-backend","sql":"Executing (default): PRAGMA INDEX_INFO(`szulos_szemelyi_igazolvany_szam`)","timestamp":"2026-03-10 09:20:24.970","type":"database"}
{"environment":"development","level":"debug","message":"SQL Query","service":"kanyr-backend","sql":"Executing (default): SELECT name FROM sqlite_master WHERE type='table' AND name='diaks';","timestamp":"2026-03-10 09:20:24.989","type":"database"}
{"environment":"development","level":"debug","message":"SQL Query","service":"kanyr-backend","sql":"Executing (default): PRAGMA INDEX_LIST(`diaks`)","timestamp":"2026-03-10 09:20:24.993","type":"database"}
{"environment":"development","level":"debug","message":"SQL Query","service":"kanyr-backend","sql":"Executing (default): PRAGMA INDEX_INFO(`sqlite_autoindex_diaks_1`)","timestamp":"2026-03-10 09:20:24.995","type":"database"}
{"environment":"development","level":"debug","message":"SQL Query","service":"kanyr-backend","sql":"Executing (default): PRAGMA INDEX_INFO(`sqlite_autoindex_diaks_2`)","timestamp":"2026-03-10 09:20:24.996","type":"database"}
{"environment":"development","level":"debug","message":"SQL Query","service":"kanyr-backend","sql":"Executing (default): PRAGMA INDEX_INFO(`sqlite_autoindex_diaks_3`)","timestamp":"2026-03-10 09:20:24.997","type":"database"}
{"environment":"development","level":"debug","message":"SQL Query","service":"kanyr-backend","sql":"Executing (default): PRAGMA INDEX_INFO(`sqlite_autoindex_diaks_4`)","timestamp":"2026-03-10 09:20:24.998","type":"database"}
{"environment":"development","level":"debug","message":"SQL Query","service":"kanyr-backend","sql":"Executing (default): PRAGMA INDEX_INFO(`diaks_email`)","timestamp":"2026-03-10 09:20:24.999","type":"database"}
{"environment":"development","level":"debug","message":"SQL Query","service":"kanyr-backend","sql":"Executing (default): PRAGMA INDEX_INFO(`diaks_szulo_id`)","timestamp":"2026-03-10 09:20:25.000","type":"database"}
{"environment":"development","level":"debug","message":"SQL Query","service":"kanyr-backend","sql":"Executing (default): PRAGMA INDEX_INFO(`diaks_cim_id`)","timestamp":"2026-03-10 09:20:25.005","type":"database"}
{"environment":"development","level":"debug","message":"SQL Query","service":"kanyr-backend","sql":"Executing (default): PRAGMA INDEX_INFO(`diaks_nev`)","timestamp":"2026-03-10 09:20:25.005","type":"database"}
{"environment":"development","level":"debug","message":"SQL Query","service":"kanyr-backend","sql":"Executing (default): PRAGMA INDEX_INFO(`diaks_szemelyi_igazolvany_szam`)","timestamp":"2026-03-10 09:20:25.005","type":"database"}
{"environment":"development","level":"debug","message":"SQL Query","service":"kanyr-backend","sql":"Executing (default): PRAGMA INDEX_INFO(`diaks_taj_szam`)","timestamp":"2026-03-10 09:20:25.006","type":"database"}
{"environment":"development","level":"debug","message":"SQL Query","service":"kanyr-backend","sql":"Executing (default): PRAGMA INDEX_INFO(`diaks_diakigazolvany_szam`)","timestamp":"2026-03-10 09:20:25.010","type":"database"}
{"environment":"development","level":"debug","message":"SQL Query","service":"kanyr-backend","sql":"Executing (default): SELECT name FROM sqlite_master WHERE type='table' AND name='felhasznalos';","timestamp":"2026-03-10 09:20:25.048","type":"database"}
{"environment":"development","level":"debug","message":"SQL Query","service":"kanyr-backend","sql":"Executing (default): PRAGMA INDEX_LIST(`felhasznalos`)","timestamp":"2026-03-10 09:20:25.050","type":"database"}
{"environment":"development","level":"debug","message":"SQL Query","service":"kanyr-backend","sql":"Executing (default): PRAGMA INDEX_INFO(`sqlite_autoindex_felhasznalos_1`)","timestamp":"2026-03-10 09:20:25.053","type":"database"}
{"environment":"development","level":"debug","message":"SQL Query","service":"kanyr-backend","sql":"Executing (default): PRAGMA INDEX_INFO(`sqlite_autoindex_felhasznalos_2`)","timestamp":"2026-03-10 09:20:25.054","type":"database"}
{"environment":"development","level":"debug","message":"SQL Query","service":"kanyr-backend","sql":"Executing (default): PRAGMA INDEX_INFO(`felhasznalos_email`)","timestamp":"2026-03-10 09:20:25.054","type":"database"}
{"environment":"development","level":"debug","message":"SQL Query","service":"kanyr-backend","sql":"Executing (default): PRAGMA INDEX_INFO(`felhasznalos_username`)","timestamp":"2026-03-10 09:20:25.054","type":"database"}
{"environment":"development","level":"debug","message":"SQL Query","service":"kanyr-backend","sql":"Executing (default): PRAGMA INDEX_INFO(`felhasznalos_diak_id`)","timestamp":"2026-03-10 09:20:25.054","type":"database"}
{"environment":"development","level":"debug","message":"SQL Query","service":"kanyr-backend","sql":"Executing (default): PRAGMA INDEX_INFO(`felhasznalos_token_version`)","timestamp":"2026-03-10 09:20:25.055","type":"database"}
{"environment":"development","level":"debug","message":"SQL Query","service":"kanyr-backend","sql":"Executing (default): SELECT name FROM sqlite_master WHERE type='table' AND name='szobas';","timestamp":"2026-03-10 09:20:25.071","type":"database"}
{"environment":"development","level":"debug","message":"SQL Query","service":"kanyr-backend","sql":"Executing (default): PRAGMA INDEX_LIST(`szobas`)","timestamp":"2026-03-10 09:20:25.079","type":"database"}
{"environment":"development","level":"debug","message":"SQL Query","service":"kanyr-backend","sql":"Executing (default): PRAGMA INDEX_INFO(`sqlite_autoindex_szobas_1`)","timestamp":"2026-03-10 09:20:25.099","type":"database"}
{"environment":"development","level":"debug","message":"SQL Query","service":"kanyr-backend","sql":"Executing (default): PRAGMA INDEX_INFO(`szobas_szoba_szama`)","timestamp":"2026-03-10 09:20:25.105","type":"database"}
{"environment":"development","level":"debug","message":"SQL Query","service":"kanyr-backend","sql":"Executing (default): SELECT name FROM sqlite_master WHERE type='table' AND name='szobavaltoztatas';","timestamp":"2026-03-10 09:20:25.121","type":"database"}
{"environment":"development","level":"debug","message":"SQL Query","service":"kanyr-backend","sql":"Executing (default): PRAGMA INDEX_LIST(`szobavaltoztatas`)","timestamp":"2026-03-10 09:20:25.131","type":"database"}
{"environment":"development","level":"debug","message":"SQL Query","service":"kanyr-backend","sql":"Executing (default): PRAGMA INDEX_INFO(`szobavaltoztatas_diak_id`)","timestamp":"2026-03-10 09:20:25.133","type":"database"}
{"environment":"development","level":"debug","message":"SQL Query","service":"kanyr-backend","sql":"Executing (default): PRAGMA INDEX_INFO(`szobavaltoztatas_jelenlegi_szoba_id`)","timestamp":"2026-03-10 09:20:25.134","type":"database"}
{"environment":"development","level":"debug","message":"SQL Query","service":"kanyr-backend","sql":"Executing (default): PRAGMA INDEX_INFO(`szobavaltoztatas_kivant_szoba_id`)","timestamp":"2026-03-10 09:20:25.134","type":"database"}
{"environment":"development","level":"debug","message":"SQL Query","service":"kanyr-backend","sql":"Executing (default): PRAGMA INDEX_INFO(`szobavaltoztatas_statusz`)","timestamp":"2026-03-10 09:20:25.134","type":"database"}
{"environment":"development","level":"debug","message":"SQL Query","service":"kanyr-backend","sql":"Executing (default): PRAGMA INDEX_INFO(`szobavaltoztatas_academic_year`)","timestamp":"2026-03-10 09:20:25.134","type":"database"}
{"environment":"development","level":"debug","message":"SQL Query","service":"kanyr-backend","sql":"Executing (default): PRAGMA INDEX_INFO(`szobavaltoztatas_statusz_academic_year`)","timestamp":"2026-03-10 09:20:25.135","type":"database"}
{"environment":"development","level":"debug","message":"SQL Query","service":"kanyr-backend","sql":"Executing (default): SELECT name FROM sqlite_master WHERE type='table' AND name='notifications';","timestamp":"2026-03-10 09:20:25.165","type":"database"}
{"environment":"development","level":"debug","message":"SQL Query","service":"kanyr-backend","sql":"Executing (default): PRAGMA INDEX_LIST(`notifications`)","timestamp":"2026-03-10 09:20:25.170","type":"database"}
{"environment":"development","level":"debug","message":"SQL Query","service":"kanyr-backend","sql":"Executing (default): PRAGMA INDEX_INFO(`notifications_diak_id`)","timestamp":"2026-03-10 09:20:25.186","type":"database"}
{"environment":"development","level":"debug","message":"SQL Query","service":"kanyr-backend","sql":"Executing (default): PRAGMA INDEX_INFO(`notifications_szoba_valtoztatas_id`)","timestamp":"2026-03-10 09:20:25.186","type":"database"}
{"environment":"development","level":"debug","message":"SQL Query","service":"kanyr-backend","sql":"Executing (default): PRAGMA INDEX_INFO(`notifications_elolvasva`)","timestamp":"2026-03-10 09:20:25.187","type":"database"}
{"environment":"development","level":"debug","message":"SQL Query","service":"kanyr-backend","sql":"Executing (default): PRAGMA INDEX_INFO(`notifications_diak_id_elolvasva`)","timestamp":"2026-03-10 09:20:25.187","type":"database"}
{"environment":"development","level":"debug","message":"SQL Query","service":"kanyr-backend","sql":"Executing (default): SELECT name FROM sqlite_master WHERE type='table' AND name='revoked_tokens';","timestamp":"2026-03-10 09:20:25.201","type":"database"}
{"environment":"development","level":"debug","message":"SQL Query","service":"kanyr-backend","sql":"Executing (default): PRAGMA INDEX_LIST(`revoked_tokens`)","timestamp":"2026-03-10 09:20:25.204","type":"database"}
{"environment":"development","level":"debug","message":"SQL Query","service":"kanyr-backend","sql":"Executing (default): PRAGMA INDEX_INFO(`revoked_tokens_token`)","timestamp":"2026-03-10 09:20:25.205","type":"database"}
{"environment":"development","level":"debug","message":"SQL Query","service":"kanyr-backend","sql":"Executing (default): PRAGMA INDEX_INFO(`revoked_tokens_user_id`)","timestamp":"2026-03-10 09:20:25.205","type":"database"}
{"environment":"development","level":"debug","message":"SQL Query","service":"kanyr-backend","sql":"Executing (default): PRAGMA INDEX_INFO(`revoked_tokens_expires_at`)","timestamp":"2026-03-10 09:20:25.205","type":"database"}
{"environment":"development","level":"debug","message":"SQL Query","service":"kanyr-backend","sql":"Executing (default): PRAGMA INDEX_INFO(`revoked_tokens_revoked_at`)","timestamp":"2026-03-10 09:20:25.206","type":"database"}
{"environment":"development","level":"debug","message":"SQL Query","service":"kanyr-backend","sql":"Executing (default): SELECT name FROM sqlite_master WHERE type='table' AND name='szoba_bekoltozes';","timestamp":"2026-03-10 09:20:25.220","type":"database"}
{"environment":"development","level":"debug","message":"SQL Query","service":"kanyr-backend","sql":"Executing (default): PRAGMA INDEX_LIST(`szoba_bekoltozes`)","timestamp":"2026-03-10 09:20:25.230","type":"database"}
{"environment":"development","level":"debug","message":"SQL Query","service":"kanyr-backend","sql":"Executing (default): PRAGMA INDEX_INFO(`szoba_bekoltozes_diak_id`)","timestamp":"2026-03-10 09:20:25.256","type":"database"}
{"environment":"development","level":"debug","message":"SQL Query","service":"kanyr-backend","sql":"Executing (default): PRAGMA INDEX_INFO(`szoba_bekoltozes_szoba_id`)","timestamp":"2026-03-10 09:20:25.270","type":"database"}
{"environment":"development","level":"debug","message":"SQL Query","service":"kanyr-backend","sql":"Executing (default): PRAGMA INDEX_INFO(`szoba_bekoltozes_bekoltozes_datum`)","timestamp":"2026-03-10 09:20:25.270","type":"database"}
{"environment":"development","level":"debug","message":"SQL Query","service":"kanyr-backend","sql":"Executing (default): PRAGMA INDEX_INFO(`szoba_bekoltozes_kikoltozes_datum`)","timestamp":"2026-03-10 09:20:25.270","type":"database"}
{"environment":"development","level":"debug","message":"SQL Query","service":"kanyr-backend","sql":"Executing (default): PRAGMA INDEX_INFO(`szoba_bekoltozes_diak_id_kikoltozes_datum`)","timestamp":"2026-03-10 09:20:25.271","type":"database"}
{"environment":"development","level":"info","message":"✓ Adatbázis szinkronizálva","service":"kanyr-backend","timestamp":"2026-03-10 09:20:25.412"}
{"environment":"development","level":"info","message":"✓ Adatbázis elérhető a route-ok számára","service":"kanyr-backend","timestamp":"2026-03-10 09:20:25.412"}
{"environment":"development","level":"info","message":"✓ Student route-ok inicializálva","service":"kanyr-backend","timestamp":"2026-03-10 09:20:25.615"}
{"environment":"development","level":"info","message":"✓ Room route-ok inicializálva","service":"kanyr-backend","timestamp":"2026-03-10 09:20:25.644"}
{"environment":"development","level":"info","message":"✓ Parent route-ok inicializálva","service":"kanyr-backend","timestamp":"2026-03-10 09:20:25.653"}
{"environment":"development","level":"info","message":"✓ Address route-ok inicializálva","service":"kanyr-backend","timestamp":"2026-03-10 09:20:25.662"}
{"environment":"development","level":"info","message":"✓ Auth route-ok inicializálva","service":"kanyr-backend","timestamp":"2026-03-10 09:20:25.679"}
{"environment":"development","level":"info","message":"✓ User route-ok inicializálva","service":"kanyr-backend","timestamp":"2026-03-10 09:20:25.688"}
{"environment":"development","level":"info","message":"✓ Room change route-ok inicializálva","service":"kanyr-backend","timestamp":"2026-03-10 09:20:25.702"}
{"environment":"development","error":"Cannot read properties of undefined (reading 'Op')","level":"error","message":"Error cleaning up expired tokens","service":"kanyr-backend","timestamp":"2026-03-10 09:20:25.712"}
{"environment":"development","level":"info","message":"✓ Token blacklist cleanup scheduler initialized","service":"kanyr-backend","timestamp":"2026-03-10 09:20:25.713"}
{"environment":"development","error":"Hiba a lejárt tokenek törlése közben: Cannot read properties of undefined (reading 'Op')","level":"error","message":"Error cleaning up expired tokens","service":"kanyr-backend","timestamp":"2026-03-10 09:20:25.713"}
{"environment":"development","error":"Hiba a lejárt tokenek törlése közben: Cannot read properties of undefined (reading 'Op')","level":"error","message":"Error during token cleanup","service":"kanyr-backend","timestamp":"2026-03-10 09:20:25.714"}
{"environment":"development","level":"info","message":"✓ Szerver fut a http://localhost:3000 címen","service":"kanyr-backend","timestamp":"2026-03-10 09:20:25.749"}
{"environment":"development","level":"info","message":"✓ Környezet: development","service":"kanyr-backend","timestamp":"2026-03-10 09:20:25.750"}
{"environment":"development","level":"debug","message":"SQL Query","service":"kanyr-backend","sql":"Executing (default): SELECT 1+1 AS result","timestamp":"2026-03-10 09:49:42.268","type":"database"}
{"environment":"development","level":"info","message":"✓ Sikeres adatbázis kapcsolat létrehozva","service":"kanyr-backend","timestamp":"2026-03-10 09:49:42.277"}
{"environment":"development","level":"debug","message":"SQL Query","service":"kanyr-backend","sql":"Executing (default): SELECT name FROM sqlite_master WHERE type='table' AND name='lakcims';","timestamp":"2026-03-10 09:49:42.280","type":"database"}
{"environment":"development","level":"debug","message":"SQL Query","service":"kanyr-backend","sql":"Executing (default): PRAGMA INDEX_LIST(`lakcims`)","timestamp":"2026-03-10 09:49:42.283","type":"database"}
{"environment":"development","level":"debug","message":"SQL Query","service":"kanyr-backend","sql":"Executing (default): PRAGMA INDEX_INFO(`lakcims_iranyitoszam`)","timestamp":"2026-03-10 09:49:42.284","type":"database"}
{"environment":"development","level":"debug","message":"SQL Query","service":"kanyr-backend","sql":"Executing (default): PRAGMA INDEX_INFO(`lakcims_varos`)","timestamp":"2026-03-10 09:49:42.285","type":"database"}
{"environment":"development","level":"debug","message":"SQL Query","service":"kanyr-backend","sql":"Executing (default): SELECT name FROM sqlite_master WHERE type='table' AND name='szulos';","timestamp":"2026-03-10 09:49:42.288","type":"database"}
{"environment":"development","level":"debug","message":"SQL Query","service":"kanyr-backend","sql":"Executing (default): PRAGMA INDEX_LIST(`szulos`)","timestamp":"2026-03-10 09:49:42.290","type":"database"}
{"environment":"development","level":"debug","message":"SQL Query","service":"kanyr-backend","sql":"Executing (default): PRAGMA INDEX_INFO(`sqlite_autoindex_szulos_1`)","timestamp":"2026-03-10 09:49:42.291","type":"database"}
{"environment":"development","level":"debug","message":"SQL Query","service":"kanyr-backend","sql":"Executing (default): PRAGMA INDEX_INFO(`sqlite_autoindex_szulos_2`)","timestamp":"2026-03-10 09:49:42.292","type":"database"}
{"environment":"development","level":"debug","message":"SQL Query","service":"kanyr-backend","sql":"Executing (default): PRAGMA INDEX_INFO(`szulos_email`)","timestamp":"2026-03-10 09:49:42.293","type":"database"}
{"environment":"development","level":"debug","message":"SQL Query","service":"kanyr-backend","sql":"Executing (default): PRAGMA INDEX_INFO(`szulos_cim_id`)","timestamp":"2026-03-10 09:49:42.293","type":"database"}
{"environment":"development","level":"debug","message":"SQL Query","service":"kanyr-backend","sql":"Executing (default): PRAGMA INDEX_INFO(`szulos_szemelyi_igazolvany_szam`)","timestamp":"2026-03-10 09:49:42.293","type":"database"}
{"environment":"development","level":"debug","message":"SQL Query","service":"kanyr-backend","sql":"Executing (default): SELECT name FROM sqlite_master WHERE type='table' AND name='diaks';","timestamp":"2026-03-10 09:49:42.296","type":"database"}
{"environment":"development","level":"debug","message":"SQL Query","service":"kanyr-backend","sql":"Executing (default): PRAGMA INDEX_LIST(`diaks`)","timestamp":"2026-03-10 09:49:42.298","type":"database"}
{"environment":"development","level":"debug","message":"SQL Query","service":"kanyr-backend","sql":"Executing (default): PRAGMA INDEX_INFO(`sqlite_autoindex_diaks_1`)","timestamp":"2026-03-10 09:49:42.300","type":"database"}
{"environment":"development","level":"debug","message":"SQL Query","service":"kanyr-backend","sql":"Executing (default): PRAGMA INDEX_INFO(`sqlite_autoindex_diaks_2`)","timestamp":"2026-03-10 09:49:42.301","type":"database"}
{"environment":"development","level":"debug","message":"SQL Query","service":"kanyr-backend","sql":"Executing (default): PRAGMA INDEX_INFO(`sqlite_autoindex_diaks_3`)","timestamp":"2026-03-10 09:49:42.302","type":"database"}
{"environment":"development","level":"debug","message":"SQL Query","service":"kanyr-backend","sql":"Executing (default): PRAGMA INDEX_INFO(`sqlite_autoindex_diaks_4`)","timestamp":"2026-03-10 09:49:42.302","type":"database"}
{"environment":"development","level":"debug","message":"SQL Query","service":"kanyr-backend","sql":"Executing (default): PRAGMA INDEX_INFO(`diaks_email`)","timestamp":"2026-03-10 09:49:42.303","type":"database"}
{"environment":"development","level":"debug","message":"SQL Query","service":"kanyr-backend","sql":"Executing (default): PRAGMA INDEX_INFO(`diaks_szulo_id`)","timestamp":"2026-03-10 09:49:42.303","type":"database"}
{"environment":"development","level":"debug","message":"SQL Query","service":"kanyr-backend","sql":"Executing (default): PRAGMA INDEX_INFO(`diaks_cim_id`)","timestamp":"2026-03-10 09:49:42.305","type":"database"}
{"environment":"development","level":"debug","message":"SQL Query","service":"kanyr-backend","sql":"Executing (default): PRAGMA INDEX_INFO(`diaks_nev`)","timestamp":"2026-03-10 09:49:42.305","type":"database"}
{"environment":"development","level":"debug","message":"SQL Query","service":"kanyr-backend","sql":"Executing (default): PRAGMA INDEX_INFO(`diaks_szemelyi_igazolvany_szam`)","timestamp":"2026-03-10 09:49:42.306","type":"database"}
{"environment":"development","level":"debug","message":"SQL Query","service":"kanyr-backend","sql":"Executing (default): PRAGMA INDEX_INFO(`diaks_taj_szam`)","timestamp":"2026-03-10 09:49:42.306","type":"database"}
{"environment":"development","level":"debug","message":"SQL Query","service":"kanyr-backend","sql":"Executing (default): PRAGMA INDEX_INFO(`diaks_diakigazolvany_szam`)","timestamp":"2026-03-10 09:49:42.306","type":"database"}
{"environment":"development","level":"debug","message":"SQL Query","service":"kanyr-backend","sql":"Executing (default): SELECT name FROM sqlite_master WHERE type='table' AND name='felhasznalos';","timestamp":"2026-03-10 09:49:42.311","type":"database"}
{"environment":"development","level":"debug","message":"SQL Query","service":"kanyr-backend","sql":"Executing (default): PRAGMA INDEX_LIST(`felhasznalos`)","timestamp":"2026-03-10 09:49:42.312","type":"database"}
{"environment":"development","level":"debug","message":"SQL Query","service":"kanyr-backend","sql":"Executing (default): PRAGMA INDEX_INFO(`sqlite_autoindex_felhasznalos_1`)","timestamp":"2026-03-10 09:49:42.313","type":"database"}
{"environment":"development","level":"debug","message":"SQL Query","service":"kanyr-backend","sql":"Executing (default): PRAGMA INDEX_INFO(`sqlite_autoindex_felhasznalos_2`)","timestamp":"2026-03-10 09:49:42.314","type":"database"}
{"environment":"development","level":"debug","message":"SQL Query","service":"kanyr-backend","sql":"Executing (default): PRAGMA INDEX_INFO(`felhasznalos_email`)","timestamp":"2026-03-10 09:49:42.314","type":"database"}
{"environment":"development","level":"debug","message":"SQL Query","service":"kanyr-backend","sql":"Executing (default): PRAGMA INDEX_INFO(`felhasznalos_username`)","timestamp":"2026-03-10 09:49:42.314","type":"database"}
{"environment":"development","level":"debug","message":"SQL Query","service":"kanyr-backend","sql":"Executing (default): PRAGMA INDEX_INFO(`felhasznalos_diak_id`)","timestamp":"2026-03-10 09:49:42.315","type":"database"}
{"environment":"development","level":"debug","message":"SQL Query","service":"kanyr-backend","sql":"Executing (default): PRAGMA INDEX_INFO(`felhasznalos_token_version`)","timestamp":"2026-03-10 09:49:42.315","type":"database"}
{"environment":"development","level":"debug","message":"SQL Query","service":"kanyr-backend","sql":"Executing (default): SELECT name FROM sqlite_master WHERE type='table' AND name='szobas';","timestamp":"2026-03-10 09:49:42.317","type":"database"}
{"environment":"development","level":"debug","message":"SQL Query","service":"kanyr-backend","sql":"Executing (default): PRAGMA INDEX_LIST(`szobas`)","timestamp":"2026-03-10 09:49:42.318","type":"database"}
{"environment":"development","level":"debug","message":"SQL Query","service":"kanyr-backend","sql":"Executing (default): PRAGMA INDEX_INFO(`sqlite_autoindex_szobas_1`)","timestamp":"2026-03-10 09:49:42.319","type":"database"}
{"environment":"development","level":"debug","message":"SQL Query","service":"kanyr-backend","sql":"Executing (default): PRAGMA INDEX_INFO(`szobas_szoba_szama`)","timestamp":"2026-03-10 09:49:42.320","type":"database"}
{"environment":"development","level":"debug","message":"SQL Query","service":"kanyr-backend","sql":"Executing (default): SELECT name FROM sqlite_master WHERE type='table' AND name='szobavaltoztatas';","timestamp":"2026-03-10 09:49:42.323","type":"database"}
{"environment":"development","level":"debug","message":"SQL Query","service":"kanyr-backend","sql":"Executing (default): PRAGMA INDEX_LIST(`szobavaltoztatas`)","timestamp":"2026-03-10 09:49:42.339","type":"database"}
{"environment":"development","level":"debug","message":"SQL Query","service":"kanyr-backend","sql":"Executing (default): PRAGMA INDEX_INFO(`szobavaltoztatas_diak_id`)","timestamp":"2026-03-10 09:49:42.381","type":"database"}
{"environment":"development","level":"debug","message":"SQL Query","service":"kanyr-backend","sql":"Executing (default): PRAGMA INDEX_INFO(`szobavaltoztatas_jelenlegi_szoba_id`)","timestamp":"2026-03-10 09:49:42.381","type":"database"}
{"environment":"development","level":"debug","message":"SQL Query","service":"kanyr-backend","sql":"Executing (default): PRAGMA INDEX_INFO(`szobavaltoztatas_kivant_szoba_id`)","timestamp":"2026-03-10 09:49:42.382","type":"database"}
{"environment":"development","level":"debug","message":"SQL Query","service":"kanyr-backend","sql":"Executing (default): PRAGMA INDEX_INFO(`szobavaltoztatas_statusz`)","timestamp":"2026-03-10 09:49:42.382","type":"database"}
{"environment":"development","level":"debug","message":"SQL Query","service":"kanyr-backend","sql":"Executing (default): PRAGMA INDEX_INFO(`szobavaltoztatas_academic_year`)","timestamp":"2026-03-10 09:49:42.383","type":"database"}
{"environment":"development","level":"debug","message":"SQL Query","service":"kanyr-backend","sql":"Executing (default): PRAGMA INDEX_INFO(`szobavaltoztatas_statusz_academic_year`)","timestamp":"2026-03-10 09:49:42.383","type":"database"}
{"environment":"development","level":"debug","message":"SQL Query","service":"kanyr-backend","sql":"Executing (default): SELECT name FROM sqlite_master WHERE type='table' AND name='notifications';","timestamp":"2026-03-10 09:49:42.436","type":"database"}
{"environment":"development","level":"debug","message":"SQL Query","service":"kanyr-backend","sql":"Executing (default): PRAGMA INDEX_LIST(`notifications`)","timestamp":"2026-03-10 09:49:42.444","type":"database"}
{"environment":"development","level":"debug","message":"SQL Query","service":"kanyr-backend","sql":"Executing (default): PRAGMA INDEX_INFO(`notifications_diak_id`)","timestamp":"2026-03-10 09:49:42.597","type":"database"}
{"environment":"development","level":"debug","message":"SQL Query","service":"kanyr-backend","sql":"Executing (default): PRAGMA INDEX_INFO(`notifications_szoba_valtoztatas_id`)","timestamp":"2026-03-10 09:49:42.597","type":"database"}
{"environment":"development","level":"debug","message":"SQL Query","service":"kanyr-backend","sql":"Executing (default): PRAGMA INDEX_INFO(`notifications_elolvasva`)","timestamp":"2026-03-10 09:49:42.598","type":"database"}
{"environment":"development","level":"debug","message":"SQL Query","service":"kanyr-backend","sql":"Executing (default): PRAGMA INDEX_INFO(`notifications_diak_id_elolvasva`)","timestamp":"2026-03-10 09:49:42.598","type":"database"}
{"environment":"development","level":"debug","message":"SQL Query","service":"kanyr-backend","sql":"Executing (default): SELECT name FROM sqlite_master WHERE type='table' AND name='revoked_tokens';","timestamp":"2026-03-10 09:49:42.701","type":"database"}
{"environment":"development","level":"debug","message":"SQL Query","service":"kanyr-backend","sql":"Executing (default): PRAGMA INDEX_LIST(`revoked_tokens`)","timestamp":"2026-03-10 09:49:42.710","type":"database"}
{"environment":"development","level":"debug","message":"SQL Query","service":"kanyr-backend","sql":"Executing (default): PRAGMA INDEX_INFO(`revoked_tokens_token`)","timestamp":"2026-03-10 09:49:42.733","type":"database"}
{"environment":"development","level":"debug","message":"SQL Query","service":"kanyr-backend","sql":"Executing (default): PRAGMA INDEX_INFO(`revoked_tokens_user_id`)","timestamp":"2026-03-10 09:49:42.733","type":"database"}
{"environment":"development","level":"debug","message":"SQL Query","service":"kanyr-backend","sql":"Executing (default): PRAGMA INDEX_INFO(`revoked_tokens_expires_at`)","timestamp":"2026-03-10 09:49:42.734","type":"database"}
{"environment":"development","level":"debug","message":"SQL Query","service":"kanyr-backend","sql":"Executing (default): PRAGMA INDEX_INFO(`revoked_tokens_revoked_at`)","timestamp":"2026-03-10 09:49:42.734","type":"database"}
{"environment":"development","level":"debug","message":"SQL Query","service":"kanyr-backend","sql":"Executing (default): SELECT name FROM sqlite_master WHERE type='table' AND name='szoba_bekoltozes';","timestamp":"2026-03-10 09:49:42.775","type":"database"}
{"environment":"development","level":"debug","message":"SQL Query","service":"kanyr-backend","sql":"Executing (default): PRAGMA INDEX_LIST(`szoba_bekoltozes`)","timestamp":"2026-03-10 09:49:42.780","type":"database"}
{"environment":"development","level":"debug","message":"SQL Query","service":"kanyr-backend","sql":"Executing (default): PRAGMA INDEX_INFO(`szoba_bekoltozes_diak_id`)","timestamp":"2026-03-10 09:49:42.788","type":"database"}
{"environment":"development","level":"debug","message":"SQL Query","service":"kanyr-backend","sql":"Executing (default): PRAGMA INDEX_INFO(`szoba_bekoltozes_szoba_id`)","timestamp":"2026-03-10 09:49:42.791","type":"database"}
{"environment":"development","level":"debug","message":"SQL Query","service":"kanyr-backend","sql":"Executing (default): PRAGMA INDEX_INFO(`szoba_bekoltozes_bekoltozes_datum`)","timestamp":"2026-03-10 09:49:42.792","type":"database"}
{"environment":"development","level":"debug","message":"SQL Query","service":"kanyr-backend","sql":"Executing (default): PRAGMA INDEX_INFO(`szoba_bekoltozes_kikoltozes_datum`)","timestamp":"2026-03-10 09:49:42.792","type":"database"}
{"environment":"development","level":"debug","message":"SQL Query","service":"kanyr-backend","sql":"Executing (default): PRAGMA INDEX_INFO(`szoba_bekoltozes_diak_id_kikoltozes_datum`)","timestamp":"2026-03-10 09:49:42.792","type":"database"}
{"environment":"development","level":"info","message":"✓ Adatbázis szinkronizálva","service":"kanyr-backend","timestamp":"2026-03-10 09:49:42.960"}
{"environment":"development","level":"info","message":"✓ Adatbázis elérhető a route-ok számára","service":"kanyr-backend","timestamp":"2026-03-10 09:49:42.982"}
{"environment":"development","level":"info","message":"✓ Student route-ok inicializálva","service":"kanyr-backend","timestamp":"2026-03-10 09:49:43.198"}
{"environment":"development","level":"info","message":"✓ Room route-ok inicializálva","service":"kanyr-backend","timestamp":"2026-03-10 09:49:43.294"}
{"environment":"development","level":"info","message":"✓ Parent route-ok inicializálva","service":"kanyr-backend","timestamp":"2026-03-10 09:49:43.342"}
{"environment":"development","level":"info","message":"✓ Address route-ok inicializálva","service":"kanyr-backend","timestamp":"2026-03-10 09:49:43.349"}
{"environment":"development","level":"info","message":"✓ Auth route-ok inicializálva","service":"kanyr-backend","timestamp":"2026-03-10 09:49:43.352"}
{"environment":"development","level":"info","message":"✓ User route-ok inicializálva","service":"kanyr-backend","timestamp":"2026-03-10 09:49:43.360"}
{"environment":"development","level":"info","message":"✓ Room change route-ok inicializálva","service":"kanyr-backend","timestamp":"2026-03-10 09:49:43.365"}
{"environment":"development","error":"Cannot read properties of undefined (reading 'Op')","level":"error","message":"Error cleaning up expired tokens","service":"kanyr-backend","timestamp":"2026-03-10 09:49:43.372"}
{"environment":"development","level":"info","message":"✓ Token blacklist cleanup scheduler initialized","service":"kanyr-backend","timestamp":"2026-03-10 09:49:43.372"}
{"environment":"development","error":"Hiba a lejárt tokenek törlése közben: Cannot read properties of undefined (reading 'Op')","level":"error","message":"Error cleaning up expired tokens","service":"kanyr-backend","timestamp":"2026-03-10 09:49:43.373"}
{"environment":"development","error":"Hiba a lejárt tokenek törlése közben: Cannot read properties of undefined (reading 'Op')","level":"error","message":"Error during token cleanup","service":"kanyr-backend","timestamp":"2026-03-10 09:49:43.373"}
{"environment":"development","level":"info","message":"✓ Szerver fut a http://localhost:3000 címen","service":"kanyr-backend","timestamp":"2026-03-10 09:49:43.373"}
{"environment":"development","level":"info","message":"✓ Környezet: development","service":"kanyr-backend","timestamp":"2026-03-10 09:49:43.374"}
{"environment":"development","level":"debug","message":"SQL Query","service":"kanyr-backend","sql":"Executing (default): SELECT 1+1 AS result","timestamp":"2026-03-10 09:51:44.961","type":"database"}
{"environment":"development","level":"info","message":"✓ Sikeres adatbázis kapcsolat létrehozva","service":"kanyr-backend","timestamp":"2026-03-10 09:51:44.964"}
{"environment":"development","level":"debug","message":"SQL Query","service":"kanyr-backend","sql":"Executing (default): SELECT name FROM sqlite_master WHERE type='table' AND name='lakcims';","timestamp":"2026-03-10 09:51:44.968","type":"database"}
{"environment":"development","level":"debug","message":"SQL Query","service":"kanyr-backend","sql":"Executing (default): PRAGMA INDEX_LIST(`lakcims`)","timestamp":"2026-03-10 09:51:44.972","type":"database"}
{"environment":"development","level":"debug","message":"SQL Query","service":"kanyr-backend","sql":"Executing (default): PRAGMA INDEX_INFO(`lakcims_iranyitoszam`)","timestamp":"2026-03-10 09:51:44.973","type":"database"}
{"environment":"development","level":"debug","message":"SQL Query","service":"kanyr-backend","sql":"Executing (default): PRAGMA INDEX_INFO(`lakcims_varos`)","timestamp":"2026-03-10 09:51:44.974","type":"database"}
{"environment":"development","level":"debug","message":"SQL Query","service":"kanyr-backend","sql":"Executing (default): SELECT name FROM sqlite_master WHERE type='table' AND name='szulos';","timestamp":"2026-03-10 09:51:44.975","type":"database"}
{"environment":"development","level":"debug","message":"SQL Query","service":"kanyr-backend","sql":"Executing (default): PRAGMA INDEX_LIST(`szulos`)","timestamp":"2026-03-10 09:51:44.977","type":"database"}
{"environment":"development","level":"debug","message":"SQL Query","service":"kanyr-backend","sql":"Executing (default): PRAGMA INDEX_INFO(`sqlite_autoindex_szulos_1`)","timestamp":"2026-03-10 09:51:44.978","type":"database"}
{"environment":"development","level":"debug","message":"SQL Query","service":"kanyr-backend","sql":"Executing (default): PRAGMA INDEX_INFO(`sqlite_autoindex_szulos_2`)","timestamp":"2026-03-10 09:51:44.979","type":"database"}
{"environment":"development","level":"debug","message":"SQL Query","service":"kanyr-backend","sql":"Executing (default): PRAGMA INDEX_INFO(`szulos_email`)","timestamp":"2026-03-10 09:51:44.980","type":"database"}
{"environment":"development","level":"debug","message":"SQL Query","service":"kanyr-backend","sql":"Executing (default): PRAGMA INDEX_INFO(`szulos_cim_id`)","timestamp":"2026-03-10 09:51:44.981","type":"database"}
{"environment":"development","level":"debug","message":"SQL Query","service":"kanyr-backend","sql":"Executing (default): PRAGMA INDEX_INFO(`szulos_szemelyi_igazolvany_szam`)","timestamp":"2026-03-10 09:51:44.981","type":"database"}
{"environment":"development","level":"debug","message":"SQL Query","service":"kanyr-backend","sql":"Executing (default): SELECT name FROM sqlite_master WHERE type='table' AND name='diaks';","timestamp":"2026-03-10 09:51:44.999","type":"database"}
{"environment":"development","level":"debug","message":"SQL Query","service":"kanyr-backend","sql":"Executing (default): PRAGMA INDEX_LIST(`diaks`)","timestamp":"2026-03-10 09:51:45.001","type":"database"}
{"environment":"development","level":"debug","message":"SQL Query","service":"kanyr-backend","sql":"Executing (default): PRAGMA INDEX_INFO(`sqlite_autoindex_diaks_1`)","timestamp":"2026-03-10 09:51:45.002","type":"database"}
{"environment":"development","level":"debug","message":"SQL Query","service":"kanyr-backend","sql":"Executing (default): PRAGMA INDEX_INFO(`sqlite_autoindex_diaks_2`)","timestamp":"2026-03-10 09:51:45.002","type":"database"}
{"environment":"development","level":"debug","message":"SQL Query","service":"kanyr-backend","sql":"Executing (default): PRAGMA INDEX_INFO(`sqlite_autoindex_diaks_3`)","timestamp":"2026-03-10 09:51:45.004","type":"database"}
{"environment":"development","level":"debug","message":"SQL Query","service":"kanyr-backend","sql":"Executing (default): PRAGMA INDEX_INFO(`sqlite_autoindex_diaks_4`)","timestamp":"2026-03-10 09:51:45.005","type":"database"}
{"environment":"development","level":"debug","message":"SQL Query","service":"kanyr-backend","sql":"Executing (default): PRAGMA INDEX_INFO(`diaks_email`)","timestamp":"2026-03-10 09:51:45.005","type":"database"}
{"environment":"development","level":"debug","message":"SQL Query","service":"kanyr-backend","sql":"Executing (default): PRAGMA INDEX_INFO(`diaks_szulo_id`)","timestamp":"2026-03-10 09:51:45.005","type":"database"}
{"environment":"development","level":"debug","message":"SQL Query","service":"kanyr-backend","sql":"Executing (default): PRAGMA INDEX_INFO(`diaks_cim_id`)","timestamp":"2026-03-10 09:51:45.006","type":"database"}
{"environment":"development","level":"debug","message":"SQL Query","service":"kanyr-backend","sql":"Executing (default): PRAGMA INDEX_INFO(`diaks_nev`)","timestamp":"2026-03-10 09:51:45.006","type":"database"}
{"environment":"development","level":"debug","message":"SQL Query","service":"kanyr-backend","sql":"Executing (default): PRAGMA INDEX_INFO(`diaks_szemelyi_igazolvany_szam`)","timestamp":"2026-03-10 09:51:45.006","type":"database"}
{"environment":"development","level":"debug","message":"SQL Query","service":"kanyr-backend","sql":"Executing (default): PRAGMA INDEX_INFO(`diaks_taj_szam`)","timestamp":"2026-03-10 09:51:45.007","type":"database"}
{"environment":"development","level":"debug","message":"SQL Query","service":"kanyr-backend","sql":"Executing (default): PRAGMA INDEX_INFO(`diaks_diakigazolvany_szam`)","timestamp":"2026-03-10 09:51:45.007","type":"database"}
{"environment":"development","level":"debug","message":"SQL Query","service":"kanyr-backend","sql":"Executing (default): SELECT name FROM sqlite_master WHERE type='table' AND name='felhasznalos';","timestamp":"2026-03-10 09:51:45.232","type":"database"}
{"environment":"development","level":"debug","message":"SQL Query","service":"kanyr-backend","sql":"Executing (default): PRAGMA INDEX_LIST(`felhasznalos`)","timestamp":"2026-03-10 09:51:45.235","type":"database"}
{"environment":"development","level":"debug","message":"SQL Query","service":"kanyr-backend","sql":"Executing (default): PRAGMA INDEX_INFO(`sqlite_autoindex_felhasznalos_1`)","timestamp":"2026-03-10 09:51:45.241","type":"database"}
{"environment":"development","level":"debug","message":"SQL Query","service":"kanyr-backend","sql":"Executing (default): PRAGMA INDEX_INFO(`sqlite_autoindex_felhasznalos_2`)","timestamp":"2026-03-10 09:51:45.241","type":"database"}
{"environment":"development","level":"debug","message":"SQL Query","service":"kanyr-backend","sql":"Executing (default): PRAGMA INDEX_INFO(`felhasznalos_email`)","timestamp":"2026-03-10 09:51:45.242","type":"database"}
{"environment":"development","level":"debug","message":"SQL Query","service":"kanyr-backend","sql":"Executing (default): PRAGMA INDEX_INFO(`felhasznalos_username`)","timestamp":"2026-03-10 09:51:45.242","type":"database"}
{"environment":"development","level":"debug","message":"SQL Query","service":"kanyr-backend","sql":"Executing (default): PRAGMA INDEX_INFO(`felhasznalos_diak_id`)","timestamp":"2026-03-10 09:51:45.242","type":"database"}
{"environment":"development","level":"debug","message":"SQL Query","service":"kanyr-backend","sql":"Executing (default): PRAGMA INDEX_INFO(`felhasznalos_token_version`)","timestamp":"2026-03-10 09:51:45.242","type":"database"}
{"environment":"development","level":"debug","message":"SQL Query","service":"kanyr-backend","sql":"Executing (default): SELECT name FROM sqlite_master WHERE type='table' AND name='szobas';","timestamp":"2026-03-10 09:51:45.322","type":"database"}
{"environment":"development","level":"debug","message":"SQL Query","service":"kanyr-backend","sql":"Executing (default): PRAGMA INDEX_LIST(`szobas`)","timestamp":"2026-03-10 09:51:45.327","type":"database"}
{"environment":"development","level":"debug","message":"SQL Query","service":"kanyr-backend","sql":"Executing (default): PRAGMA INDEX_INFO(`sqlite_autoindex_szobas_1`)","timestamp":"2026-03-10 09:51:45.371","type":"database"}
{"environment":"development","level":"debug","message":"SQL Query","service":"kanyr-backend","sql":"Executing (default): PRAGMA INDEX_INFO(`szobas_szoba_szama`)","timestamp":"2026-03-10 09:51:45.371","type":"database"}
{"environment":"development","level":"debug","message":"SQL Query","service":"kanyr-backend","sql":"Executing (default): SELECT name FROM sqlite_master WHERE type='table' AND name='szobavaltoztatas';","timestamp":"2026-03-10 09:51:45.421","type":"database"}
{"environment":"development","level":"debug","message":"SQL Query","service":"kanyr-backend","sql":"Executing (default): PRAGMA INDEX_LIST(`szobavaltoztatas`)","timestamp":"2026-03-10 09:51:45.448","type":"database"}
{"environment":"development","level":"debug","message":"SQL Query","service":"kanyr-backend","sql":"Executing (default): PRAGMA INDEX_INFO(`szobavaltoztatas_diak_id`)","timestamp":"2026-03-10 09:51:45.451","type":"database"}
{"environment":"development","level":"debug","message":"SQL Query","service":"kanyr-backend","sql":"Executing (default): PRAGMA INDEX_INFO(`szobavaltoztatas_jelenlegi_szoba_id`)","timestamp":"2026-03-10 09:51:45.452","type":"database"}
{"environment":"development","level":"debug","message":"SQL Query","service":"kanyr-backend","sql":"Executing (default): PRAGMA INDEX_INFO(`szobavaltoztatas_kivant_szoba_id`)","timestamp":"2026-03-10 09:51:45.452","type":"database"}
{"environment":"development","level":"debug","message":"SQL Query","service":"kanyr-backend","sql":"Executing (default): PRAGMA INDEX_INFO(`szobavaltoztatas_statusz`)","timestamp":"2026-03-10 09:51:45.452","type":"database"}
{"environment":"development","level":"debug","message":"SQL Query","service":"kanyr-backend","sql":"Executing (default): PRAGMA INDEX_INFO(`szobavaltoztatas_academic_year`)","timestamp":"2026-03-10 09:51:45.454","type":"database"}
{"environment":"development","level":"debug","message":"SQL Query","service":"kanyr-backend","sql":"Executing (default): PRAGMA INDEX_INFO(`szobavaltoztatas_statusz_academic_year`)","timestamp":"2026-03-10 09:51:45.455","type":"database"}
{"environment":"development","level":"debug","message":"SQL Query","service":"kanyr-backend","sql":"Executing (default): SELECT name FROM sqlite_master WHERE type='table' AND name='notifications';","timestamp":"2026-03-10 09:51:45.511","type":"database"}
{"environment":"development","level":"debug","message":"SQL Query","service":"kanyr-backend","sql":"Executing (default): PRAGMA INDEX_LIST(`notifications`)","timestamp":"2026-03-10 09:51:45.524","type":"database"}
{"environment":"development","level":"debug","message":"SQL Query","service":"kanyr-backend","sql":"Executing (default): PRAGMA INDEX_INFO(`notifications_diak_id`)","timestamp":"2026-03-10 09:51:45.555","type":"database"}
{"environment":"development","level":"debug","message":"SQL Query","service":"kanyr-backend","sql":"Executing (default): PRAGMA INDEX_INFO(`notifications_szoba_valtoztatas_id`)","timestamp":"2026-03-10 09:51:45.566","type":"database"}
{"environment":"development","level":"debug","message":"SQL Query","service":"kanyr-backend","sql":"Executing (default): PRAGMA INDEX_INFO(`notifications_elolvasva`)","timestamp":"2026-03-10 09:51:45.567","type":"database"}
{"environment":"development","level":"debug","message":"SQL Query","service":"kanyr-backend","sql":"Executing (default): PRAGMA INDEX_INFO(`notifications_diak_id_elolvasva`)","timestamp":"2026-03-10 09:51:45.567","type":"database"}
{"environment":"development","level":"debug","message":"SQL Query","service":"kanyr-backend","sql":"Executing (default): SELECT name FROM sqlite_master WHERE type='table' AND name='revoked_tokens';","timestamp":"2026-03-10 09:51:45.629","type":"database"}
{"environment":"development","level":"debug","message":"SQL Query","service":"kanyr-backend","sql":"Executing (default): PRAGMA INDEX_LIST(`revoked_tokens`)","timestamp":"2026-03-10 09:51:45.634","type":"database"}
{"environment":"development","level":"debug","message":"SQL Query","service":"kanyr-backend","sql":"Executing (default): PRAGMA INDEX_INFO(`revoked_tokens_token`)","timestamp":"2026-03-10 09:51:45.684","type":"database"}
{"environment":"development","level":"debug","message":"SQL Query","service":"kanyr-backend","sql":"Executing (default): PRAGMA INDEX_INFO(`revoked_tokens_user_id`)","timestamp":"2026-03-10 09:51:45.697","type":"database"}
{"environment":"development","level":"debug","message":"SQL Query","service":"kanyr-backend","sql":"Executing (default): PRAGMA INDEX_INFO(`revoked_tokens_expires_at`)","timestamp":"2026-03-10 09:51:45.697","type":"database"}
{"environment":"development","level":"debug","message":"SQL Query","service":"kanyr-backend","sql":"Executing (default): PRAGMA INDEX_INFO(`revoked_tokens_revoked_at`)","timestamp":"2026-03-10 09:51:45.697","type":"database"}
{"environment":"development","level":"debug","message":"SQL Query","service":"kanyr-backend","sql":"Executing (default): SELECT name FROM sqlite_master WHERE type='table' AND name='szoba_bekoltozes';","timestamp":"2026-03-10 09:51:45.744","type":"database"}
{"environment":"development","level":"debug","message":"SQL Query","service":"kanyr-backend","sql":"Executing (default): PRAGMA INDEX_LIST(`szoba_bekoltozes`)","timestamp":"2026-03-10 09:51:45.747","type":"database"}
{"environment":"development","level":"debug","message":"SQL Query","service":"kanyr-backend","sql":"Executing (default): PRAGMA INDEX_INFO(`szoba_bekoltozes_diak_id`)","timestamp":"2026-03-10 09:51:45.775","type":"database"}
{"environment":"development","level":"debug","message":"SQL Query","service":"kanyr-backend","sql":"Executing (default): PRAGMA INDEX_INFO(`szoba_bekoltozes_szoba_id`)","timestamp":"2026-03-10 09:51:45.775","type":"database"}
{"environment":"development","level":"debug","message":"SQL Query","service":"kanyr-backend","sql":"Executing (default): PRAGMA INDEX_INFO(`szoba_bekoltozes_bekoltozes_datum`)","timestamp":"2026-03-10 09:51:45.775","type":"database"}
{"environment":"development","level":"debug","message":"SQL Query","service":"kanyr-backend","sql":"Executing (default): PRAGMA INDEX_INFO(`szoba_bekoltozes_kikoltozes_datum`)","timestamp":"2026-03-10 09:51:45.776","type":"database"}
{"environment":"development","level":"debug","message":"SQL Query","service":"kanyr-backend","sql":"Executing (default): PRAGMA INDEX_INFO(`szoba_bekoltozes_diak_id_kikoltozes_datum`)","timestamp":"2026-03-10 09:51:45.776","type":"database"}
{"environment":"development","level":"info","message":"✓ Adatbázis szinkronizálva","service":"kanyr-backend","timestamp":"2026-03-10 09:51:45.883"}
{"environment":"development","level":"info","message":"✓ Adatbázis elérhető a route-ok számára","service":"kanyr-backend","timestamp":"2026-03-10 09:51:45.891"}
{"environment":"development","level":"info","message":"✓ Student route-ok inicializálva","service":"kanyr-backend","timestamp":"2026-03-10 09:51:46.062"}
{"environment":"development","level":"info","message":"✓ Room route-ok inicializálva","service":"kanyr-backend","timestamp":"2026-03-10 09:51:46.097"}
{"environment":"development","level":"info","message":"✓ Parent route-ok inicializálva","service":"kanyr-backend","timestamp":"2026-03-10 09:51:46.107"}
{"environment":"development","level":"info","message":"✓ Address route-ok inicializálva","service":"kanyr-backend","timestamp":"2026-03-10 09:51:46.113"}
{"environment":"development","level":"info","message":"✓ Auth route-ok inicializálva","service":"kanyr-backend","timestamp":"2026-03-10 09:51:46.117"}
{"environment":"development","level":"info","message":"✓ User route-ok inicializálva","service":"kanyr-backend","timestamp":"2026-03-10 09:51:46.229"}
{"environment":"development","level":"info","message":"✓ Room change route-ok inicializálva","service":"kanyr-backend","timestamp":"2026-03-10 09:51:46.234"}
{"environment":"development","error":"Cannot read properties of undefined (reading 'Op')","level":"error","message":"Error cleaning up expired tokens","service":"kanyr-backend","timestamp":"2026-03-10 09:51:46.277"}
{"environment":"development","level":"info","message":"✓ Token blacklist cleanup scheduler initialized","service":"kanyr-backend","timestamp":"2026-03-10 09:51:46.277"}
{"environment":"development","error":"Hiba a lejárt tokenek törlése közben: Cannot read properties of undefined (reading 'Op')","level":"error","message":"Error cleaning up expired tokens","service":"kanyr-backend","timestamp":"2026-03-10 09:51:46.278"}
{"environment":"development","error":"Hiba a lejárt tokenek törlése közben: Cannot read properties of undefined (reading 'Op')","level":"error","message":"Error during token cleanup","service":"kanyr-backend","timestamp":"2026-03-10 09:51:46.278"}
{"environment":"development","level":"info","message":"✓ Szerver fut a http://localhost:3000 címen","service":"kanyr-backend","timestamp":"2026-03-10 09:51:46.279"}
{"environment":"development","level":"info","message":"✓ Környezet: development","service":"kanyr-backend","timestamp":"2026-03-10 09:51:46.279"}
