{"environment":"development","level":"info","message":"🔄 Adatbázis szinkronizálása...","service":"kanyr-backend","timestamp":"2026-03-19 10:51:19.876"}
{"environment":"development","level":"debug","message":"SQL Query","service":"kanyr-backend","sql":"Executing (default): DELETE FROM `szoba_bekoltozes`","timestamp":"2026-03-19 10:51:19.891","type":"database"}
{"environment":"development","error":"SQLITE_ERROR: no such table: szoba_bekoltozes","level":"error","message":"❌ Hiba az adatbázis feltöltésekor","service":"kanyr-backend","stack":"Error\n    at Database.<anonymous> (c:\\Users\\SZ2\\Documents\\13.B\\Projektmunka\\KANYR\\backend\\node_modules\\sequelize\\lib\\dialects\\sqlite\\query.js:185:27)\n    at c:\\Users\\SZ2\\Documents\\13.B\\Projektmunka\\KANYR\\backend\\node_modules\\sequelize\\lib\\dialects\\sqlite\\query.js:183:50\n    at new Promise (<anonymous>)\n    at Query.run (c:\\Users\\SZ2\\Documents\\13.B\\Projektmunka\\KANYR\\backend\\node_modules\\sequelize\\lib\\dialects\\sqlite\\query.js:183:12)\n    at c:\\Users\\SZ2\\Documents\\13.B\\Projektmunka\\KANYR\\backend\\node_modules\\sequelize\\lib\\sequelize.js:315:28\n    at async SzobaBekoltozes.destroy (c:\\Users\\SZ2\\Documents\\13.B\\Projektmunka\\KANYR\\backend\\node_modules\\sequelize\\lib\\model.js:1838:16)\n    at async SzobaBekoltozes.truncate (c:\\Users\\SZ2\\Documents\\13.B\\Projektmunka\\KANYR\\backend\\node_modules\\sequelize\\lib\\model.js:1791:12)\n    at async Sequelize.truncate (c:\\Users\\SZ2\\Documents\\13.B\\Projektmunka\\KANYR\\backend\\node_modules\\sequelize\\lib\\sequelize.js:415:9)\n    at async seedDatabase (c:\\Users\\SZ2\\Documents\\13.B\\Projektmunka\\KANYR\\backend\\testdata.js:17:5)","timestamp":"2026-03-19 10:51:19.899"}
{"environment":"development","level":"debug","message":"SQL Query","service":"kanyr-backend","sql":"Executing (default): SELECT 1+1 AS result","timestamp":"2026-03-19 10:51:38.571","type":"database"}
{"environment":"development","level":"debug","message":"SQL Query","service":"kanyr-backend","sql":"Executing (default): CREATE TABLE IF NOT EXISTS SequelizeMeta (\n      name VARCHAR(255) PRIMARY KEY\n    )","timestamp":"2026-03-19 10:51:38.582","type":"database"}
{"environment":"development","level":"debug","message":"SQL Query","service":"kanyr-backend","sql":"Executing (default): SELECT name FROM SequelizeMeta ORDER BY name","timestamp":"2026-03-19 10:51:38.593","type":"database"}
{"environment":"development","level":"debug","message":"SQL Query","service":"kanyr-backend","sql":"Executing (f03b8e0d-7379-4c09-a7b7-9a604ea36617): BEGIN DEFERRED TRANSACTION;","timestamp":"2026-03-19 10:51:38.601","type":"database"}
{"environment":"development","level":"debug","message":"SQL Query","service":"kanyr-backend","sql":"Executing (f03b8e0d-7379-4c09-a7b7-9a604ea36617): CREATE INDEX `idx_diaks_email` ON `diaks` (`email`)","timestamp":"2026-03-19 10:51:38.604","type":"database"}
{"environment":"development","level":"debug","message":"SQL Query","service":"kanyr-backend","sql":"Executing (f03b8e0d-7379-4c09-a7b7-9a604ea36617): ROLLBACK;","timestamp":"2026-03-19 10:51:38.607","type":"database"}
{"environment":"development","level":"info","message":"🔄 Adatbázis szinkronizálása...","service":"kanyr-backend","timestamp":"2026-03-19 10:52:30.135"}
{"environment":"development","level":"debug","message":"SQL Query","service":"kanyr-backend","sql":"Executing (default): DELETE FROM `szoba_bekoltozes`","timestamp":"2026-03-19 10:52:30.146","type":"database"}
{"environment":"development","error":"SQLITE_ERROR: no such table: szoba_bekoltozes","level":"error","message":"❌ Hiba az adatbázis feltöltésekor","service":"kanyr-backend","stack":"Error\n    at Database.<anonymous> (C:\\Users\\SZ2\\Documents\\13.B\\Projektmunka\\KANYR\\backend\\node_modules\\sequelize\\lib\\dialects\\sqlite\\query.js:185:27)\n    at C:\\Users\\SZ2\\Documents\\13.B\\Projektmunka\\KANYR\\backend\\node_modules\\sequelize\\lib\\dialects\\sqlite\\query.js:183:50\n    at new Promise (<anonymous>)\n    at Query.run (C:\\Users\\SZ2\\Documents\\13.B\\Projektmunka\\KANYR\\backend\\node_modules\\sequelize\\lib\\dialects\\sqlite\\query.js:183:12)\n    at C:\\Users\\SZ2\\Documents\\13.B\\Projektmunka\\KANYR\\backend\\node_modules\\sequelize\\lib\\sequelize.js:315:28\n    at async SzobaBekoltozes.destroy (C:\\Users\\SZ2\\Documents\\13.B\\Projektmunka\\KANYR\\backend\\node_modules\\sequelize\\lib\\model.js:1838:16)\n    at async SzobaBekoltozes.truncate (C:\\Users\\SZ2\\Documents\\13.B\\Projektmunka\\KANYR\\backend\\node_modules\\sequelize\\lib\\model.js:1791:12)\n    at async Sequelize.truncate (C:\\Users\\SZ2\\Documents\\13.B\\Projektmunka\\KANYR\\backend\\node_modules\\sequelize\\lib\\sequelize.js:415:9)\n    at async seedDatabase (C:\\Users\\SZ2\\Documents\\13.B\\Projektmunka\\KANYR\\backend\\testdata.js:17:5)","timestamp":"2026-03-19 10:52:30.158"}
{"environment":"development","level":"info","message":"🔄 Adatbázis szinkronizálása...","service":"kanyr-backend","timestamp":"2026-03-19 10:57:33.261"}
{"environment":"development","level":"debug","message":"SQL Query","service":"kanyr-backend","sql":"Executing (default): DROP TABLE IF EXISTS `szoba_bekoltozes`;","timestamp":"2026-03-19 10:57:33.269","type":"database"}
{"environment":"development","level":"debug","message":"SQL Query","service":"kanyr-backend","sql":"Executing (default): DROP TABLE IF EXISTS `revoked_tokens`;","timestamp":"2026-03-19 10:57:33.282","type":"database"}
{"environment":"development","level":"debug","message":"SQL Query","service":"kanyr-backend","sql":"Executing (default): DROP TABLE IF EXISTS `notifications`;","timestamp":"2026-03-19 10:57:33.283","type":"database"}
{"environment":"development","level":"debug","message":"SQL Query","service":"kanyr-backend","sql":"Executing (default): DROP TABLE IF EXISTS `szobavaltoztatas`;","timestamp":"2026-03-19 10:57:33.285","type":"database"}
{"environment":"development","level":"debug","message":"SQL Query","service":"kanyr-backend","sql":"Executing (default): DROP TABLE IF EXISTS `szobas`;","timestamp":"2026-03-19 10:57:33.286","type":"database"}
{"environment":"development","level":"debug","message":"SQL Query","service":"kanyr-backend","sql":"Executing (default): DROP TABLE IF EXISTS `felhasznalos`;","timestamp":"2026-03-19 10:57:33.287","type":"database"}
{"environment":"development","level":"debug","message":"SQL Query","service":"kanyr-backend","sql":"Executing (default): DROP TABLE IF EXISTS `diaks`;","timestamp":"2026-03-19 10:57:33.288","type":"database"}
{"environment":"development","level":"debug","message":"SQL Query","service":"kanyr-backend","sql":"Executing (default): DROP TABLE IF EXISTS `szulos`;","timestamp":"2026-03-19 10:57:33.289","type":"database"}
{"environment":"development","level":"debug","message":"SQL Query","service":"kanyr-backend","sql":"Executing (default): DROP TABLE IF EXISTS `lakcims`;","timestamp":"2026-03-19 10:57:33.292","type":"database"}
{"environment":"development","level":"debug","message":"SQL Query","service":"kanyr-backend","sql":"Executing (default): DROP TABLE IF EXISTS `audit_logs`;","timestamp":"2026-03-19 10:57:33.293","type":"database"}
{"environment":"development","level":"debug","message":"SQL Query","service":"kanyr-backend","sql":"Executing (default): PRAGMA foreign_keys = OFF","timestamp":"2026-03-19 10:57:33.294","type":"database"}
{"environment":"development","level":"debug","message":"SQL Query","service":"kanyr-backend","sql":"Executing (default): DROP TABLE IF EXISTS `audit_logs`;","timestamp":"2026-03-19 10:57:33.295","type":"database"}
{"environment":"development","level":"debug","message":"SQL Query","service":"kanyr-backend","sql":"Executing (default): DROP TABLE IF EXISTS `diaks`;","timestamp":"2026-03-19 10:57:33.296","type":"database"}
{"environment":"development","level":"debug","message":"SQL Query","service":"kanyr-backend","sql":"Executing (default): DROP TABLE IF EXISTS `felhasznalos`;","timestamp":"2026-03-19 10:57:33.297","type":"database"}
{"environment":"development","level":"debug","message":"SQL Query","service":"kanyr-backend","sql":"Executing (default): DROP TABLE IF EXISTS `lakcims`;","timestamp":"2026-03-19 10:57:33.298","type":"database"}
{"environment":"development","level":"debug","message":"SQL Query","service":"kanyr-backend","sql":"Executing (default): DROP TABLE IF EXISTS `notifications`;","timestamp":"2026-03-19 10:57:33.299","type":"database"}
{"environment":"development","level":"debug","message":"SQL Query","service":"kanyr-backend","sql":"Executing (default): DROP TABLE IF EXISTS `revoked_tokens`;","timestamp":"2026-03-19 10:57:33.300","type":"database"}
{"environment":"development","level":"debug","message":"SQL Query","service":"kanyr-backend","sql":"Executing (default): DROP TABLE IF EXISTS `szobas`;","timestamp":"2026-03-19 10:57:33.301","type":"database"}
{"environment":"development","level":"debug","message":"SQL Query","service":"kanyr-backend","sql":"Executing (default): DROP TABLE IF EXISTS `szoba_bekoltozes`;","timestamp":"2026-03-19 10:57:33.302","type":"database"}
{"environment":"development","level":"debug","message":"SQL Query","service":"kanyr-backend","sql":"Executing (default): DROP TABLE IF EXISTS `szobavaltoztatas`;","timestamp":"2026-03-19 10:57:33.303","type":"database"}
{"environment":"development","level":"debug","message":"SQL Query","service":"kanyr-backend","sql":"Executing (default): DROP TABLE IF EXISTS `szulos`;","timestamp":"2026-03-19 10:57:33.305","type":"database"}
{"environment":"development","level":"debug","message":"SQL Query","service":"kanyr-backend","sql":"Executing (default): PRAGMA foreign_keys = ON","timestamp":"2026-03-19 10:57:33.306","type":"database"}
{"environment":"development","level":"debug","message":"SQL Query","service":"kanyr-backend","sql":"Executing (default): DROP TABLE IF EXISTS `audit_logs`;","timestamp":"2026-03-19 10:57:33.310","type":"database"}
{"environment":"development","level":"debug","message":"SQL Query","service":"kanyr-backend","sql":"Executing (default): CREATE TABLE IF NOT EXISTS `audit_logs` (`audit_id` INTEGER PRIMARY KEY AUTOINCREMENT, `table_name` VARCHAR(100) NOT NULL, `record_id` INTEGER NOT NULL, `operation` TEXT NOT NULL, `user_id` INTEGER, `user_email` VARCHAR(100), `ip_address` VARCHAR(45), `user_agent` TEXT, `old_values` JSON, `new_values` JSON, `changes` JSON, `created_at` DATETIME NOT NULL);","timestamp":"2026-03-19 10:57:33.313","type":"database"}
{"environment":"development","level":"debug","message":"SQL Query","service":"kanyr-backend","sql":"Executing (default): PRAGMA INDEX_LIST(`audit_logs`)","timestamp":"2026-03-19 10:57:33.321","type":"database"}
{"environment":"development","level":"debug","message":"SQL Query","service":"kanyr-backend","sql":"Executing (default): CREATE INDEX `audit_logs_table_name` ON `audit_logs` (`table_name`)","timestamp":"2026-03-19 10:57:33.329","type":"database"}
{"environment":"development","level":"debug","message":"SQL Query","service":"kanyr-backend","sql":"Executing (default): CREATE INDEX `audit_logs_record_id` ON `audit_logs` (`record_id`)","timestamp":"2026-03-19 10:57:33.343","type":"database"}
{"environment":"development","level":"debug","message":"SQL Query","service":"kanyr-backend","sql":"Executing (default): CREATE INDEX `audit_logs_operation` ON `audit_logs` (`operation`)","timestamp":"2026-03-19 10:57:33.355","type":"database"}
{"environment":"development","level":"debug","message":"SQL Query","service":"kanyr-backend","sql":"Executing (default): CREATE INDEX `audit_logs_user_id` ON `audit_logs` (`user_id`)","timestamp":"2026-03-19 10:57:33.377","type":"database"}
{"environment":"development","level":"debug","message":"SQL Query","service":"kanyr-backend","sql":"Executing (default): CREATE INDEX `audit_logs_created_at` ON `audit_logs` (`created_at`)","timestamp":"2026-03-19 10:57:33.450","type":"database"}
{"environment":"development","level":"debug","message":"SQL Query","service":"kanyr-backend","sql":"Executing (default): CREATE INDEX `audit_logs_table_name_operation` ON `audit_logs` (`table_name`, `operation`)","timestamp":"2026-03-19 10:57:33.526","type":"database"}
{"environment":"development","level":"debug","message":"SQL Query","service":"kanyr-backend","sql":"Executing (default): CREATE INDEX `audit_logs_user_id_created_at` ON `audit_logs` (`user_id`, `created_at`)","timestamp":"2026-03-19 10:57:33.566","type":"database"}
{"environment":"development","level":"debug","message":"SQL Query","service":"kanyr-backend","sql":"Executing (default): DROP TABLE IF EXISTS `lakcims`;","timestamp":"2026-03-19 10:57:33.636","type":"database"}
{"environment":"development","level":"debug","message":"SQL Query","service":"kanyr-backend","sql":"Executing (default): CREATE TABLE IF NOT EXISTS `lakcims` (`cim_id` INTEGER PRIMARY KEY AUTOINCREMENT, `orszag` VARCHAR(100) NOT NULL DEFAULT 'Magyarország', `iranyitoszam` VARCHAR(10) NOT NULL, `varos` VARCHAR(100) NOT NULL, `utca_hazszam` VARCHAR(200) NOT NULL, `deleted_at` DATETIME DEFAULT NULL, `created_at` DATETIME NOT NULL, `updated_at` DATETIME NOT NULL);","timestamp":"2026-03-19 10:57:33.643","type":"database"}
{"environment":"development","level":"debug","message":"SQL Query","service":"kanyr-backend","sql":"Executing (default): PRAGMA INDEX_LIST(`lakcims`)","timestamp":"2026-03-19 10:57:33.667","type":"database"}
{"environment":"development","level":"debug","message":"SQL Query","service":"kanyr-backend","sql":"Executing (default): CREATE INDEX `lakcims_iranyitoszam` ON `lakcims` (`iranyitoszam`)","timestamp":"2026-03-19 10:57:33.669","type":"database"}
{"environment":"development","level":"debug","message":"SQL Query","service":"kanyr-backend","sql":"Executing (default): CREATE INDEX `lakcims_varos` ON `lakcims` (`varos`)","timestamp":"2026-03-19 10:57:33.679","type":"database"}
{"environment":"development","level":"debug","message":"SQL Query","service":"kanyr-backend","sql":"Executing (default): CREATE INDEX `lakcims_deleted_at` ON `lakcims` (`deleted_at`)","timestamp":"2026-03-19 10:57:33.688","type":"database"}
{"environment":"development","level":"debug","message":"SQL Query","service":"kanyr-backend","sql":"Executing (default): DROP TABLE IF EXISTS `szulos`;","timestamp":"2026-03-19 10:57:33.699","type":"database"}
{"environment":"development","level":"debug","message":"SQL Query","service":"kanyr-backend","sql":"Executing (default): CREATE TABLE IF NOT EXISTS `szulos` (`szulo_id` INTEGER PRIMARY KEY AUTOINCREMENT, `nev` VARCHAR(100) NOT NULL, `email` VARCHAR(100) NOT NULL UNIQUE, `telefonszam` VARCHAR(20) NOT NULL, `szemelyi_igazolvany_szam` VARCHAR(20) NOT NULL UNIQUE, `cim_id` INTEGER NOT NULL REFERENCES `lakcims` (`cim_id`) ON DELETE CASCADE ON UPDATE CASCADE, `deleted_at` DATETIME DEFAULT NULL, `created_at` DATETIME NOT NULL, `updated_at` DATETIME NOT NULL);","timestamp":"2026-03-19 10:57:33.702","type":"database"}
{"environment":"development","level":"debug","message":"SQL Query","service":"kanyr-backend","sql":"Executing (default): PRAGMA INDEX_LIST(`szulos`)","timestamp":"2026-03-19 10:57:33.715","type":"database"}
{"environment":"development","level":"debug","message":"SQL Query","service":"kanyr-backend","sql":"Executing (default): PRAGMA INDEX_INFO(`sqlite_autoindex_szulos_1`)","timestamp":"2026-03-19 10:57:33.719","type":"database"}
{"environment":"development","level":"debug","message":"SQL Query","service":"kanyr-backend","sql":"Executing (default): PRAGMA INDEX_INFO(`sqlite_autoindex_szulos_2`)","timestamp":"2026-03-19 10:57:33.720","type":"database"}
{"environment":"development","level":"debug","message":"SQL Query","service":"kanyr-backend","sql":"Executing (default): CREATE UNIQUE INDEX `szulos_email` ON `szulos` (`email`)","timestamp":"2026-03-19 10:57:33.723","type":"database"}
{"environment":"development","level":"debug","message":"SQL Query","service":"kanyr-backend","sql":"Executing (default): CREATE INDEX `szulos_cim_id` ON `szulos` (`cim_id`)","timestamp":"2026-03-19 10:57:33.738","type":"database"}
{"environment":"development","level":"debug","message":"SQL Query","service":"kanyr-backend","sql":"Executing (default): CREATE UNIQUE INDEX `szulos_szemelyi_igazolvany_szam` ON `szulos` (`szemelyi_igazolvany_szam`)","timestamp":"2026-03-19 10:57:33.753","type":"database"}
{"environment":"development","level":"debug","message":"SQL Query","service":"kanyr-backend","sql":"Executing (default): CREATE INDEX `szulos_deleted_at` ON `szulos` (`deleted_at`)","timestamp":"2026-03-19 10:57:33.764","type":"database"}
{"environment":"development","level":"debug","message":"SQL Query","service":"kanyr-backend","sql":"Executing (default): DROP TABLE IF EXISTS `diaks`;","timestamp":"2026-03-19 10:57:33.849","type":"database"}
{"environment":"development","level":"debug","message":"SQL Query","service":"kanyr-backend","sql":"Executing (default): CREATE TABLE IF NOT EXISTS `diaks` (`diak_id` INTEGER PRIMARY KEY AUTOINCREMENT, `nev` VARCHAR(100) NOT NULL, `email` VARCHAR(100) NOT NULL UNIQUE, `telefonszam` VARCHAR(20) NOT NULL, `szuletesi_datum` DATE NOT NULL, `szemelyi_igazolvany_szam` VARCHAR(20) NOT NULL UNIQUE, `taj_szam` VARCHAR(20) NOT NULL UNIQUE, `diakigazolvany_szam` VARCHAR(20) NOT NULL UNIQUE, `szulo_id` INTEGER REFERENCES `szulos` (`szulo_id`) ON DELETE SET NULL ON UPDATE CASCADE, `kapcsolat_tipusa` TEXT NOT NULL, `cim_id` INTEGER REFERENCES `lakcims` (`cim_id`) ON DELETE SET NULL ON UPDATE CASCADE, `nem` TEXT NOT NULL, `deleted_at` DATETIME DEFAULT NULL, `created_at` DATETIME NOT NULL, `updated_at` DATETIME NOT NULL);","timestamp":"2026-03-19 10:57:33.866","type":"database"}
{"environment":"development","level":"debug","message":"SQL Query","service":"kanyr-backend","sql":"Executing (default): PRAGMA INDEX_LIST(`diaks`)","timestamp":"2026-03-19 10:57:33.895","type":"database"}
{"environment":"development","level":"debug","message":"SQL Query","service":"kanyr-backend","sql":"Executing (default): PRAGMA INDEX_INFO(`sqlite_autoindex_diaks_1`)","timestamp":"2026-03-19 10:57:33.896","type":"database"}
{"environment":"development","level":"debug","message":"SQL Query","service":"kanyr-backend","sql":"Executing (default): PRAGMA INDEX_INFO(`sqlite_autoindex_diaks_2`)","timestamp":"2026-03-19 10:57:33.897","type":"database"}
{"environment":"development","level":"debug","message":"SQL Query","service":"kanyr-backend","sql":"Executing (default): PRAGMA INDEX_INFO(`sqlite_autoindex_diaks_3`)","timestamp":"2026-03-19 10:57:33.897","type":"database"}
{"environment":"development","level":"debug","message":"SQL Query","service":"kanyr-backend","sql":"Executing (default): PRAGMA INDEX_INFO(`sqlite_autoindex_diaks_4`)","timestamp":"2026-03-19 10:57:33.897","type":"database"}
{"environment":"development","level":"debug","message":"SQL Query","service":"kanyr-backend","sql":"Executing (default): CREATE UNIQUE INDEX `diaks_email` ON `diaks` (`email`)","timestamp":"2026-03-19 10:57:33.900","type":"database"}
{"environment":"development","level":"debug","message":"SQL Query","service":"kanyr-backend","sql":"Executing (default): CREATE INDEX `diaks_szulo_id` ON `diaks` (`szulo_id`)","timestamp":"2026-03-19 10:57:33.922","type":"database"}
{"environment":"development","level":"debug","message":"SQL Query","service":"kanyr-backend","sql":"Executing (default): CREATE INDEX `diaks_cim_id` ON `diaks` (`cim_id`)","timestamp":"2026-03-19 10:57:33.932","type":"database"}
{"environment":"development","level":"debug","message":"SQL Query","service":"kanyr-backend","sql":"Executing (default): CREATE INDEX `diaks_nev` ON `diaks` (`nev`)","timestamp":"2026-03-19 10:57:33.944","type":"database"}
{"environment":"development","level":"debug","message":"SQL Query","service":"kanyr-backend","sql":"Executing (default): CREATE UNIQUE INDEX `diaks_szemelyi_igazolvany_szam` ON `diaks` (`szemelyi_igazolvany_szam`)","timestamp":"2026-03-19 10:57:33.954","type":"database"}
{"environment":"development","level":"debug","message":"SQL Query","service":"kanyr-backend","sql":"Executing (default): CREATE UNIQUE INDEX `diaks_taj_szam` ON `diaks` (`taj_szam`)","timestamp":"2026-03-19 10:57:33.971","type":"database"}
{"environment":"development","level":"debug","message":"SQL Query","service":"kanyr-backend","sql":"Executing (default): CREATE UNIQUE INDEX `diaks_diakigazolvany_szam` ON `diaks` (`diakigazolvany_szam`)","timestamp":"2026-03-19 10:57:33.988","type":"database"}
{"environment":"development","level":"debug","message":"SQL Query","service":"kanyr-backend","sql":"Executing (default): CREATE INDEX `diaks_deleted_at` ON `diaks` (`deleted_at`)","timestamp":"2026-03-19 10:57:33.999","type":"database"}
{"environment":"development","level":"debug","message":"SQL Query","service":"kanyr-backend","sql":"Executing (default): DROP TABLE IF EXISTS `felhasznalos`;","timestamp":"2026-03-19 10:57:34.009","type":"database"}
{"environment":"development","level":"debug","message":"SQL Query","service":"kanyr-backend","sql":"Executing (default): CREATE TABLE IF NOT EXISTS `felhasznalos` (`user_id` INTEGER PRIMARY KEY AUTOINCREMENT, `username` VARCHAR(50) NOT NULL UNIQUE, `email` VARCHAR(100) NOT NULL UNIQUE, `password` VARCHAR(100) NOT NULL, `admin` TINYINT(1) NOT NULL DEFAULT 0, `diak_id` INTEGER REFERENCES `diaks` (`diak_id`), `token_version` INTEGER NOT NULL DEFAULT 1, `last_password_change` DATETIME, `security_flags` JSON DEFAULT '{}', `deleted_at` DATETIME DEFAULT NULL, `created_at` DATETIME NOT NULL, `updated_at` DATETIME NOT NULL);","timestamp":"2026-03-19 10:57:34.011","type":"database"}
{"environment":"development","level":"debug","message":"SQL Query","service":"kanyr-backend","sql":"Executing (default): PRAGMA INDEX_LIST(`felhasznalos`)","timestamp":"2026-03-19 10:57:34.023","type":"database"}
{"environment":"development","level":"debug","message":"SQL Query","service":"kanyr-backend","sql":"Executing (default): PRAGMA INDEX_INFO(`sqlite_autoindex_felhasznalos_1`)","timestamp":"2026-03-19 10:57:34.026","type":"database"}
{"environment":"development","level":"debug","message":"SQL Query","service":"kanyr-backend","sql":"Executing (default): PRAGMA INDEX_INFO(`sqlite_autoindex_felhasznalos_2`)","timestamp":"2026-03-19 10:57:34.027","type":"database"}
{"environment":"development","level":"debug","message":"SQL Query","service":"kanyr-backend","sql":"Executing (default): CREATE UNIQUE INDEX `felhasznalos_email` ON `felhasznalos` (`email`)","timestamp":"2026-03-19 10:57:34.031","type":"database"}
{"environment":"development","level":"debug","message":"SQL Query","service":"kanyr-backend","sql":"Executing (default): CREATE UNIQUE INDEX `felhasznalos_username` ON `felhasznalos` (`username`)","timestamp":"2026-03-19 10:57:34.042","type":"database"}
{"environment":"development","level":"debug","message":"SQL Query","service":"kanyr-backend","sql":"Executing (default): CREATE INDEX `felhasznalos_diak_id` ON `felhasznalos` (`diak_id`)","timestamp":"2026-03-19 10:57:34.058","type":"database"}
{"environment":"development","level":"debug","message":"SQL Query","service":"kanyr-backend","sql":"Executing (default): CREATE INDEX `felhasznalos_token_version` ON `felhasznalos` (`token_version`)","timestamp":"2026-03-19 10:57:34.070","type":"database"}
{"environment":"development","level":"debug","message":"SQL Query","service":"kanyr-backend","sql":"Executing (default): CREATE INDEX `felhasznalos_deleted_at` ON `felhasznalos` (`deleted_at`)","timestamp":"2026-03-19 10:57:34.081","type":"database"}
{"environment":"development","level":"debug","message":"SQL Query","service":"kanyr-backend","sql":"Executing (default): DROP TABLE IF EXISTS `szobas`;","timestamp":"2026-03-19 10:57:34.092","type":"database"}
{"environment":"development","level":"debug","message":"SQL Query","service":"kanyr-backend","sql":"Executing (default): CREATE TABLE IF NOT EXISTS `szobas` (`szoba_id` INTEGER PRIMARY KEY AUTOINCREMENT, `szoba_szama` VARCHAR(10) NOT NULL UNIQUE, `osszes_hely` INTEGER NOT NULL, `deleted_at` DATETIME DEFAULT NULL, `created_at` DATETIME NOT NULL, `updated_at` DATETIME NOT NULL);","timestamp":"2026-03-19 10:57:34.093","type":"database"}
{"environment":"development","level":"debug","message":"SQL Query","service":"kanyr-backend","sql":"Executing (default): PRAGMA INDEX_LIST(`szobas`)","timestamp":"2026-03-19 10:57:34.102","type":"database"}
{"environment":"development","level":"debug","message":"SQL Query","service":"kanyr-backend","sql":"Executing (default): PRAGMA INDEX_INFO(`sqlite_autoindex_szobas_1`)","timestamp":"2026-03-19 10:57:34.103","type":"database"}
{"environment":"development","level":"debug","message":"SQL Query","service":"kanyr-backend","sql":"Executing (default): CREATE UNIQUE INDEX `szobas_szoba_szama` ON `szobas` (`szoba_szama`)","timestamp":"2026-03-19 10:57:34.104","type":"database"}
{"environment":"development","level":"debug","message":"SQL Query","service":"kanyr-backend","sql":"Executing (default): CREATE INDEX `szobas_deleted_at` ON `szobas` (`deleted_at`)","timestamp":"2026-03-19 10:57:34.121","type":"database"}
{"environment":"development","level":"debug","message":"SQL Query","service":"kanyr-backend","sql":"Executing (default): DROP TABLE IF EXISTS `szobavaltoztatas`;","timestamp":"2026-03-19 10:57:34.135","type":"database"}
{"environment":"development","level":"debug","message":"SQL Query","service":"kanyr-backend","sql":"Executing (default): CREATE TABLE IF NOT EXISTS `szobavaltoztatas` (`valtoztatas_id` INTEGER PRIMARY KEY AUTOINCREMENT, `diak_id` INTEGER NOT NULL REFERENCES `diaks` (`diak_id`) ON DELETE NO ACTION ON UPDATE CASCADE, `jelenlegi_szoba_id` INTEGER NOT NULL REFERENCES `szobas` (`szoba_id`) ON DELETE CASCADE ON UPDATE CASCADE, `kivant_szoba_id` INTEGER NOT NULL REFERENCES `szobas` (`szoba_id`) ON DELETE CASCADE ON UPDATE CASCADE, `statusz` TEXT NOT NULL DEFAULT 'pending', `indok` TEXT, `academic_year` VARCHAR(9) NOT NULL, `semester_count` INTEGER NOT NULL DEFAULT 1, `deleted_at` DATETIME DEFAULT NULL, `created_at` DATETIME NOT NULL, `updated_at` DATETIME NOT NULL);","timestamp":"2026-03-19 10:57:34.137","type":"database"}
{"environment":"development","level":"debug","message":"SQL Query","service":"kanyr-backend","sql":"Executing (default): PRAGMA INDEX_LIST(`szobavaltoztatas`)","timestamp":"2026-03-19 10:57:34.154","type":"database"}
{"environment":"development","level":"debug","message":"SQL Query","service":"kanyr-backend","sql":"Executing (default): CREATE INDEX `szobavaltoztatas_diak_id` ON `szobavaltoztatas` (`diak_id`)","timestamp":"2026-03-19 10:57:34.158","type":"database"}
{"environment":"development","level":"debug","message":"SQL Query","service":"kanyr-backend","sql":"Executing (default): CREATE INDEX `szobavaltoztatas_jelenlegi_szoba_id` ON `szobavaltoztatas` (`jelenlegi_szoba_id`)","timestamp":"2026-03-19 10:57:34.167","type":"database"}
{"environment":"development","level":"debug","message":"SQL Query","service":"kanyr-backend","sql":"Executing (default): CREATE INDEX `szobavaltoztatas_kivant_szoba_id` ON `szobavaltoztatas` (`kivant_szoba_id`)","timestamp":"2026-03-19 10:57:34.178","type":"database"}
{"environment":"development","level":"debug","message":"SQL Query","service":"kanyr-backend","sql":"Executing (default): CREATE INDEX `szobavaltoztatas_statusz` ON `szobavaltoztatas` (`statusz`)","timestamp":"2026-03-19 10:57:34.192","type":"database"}
{"environment":"development","level":"debug","message":"SQL Query","service":"kanyr-backend","sql":"Executing (default): CREATE INDEX `szobavaltoztatas_academic_year` ON `szobavaltoztatas` (`academic_year`)","timestamp":"2026-03-19 10:57:34.202","type":"database"}
{"environment":"development","level":"debug","message":"SQL Query","service":"kanyr-backend","sql":"Executing (default): CREATE INDEX `szobavaltoztatas_statusz_academic_year` ON `szobavaltoztatas` (`statusz`, `academic_year`)","timestamp":"2026-03-19 10:57:34.213","type":"database"}
{"environment":"development","level":"debug","message":"SQL Query","service":"kanyr-backend","sql":"Executing (default): CREATE INDEX `szobavaltoztatas_deleted_at` ON `szobavaltoztatas` (`deleted_at`)","timestamp":"2026-03-19 10:57:34.221","type":"database"}
{"environment":"development","level":"debug","message":"SQL Query","service":"kanyr-backend","sql":"Executing (default): DROP TABLE IF EXISTS `notifications`;","timestamp":"2026-03-19 10:57:34.232","type":"database"}
{"environment":"development","level":"debug","message":"SQL Query","service":"kanyr-backend","sql":"Executing (default): CREATE TABLE IF NOT EXISTS `notifications` (`notification_id` INTEGER PRIMARY KEY AUTOINCREMENT, `diak_id` INTEGER NOT NULL REFERENCES `diaks` (`diak_id`) ON DELETE CASCADE ON UPDATE CASCADE, `szoba_valtoztatas_id` INTEGER REFERENCES `szobavaltoztatas` (`valtoztatas_id`) ON DELETE SET NULL ON UPDATE CASCADE, `tipus` TEXT NOT NULL, `uzenet` TEXT NOT NULL, `elolvasva` TINYINT(1) NOT NULL DEFAULT 0, `deleted_at` DATETIME DEFAULT NULL, `created_at` DATETIME NOT NULL, `updated_at` DATETIME NOT NULL);","timestamp":"2026-03-19 10:57:34.234","type":"database"}
{"environment":"development","level":"debug","message":"SQL Query","service":"kanyr-backend","sql":"Executing (default): PRAGMA INDEX_LIST(`notifications`)","timestamp":"2026-03-19 10:57:34.246","type":"database"}
{"environment":"development","level":"debug","message":"SQL Query","service":"kanyr-backend","sql":"Executing (default): CREATE INDEX `notifications_diak_id` ON `notifications` (`diak_id`)","timestamp":"2026-03-19 10:57:34.247","type":"database"}
{"environment":"development","level":"debug","message":"SQL Query","service":"kanyr-backend","sql":"Executing (default): CREATE INDEX `notifications_szoba_valtoztatas_id` ON `notifications` (`szoba_valtoztatas_id`)","timestamp":"2026-03-19 10:57:34.256","type":"database"}
{"environment":"development","level":"debug","message":"SQL Query","service":"kanyr-backend","sql":"Executing (default): CREATE INDEX `notifications_elolvasva` ON `notifications` (`elolvasva`)","timestamp":"2026-03-19 10:57:34.276","type":"database"}
{"environment":"development","level":"debug","message":"SQL Query","service":"kanyr-backend","sql":"Executing (default): CREATE INDEX `notifications_diak_id_elolvasva` ON `notifications` (`diak_id`, `elolvasva`)","timestamp":"2026-03-19 10:57:34.289","type":"database"}
{"environment":"development","level":"debug","message":"SQL Query","service":"kanyr-backend","sql":"Executing (default): CREATE INDEX `notifications_deleted_at` ON `notifications` (`deleted_at`)","timestamp":"2026-03-19 10:57:34.302","type":"database"}
{"environment":"development","level":"debug","message":"SQL Query","service":"kanyr-backend","sql":"Executing (default): DROP TABLE IF EXISTS `revoked_tokens`;","timestamp":"2026-03-19 10:57:34.312","type":"database"}
{"environment":"development","level":"debug","message":"SQL Query","service":"kanyr-backend","sql":"Executing (default): CREATE TABLE IF NOT EXISTS `revoked_tokens` (`id` INTEGER PRIMARY KEY AUTOINCREMENT, `token` TEXT NOT NULL, `user_id` INTEGER NOT NULL REFERENCES `felhasznalos` (`user_id`) ON DELETE NO ACTION ON UPDATE CASCADE, `expires_at` DATETIME NOT NULL, `revoked_at` DATETIME NOT NULL);","timestamp":"2026-03-19 10:57:34.314","type":"database"}
{"environment":"development","level":"debug","message":"SQL Query","service":"kanyr-backend","sql":"Executing (default): PRAGMA INDEX_LIST(`revoked_tokens`)","timestamp":"2026-03-19 10:57:34.322","type":"database"}
{"environment":"development","level":"debug","message":"SQL Query","service":"kanyr-backend","sql":"Executing (default): CREATE UNIQUE INDEX `revoked_tokens_token` ON `revoked_tokens` (`token`)","timestamp":"2026-03-19 10:57:34.325","type":"database"}
{"environment":"development","level":"debug","message":"SQL Query","service":"kanyr-backend","sql":"Executing (default): CREATE INDEX `revoked_tokens_user_id` ON `revoked_tokens` (`user_id`)","timestamp":"2026-03-19 10:57:34.333","type":"database"}
{"environment":"development","level":"debug","message":"SQL Query","service":"kanyr-backend","sql":"Executing (default): CREATE INDEX `revoked_tokens_expires_at` ON `revoked_tokens` (`expires_at`)","timestamp":"2026-03-19 10:57:34.347","type":"database"}
{"environment":"development","level":"debug","message":"SQL Query","service":"kanyr-backend","sql":"Executing (default): CREATE INDEX `revoked_tokens_revoked_at` ON `revoked_tokens` (`revoked_at`)","timestamp":"2026-03-19 10:57:34.359","type":"database"}
{"environment":"development","level":"debug","message":"SQL Query","service":"kanyr-backend","sql":"Executing (default): DROP TABLE IF EXISTS `szoba_bekoltozes`;","timestamp":"2026-03-19 10:57:34.370","type":"database"}
{"environment":"development","level":"debug","message":"SQL Query","service":"kanyr-backend","sql":"Executing (default): CREATE TABLE IF NOT EXISTS `szoba_bekoltozes` (`bekoltozes_id` INTEGER PRIMARY KEY AUTOINCREMENT, `diak_id` INTEGER NOT NULL REFERENCES `diaks` (`diak_id`) ON DELETE CASCADE ON UPDATE CASCADE, `szoba_id` INTEGER NOT NULL REFERENCES `szobas` (`szoba_id`) ON DELETE CASCADE ON UPDATE CASCADE, `bekoltozes_datum` DATE NOT NULL, `kikoltozes_datum` DATE, `deleted_at` DATETIME DEFAULT NULL, `created_at` DATETIME NOT NULL, `updated_at` DATETIME NOT NULL);","timestamp":"2026-03-19 10:57:34.373","type":"database"}
{"environment":"development","level":"debug","message":"SQL Query","service":"kanyr-backend","sql":"Executing (default): PRAGMA INDEX_LIST(`szoba_bekoltozes`)","timestamp":"2026-03-19 10:57:34.384","type":"database"}
{"environment":"development","level":"debug","message":"SQL Query","service":"kanyr-backend","sql":"Executing (default): CREATE INDEX `szoba_bekoltozes_diak_id` ON `szoba_bekoltozes` (`diak_id`)","timestamp":"2026-03-19 10:57:34.394","type":"database"}
{"environment":"development","level":"debug","message":"SQL Query","service":"kanyr-backend","sql":"Executing (default): CREATE INDEX `szoba_bekoltozes_szoba_id` ON `szoba_bekoltozes` (`szoba_id`)","timestamp":"2026-03-19 10:57:34.403","type":"database"}
{"environment":"development","level":"debug","message":"SQL Query","service":"kanyr-backend","sql":"Executing (default): CREATE INDEX `szoba_bekoltozes_bekoltozes_datum` ON `szoba_bekoltozes` (`bekoltozes_datum`)","timestamp":"2026-03-19 10:57:34.414","type":"database"}
{"environment":"development","level":"debug","message":"SQL Query","service":"kanyr-backend","sql":"Executing (default): CREATE INDEX `szoba_bekoltozes_kikoltozes_datum` ON `szoba_bekoltozes` (`kikoltozes_datum`)","timestamp":"2026-03-19 10:57:34.427","type":"database"}
{"environment":"development","level":"debug","message":"SQL Query","service":"kanyr-backend","sql":"Executing (default): CREATE INDEX `szoba_bekoltozes_diak_id_kikoltozes_datum` ON `szoba_bekoltozes` (`diak_id`, `kikoltozes_datum`)","timestamp":"2026-03-19 10:57:34.436","type":"database"}
{"environment":"development","level":"debug","message":"SQL Query","service":"kanyr-backend","sql":"Executing (default): CREATE INDEX `szoba_bekoltozes_deleted_at` ON `szoba_bekoltozes` (`deleted_at`)","timestamp":"2026-03-19 10:57:34.450","type":"database"}
{"environment":"development","level":"info","message":"✓ Adatbázis séma létrehozva","service":"kanyr-backend","timestamp":"2026-03-19 10:57:34.462"}
{"environment":"development","level":"debug","message":"SQL Query","service":"kanyr-backend","sql":"Executing (default): DELETE FROM `szoba_bekoltozes`","timestamp":"2026-03-19 10:57:34.465","type":"database"}
{"environment":"development","level":"debug","message":"SQL Query","service":"kanyr-backend","sql":"Executing (default): DELETE FROM `revoked_tokens`","timestamp":"2026-03-19 10:57:34.466","type":"database"}
{"environment":"development","level":"debug","message":"SQL Query","service":"kanyr-backend","sql":"Executing (default): DELETE FROM `notifications`","timestamp":"2026-03-19 10:57:34.508","type":"database"}
{"environment":"development","level":"debug","message":"SQL Query","service":"kanyr-backend","sql":"Executing (default): DELETE FROM `szobavaltoztatas`","timestamp":"2026-03-19 10:57:34.586","type":"database"}
{"environment":"development","level":"debug","message":"SQL Query","service":"kanyr-backend","sql":"Executing (default): DELETE FROM `szobas`","timestamp":"2026-03-19 10:57:34.589","type":"database"}
{"environment":"development","level":"debug","message":"SQL Query","service":"kanyr-backend","sql":"Executing (default): DELETE FROM `felhasznalos`","timestamp":"2026-03-19 10:57:34.591","type":"database"}
{"environment":"development","level":"debug","message":"SQL Query","service":"kanyr-backend","sql":"Executing (default): DELETE FROM `diaks`","timestamp":"2026-03-19 10:57:34.595","type":"database"}
{"environment":"development","level":"debug","message":"SQL Query","service":"kanyr-backend","sql":"Executing (default): DELETE FROM `szulos`","timestamp":"2026-03-19 10:57:34.619","type":"database"}
{"environment":"development","level":"debug","message":"SQL Query","service":"kanyr-backend","sql":"Executing (default): DELETE FROM `lakcims`","timestamp":"2026-03-19 10:57:34.621","type":"database"}
{"environment":"development","level":"debug","message":"SQL Query","service":"kanyr-backend","sql":"Executing (default): DELETE FROM `audit_logs`","timestamp":"2026-03-19 10:57:34.625","type":"database"}
{"environment":"development","level":"info","message":"✓ Adatbázis tartalma törölve","service":"kanyr-backend","timestamp":"2026-03-19 10:57:34.634"}
{"environment":"development","level":"info","message":"📍 Lakcímek létrehozása...","service":"kanyr-backend","timestamp":"2026-03-19 10:57:34.635"}
{"environment":"development","level":"debug","message":"SQL Query","service":"kanyr-backend","sql":"Executing (default): INSERT INTO `lakcims` (`cim_id`,`orszag`,`iranyitoszam`,`varos`,`utca_hazszam`,`deleted_at`,`created_at`,`updated_at`) VALUES (NULL,'Magyarország','7621','Pécs','Rákóczi u. 42.',NULL,'2026-03-19 09:57:34.636 +00:00','2026-03-19 09:57:34.636 +00:00'),(NULL,'Magyarország','7625','Pécs','Széchenyi tér 15.',NULL,'2026-03-19 09:57:34.636 +00:00','2026-03-19 09:57:34.636 +00:00'),(NULL,'Magyarország','6000','Kecskemét','Batthyány u. 8.',NULL,'2026-03-19 09:57:34.636 +00:00','2026-03-19 09:57:34.636 +00:00'),(NULL,'Magyarország','6400','Kiskunhalas','Petőfi u. 12.',NULL,'2026-03-19 09:57:34.636 +00:00','2026-03-19 09:57:34.636 +00:00'),(NULL,'Magyarország','5000','Szolnok','Tiszaligeti sétány 1.',NULL,'2026-03-19 09:57:34.636 +00:00','2026-03-19 09:57:34.636 +00:00'),(NULL,'Magyarország','5300','Karcag','Szabadság tér 5.',NULL,'2026-03-19 09:57:34.636 +00:00','2026-03-19 09:57:34.636 +00:00');","timestamp":"2026-03-19 10:57:34.649","type":"database"}
{"environment":"development","level":"info","message":"✓ 6 lakcím létrehozva","service":"kanyr-backend","timestamp":"2026-03-19 10:57:34.659"}
{"environment":"development","level":"info","message":"👨‍👩‍👧 Szülők létrehozása...","service":"kanyr-backend","timestamp":"2026-03-19 10:57:34.660"}
{"environment":"development","level":"debug","message":"SQL Query","service":"kanyr-backend","sql":"Executing (default): INSERT INTO `szulos` (`szulo_id`,`nev`,`email`,`telefonszam`,`szemelyi_igazolvany_szam`,`cim_id`,`deleted_at`,`created_at`,`updated_at`) VALUES (NULL,'Nagy Anna','nagy.anna.parent@kanyr.hu','06-30-123-4567','111111AAA',1,NULL,'2026-03-19 09:57:34.660 +00:00','2026-03-19 09:57:34.660 +00:00'),(NULL,'Nagy János','nagy.janos.parent@kanyr.hu','06-70-234-5678','222222BBB',2,NULL,'2026-03-19 09:57:34.660 +00:00','2026-03-19 09:57:34.660 +00:00'),(NULL,'Kovács Eszter','kovacs.eszter.parent@kanyr.hu','06-30-345-6789','333333CCC',3,NULL,'2026-03-19 09:57:34.660 +00:00','2026-03-19 09:57:34.660 +00:00'),(NULL,'Szabó Péter','szabo.peter.parent@kanyr.hu','06-70-456-7890','444444DDD',4,NULL,'2026-03-19 09:57:34.660 +00:00','2026-03-19 09:57:34.660 +00:00'),(NULL,'Bodnár Judit','bodnar.judit.parent@kanyr.hu','06-30-567-8901','555555EEE',5,NULL,'2026-03-19 09:57:34.660 +00:00','2026-03-19 09:57:34.660 +00:00'),(NULL,'Kiss Mihály','kiss.mihaly.parent@kanyr.hu','06-70-678-9012','666666FFF',6,NULL,'2026-03-19 09:57:34.660 +00:00','2026-03-19 09:57:34.660 +00:00');","timestamp":"2026-03-19 10:57:34.664","type":"database"}
{"environment":"development","level":"info","message":"✓ 6 szülő létrehozva","service":"kanyr-backend","timestamp":"2026-03-19 10:57:34.676"}
{"environment":"development","level":"info","message":"👨‍🎓 Diákok létrehozása...","service":"kanyr-backend","timestamp":"2026-03-19 10:57:34.676"}
{"environment":"development","level":"debug","message":"SQL Query","service":"kanyr-backend","sql":"Executing (default): INSERT INTO `diaks` (`diak_id`,`nev`,`email`,`telefonszam`,`szuletesi_datum`,`szemelyi_igazolvany_szam`,`taj_szam`,`diakigazolvany_szam`,`szulo_id`,`kapcsolat_tipusa`,`cim_id`,`nem`,`deleted_at`,`created_at`,`updated_at`) VALUES (NULL,'Nagy Bernadett','nagy.bernadett.2024@student.hu','06-30-111-1111','2006-03-15','100001AAA','100001AAA','DIG2024-001',1,'anya',1,'nő',NULL,'2026-03-19 09:57:34.677 +00:00','2026-03-19 09:57:34.677 +00:00'),(NULL,'Nagy Péter','nagy.peter.2024@student.hu','06-30-222-2222','2005-07-22','100002BBB','100002BBB','DIG2024-002',2,'apa',2,'férfi',NULL,'2026-03-19 09:57:34.677 +00:00','2026-03-19 09:57:34.677 +00:00'),(NULL,'Kovács Zsófia','kovacs.zsofia.2024@student.hu','06-30-333-3333','2006-11-08','100003CCC','100003CCC','DIG2024-003',3,'anya',3,'nő',NULL,'2026-03-19 09:57:34.677 +00:00','2026-03-19 09:57:34.677 +00:00'),(NULL,'Szabó Katalin','szabo.katalin.2024@student.hu','06-30-444-4444','2005-09-18','100004DDD','100004DDD','DIG2024-004',4,'apa',4,'nő',NULL,'2026-03-19 09:57:34.677 +00:00','2026-03-19 09:57:34.677 +00:00'),(NULL,'Bodnár Krisztina','bodnar.krisztina.2024@student.hu','06-30-555-5555','2006-01-25','100005EEE','100005EEE','DIG2024-005',5,'anya',5,'nő',NULL,'2026-03-19 09:57:34.677 +00:00','2026-03-19 09:57:34.677 +00:00'),(NULL,'Kiss Tamás','kiss.tamas.2024@student.hu','06-30-666-6666','2005-05-30','100006FFF','100006FFF','DIG2024-006',6,'apa',6,'férfi',NULL,'2026-03-19 09:57:34.677 +00:00','2026-03-19 09:57:34.677 +00:00');","timestamp":"2026-03-19 10:57:34.683","type":"database"}
{"environment":"development","level":"info","message":"✓ 6 diák létrehozva","service":"kanyr-backend","timestamp":"2026-03-19 10:57:34.693"}
{"environment":"development","level":"info","message":"🚪 Szobák létrehozása...","service":"kanyr-backend","timestamp":"2026-03-19 10:57:34.693"}
{"environment":"development","level":"debug","message":"SQL Query","service":"kanyr-backend","sql":"Executing (default): INSERT INTO `szobas` (`szoba_id`,`szoba_szama`,`osszes_hely`,`deleted_at`,`created_at`,`updated_at`) VALUES (NULL,'A-101',4,NULL,'2026-03-19 09:57:34.693 +00:00','2026-03-19 09:57:34.693 +00:00'),(NULL,'A-102',4,NULL,'2026-03-19 09:57:34.693 +00:00','2026-03-19 09:57:34.693 +00:00'),(NULL,'A-103',3,NULL,'2026-03-19 09:57:34.693 +00:00','2026-03-19 09:57:34.693 +00:00'),(NULL,'B-201',4,NULL,'2026-03-19 09:57:34.693 +00:00','2026-03-19 09:57:34.693 +00:00'),(NULL,'B-202',3,NULL,'2026-03-19 09:57:34.693 +00:00','2026-03-19 09:57:34.693 +00:00'),(NULL,'B-203',2,NULL,'2026-03-19 09:57:34.693 +00:00','2026-03-19 09:57:34.693 +00:00');","timestamp":"2026-03-19 10:57:34.696","type":"database"}
{"environment":"development","level":"info","message":"✓ 6 szoba létrehozva","service":"kanyr-backend","timestamp":"2026-03-19 10:57:34.710"}
{"environment":"development","level":"info","message":"🏠 Szoba beköltözések rögzítése...","service":"kanyr-backend","timestamp":"2026-03-19 10:57:34.719"}
{"environment":"development","level":"debug","message":"SQL Query","service":"kanyr-backend","sql":"Executing (default): INSERT INTO `szoba_bekoltozes` (`bekoltozes_id`,`diak_id`,`szoba_id`,`bekoltozes_datum`,`kikoltozes_datum`,`deleted_at`,`created_at`,`updated_at`) VALUES (NULL,1,1,'2024-09-01',NULL,NULL,'2026-03-19 09:57:34.720 +00:00','2026-03-19 09:57:34.720 +00:00'),(NULL,2,4,'2024-09-01',NULL,NULL,'2026-03-19 09:57:34.720 +00:00','2026-03-19 09:57:34.720 +00:00'),(NULL,3,2,'2024-09-02',NULL,NULL,'2026-03-19 09:57:34.720 +00:00','2026-03-19 09:57:34.720 +00:00'),(NULL,4,2,'2024-09-02',NULL,NULL,'2026-03-19 09:57:34.720 +00:00','2026-03-19 09:57:34.720 +00:00'),(NULL,5,3,'2024-09-03',NULL,NULL,'2026-03-19 09:57:34.720 +00:00','2026-03-19 09:57:34.720 +00:00'),(NULL,6,4,'2024-09-03',NULL,NULL,'2026-03-19 09:57:34.720 +00:00','2026-03-19 09:57:34.720 +00:00');","timestamp":"2026-03-19 10:57:34.726","type":"database"}
{"environment":"development","level":"info","message":"✓ 6 beköltözés rögzítve","service":"kanyr-backend","timestamp":"2026-03-19 10:57:34.735"}
{"environment":"development","level":"info","message":"👤 Felhasználók létrehozása...","service":"kanyr-backend","timestamp":"2026-03-19 10:57:34.735"}
{"environment":"development","level":"debug","message":"SQL Query","service":"kanyr-backend","sql":"Executing (default): INSERT INTO `felhasznalos` (`user_id`,`username`,`email`,`password`,`admin`,`diak_id`,`token_version`,`security_flags`,`deleted_at`,`created_at`,`updated_at`) VALUES (NULL,'admin','admin@kanyr.hu','$2b$10$Cxnds3Z/ZRq3PXk7UoEkdeGu7QMr42nZwohlmB8bQnEBD4vst0Gwu',1,NULL,1,'{}',NULL,'2026-03-19 09:57:34.868 +00:00','2026-03-19 09:57:34.868 +00:00'),(NULL,'student1','nagy.bernadett.2024@student.hu','$2b$10$L1ix7M4nZ6sSenBCyxu2ruZE755Y/igoPLVu9uDY69Au8rL2AQhri',0,1,1,'{}',NULL,'2026-03-19 09:57:34.868 +00:00','2026-03-19 09:57:34.868 +00:00'),(NULL,'student2','nagy.peter.2024@student.hu','$2b$10$L1ix7M4nZ6sSenBCyxu2ruZE755Y/igoPLVu9uDY69Au8rL2AQhri',0,2,1,'{}',NULL,'2026-03-19 09:57:34.868 +00:00','2026-03-19 09:57:34.868 +00:00'),(NULL,'student3','kovacs.zsofia.2024@student.hu','$2b$10$L1ix7M4nZ6sSenBCyxu2ruZE755Y/igoPLVu9uDY69Au8rL2AQhri',0,3,1,'{}',NULL,'2026-03-19 09:57:34.868 +00:00','2026-03-19 09:57:34.868 +00:00'),(NULL,'student4','szabo.katalin.2024@student.hu','$2b$10$L1ix7M4nZ6sSenBCyxu2ruZE755Y/igoPLVu9uDY69Au8rL2AQhri',0,4,1,'{}',NULL,'2026-03-19 09:57:34.868 +00:00','2026-03-19 09:57:34.868 +00:00'),(NULL,'student5','bodnar.krisztina.2024@student.hu','$2b$10$L1ix7M4nZ6sSenBCyxu2ruZE755Y/igoPLVu9uDY69Au8rL2AQhri',0,5,1,'{}',NULL,'2026-03-19 09:57:34.868 +00:00','2026-03-19 09:57:34.868 +00:00'),(NULL,'student6','kiss.tamas.2024@student.hu','$2b$10$L1ix7M4nZ6sSenBCyxu2ruZE755Y/igoPLVu9uDY69Au8rL2AQhri',0,6,1,'{}',NULL,'2026-03-19 09:57:34.868 +00:00','2026-03-19 09:57:34.868 +00:00');","timestamp":"2026-03-19 10:57:34.870","type":"database"}
{"environment":"development","level":"info","message":"✓ 7 felhasználó létrehozva","service":"kanyr-backend","timestamp":"2026-03-19 10:57:34.879"}
{"environment":"development","level":"info","message":"📝 Szoba változtatási kérelmek létrehozása...","service":"kanyr-backend","timestamp":"2026-03-19 10:57:34.880"}
{"environment":"development","level":"debug","message":"SQL Query","service":"kanyr-backend","sql":"Executing (default): INSERT INTO `szobavaltoztatas` (`valtoztatas_id`,`diak_id`,`jelenlegi_szoba_id`,`kivant_szoba_id`,`statusz`,`indok`,`academic_year`,`semester_count`,`deleted_at`,`created_at`,`updated_at`) VALUES (NULL,1,1,3,'pending','A jelenlegi szobában zajos szobatársak vannak, csendesebb környezetet szeretnék.','2024-2025',1,NULL,'2026-03-19 09:57:34.880 +00:00','2026-03-19 09:57:34.880 +00:00'),(NULL,5,3,1,'approved','Egyetemista barátommal szeretnék egy szobában lakni a tanuláshoz.','2024-2025',1,NULL,'2026-03-19 09:57:34.880 +00:00','2026-03-19 09:57:34.880 +00:00');","timestamp":"2026-03-19 10:57:34.882","type":"database"}
{"environment":"development","level":"info","message":"✓ 2 szoba változtatási kérelem létrehozva","service":"kanyr-backend","timestamp":"2026-03-19 10:57:34.895"}
{"environment":"development","level":"info","message":"🔔 Értesítések létrehozása...","service":"kanyr-backend","timestamp":"2026-03-19 10:57:34.896"}
{"environment":"development","level":"debug","message":"SQL Query","service":"kanyr-backend","sql":"Executing (default): INSERT INTO `notifications` (`notification_id`,`diak_id`,`tipus`,`uzenet`,`elolvasva`,`deleted_at`,`created_at`,`updated_at`) VALUES (NULL,1,'room_change_pending','A szoba változtatási kérelmedet feldolgoztuk. Kérjük, várj türelmesen a döntésre.',0,NULL,'2026-03-19 09:57:34.896 +00:00','2026-03-19 09:57:34.896 +00:00'),(NULL,5,'room_change_approved','Gratulálunk! A szoba változtatási kérelmedet elfogadtuk. Az új szobaszámod: A-101. Kérjük, 3 munkanapon belül költözz át.',0,NULL,'2026-03-19 09:57:34.896 +00:00','2026-03-19 09:57:34.896 +00:00'),(NULL,2,'room_change_pending','Ne feledd, hogy a következő hónapban esedékes a szobafoglalás. Kérjük, ellenőrizd a számládat.',0,NULL,'2026-03-19 09:57:34.896 +00:00','2026-03-19 09:57:34.896 +00:00');","timestamp":"2026-03-19 10:57:34.897","type":"database"}
{"environment":"development","level":"info","message":"✓ 3 értesítés létrehozva","service":"kanyr-backend","timestamp":"2026-03-19 10:57:34.914"}
{"bekoltozesek":6,"diaks":6,"environment":"development","felhasznalok":7,"lakcimek":6,"level":"info","message":"📊 Adatbázis feltöltési statisztika","notifikaciok":3,"service":"kanyr-backend","szobak":6,"szulok":6,"timestamp":"2026-03-19 10:57:34.916","valtoztatasok":2}
{"environment":"development","level":"info","message":"✅ Adatbázis sikeresen feltöltve tesztadatokkal!","service":"kanyr-backend","timestamp":"2026-03-19 10:57:34.917"}
{"admin":"admin@kanyr.hu / admin123","diak":"{diak_nev}@student.hu / student123","environment":"development","level":"info","message":"📝 Alapértelmezett hozzáférési adatok","service":"kanyr-backend","timestamp":"2026-03-19 10:57:34.917"}
{"environment":"development","level":"info","message":"🔄 Adatbázis szinkronizálása...","service":"kanyr-backend","timestamp":"2026-03-19 11:04:05.047"}
{"environment":"development","level":"debug","message":"SQL Query","service":"kanyr-backend","sql":"Executing (default): DROP TABLE IF EXISTS `szoba_bekoltozes`;","timestamp":"2026-03-19 11:04:05.056","type":"database"}
{"environment":"development","level":"debug","message":"SQL Query","service":"kanyr-backend","sql":"Executing (default): DROP TABLE IF EXISTS `revoked_tokens`;","timestamp":"2026-03-19 11:04:05.083","type":"database"}
{"environment":"development","level":"debug","message":"SQL Query","service":"kanyr-backend","sql":"Executing (default): DROP TABLE IF EXISTS `notifications`;","timestamp":"2026-03-19 11:04:05.092","type":"database"}
{"environment":"development","level":"debug","message":"SQL Query","service":"kanyr-backend","sql":"Executing (default): DROP TABLE IF EXISTS `szobavaltoztatas`;","timestamp":"2026-03-19 11:04:05.102","type":"database"}
{"environment":"development","level":"debug","message":"SQL Query","service":"kanyr-backend","sql":"Executing (default): DROP TABLE IF EXISTS `szobas`;","timestamp":"2026-03-19 11:04:05.112","type":"database"}
{"environment":"development","level":"debug","message":"SQL Query","service":"kanyr-backend","sql":"Executing (default): DROP TABLE IF EXISTS `felhasznalos`;","timestamp":"2026-03-19 11:04:05.121","type":"database"}
{"environment":"development","level":"debug","message":"SQL Query","service":"kanyr-backend","sql":"Executing (default): DROP TABLE IF EXISTS `diaks`;","timestamp":"2026-03-19 11:04:05.133","type":"database"}
{"environment":"development","level":"debug","message":"SQL Query","service":"kanyr-backend","sql":"Executing (default): DROP TABLE IF EXISTS `szulos`;","timestamp":"2026-03-19 11:04:05.339","type":"database"}
{"environment":"development","level":"debug","message":"SQL Query","service":"kanyr-backend","sql":"Executing (default): DROP TABLE IF EXISTS `lakcims`;","timestamp":"2026-03-19 11:04:05.363","type":"database"}
{"environment":"development","level":"debug","message":"SQL Query","service":"kanyr-backend","sql":"Executing (default): DROP TABLE IF EXISTS `audit_logs`;","timestamp":"2026-03-19 11:04:05.389","type":"database"}
{"environment":"development","level":"debug","message":"SQL Query","service":"kanyr-backend","sql":"Executing (default): PRAGMA foreign_keys = OFF","timestamp":"2026-03-19 11:04:05.405","type":"database"}
{"environment":"development","level":"debug","message":"SQL Query","service":"kanyr-backend","sql":"Executing (default): DROP TABLE IF EXISTS `audit_logs`;","timestamp":"2026-03-19 11:04:05.406","type":"database"}
{"environment":"development","level":"debug","message":"SQL Query","service":"kanyr-backend","sql":"Executing (default): DROP TABLE IF EXISTS `diaks`;","timestamp":"2026-03-19 11:04:05.407","type":"database"}
{"environment":"development","level":"debug","message":"SQL Query","service":"kanyr-backend","sql":"Executing (default): DROP TABLE IF EXISTS `felhasznalos`;","timestamp":"2026-03-19 11:04:05.408","type":"database"}
{"environment":"development","level":"debug","message":"SQL Query","service":"kanyr-backend","sql":"Executing (default): DROP TABLE IF EXISTS `lakcims`;","timestamp":"2026-03-19 11:04:05.409","type":"database"}
{"environment":"development","level":"debug","message":"SQL Query","service":"kanyr-backend","sql":"Executing (default): DROP TABLE IF EXISTS `notifications`;","timestamp":"2026-03-19 11:04:05.411","type":"database"}
{"environment":"development","level":"debug","message":"SQL Query","service":"kanyr-backend","sql":"Executing (default): DROP TABLE IF EXISTS `revoked_tokens`;","timestamp":"2026-03-19 11:04:05.412","type":"database"}
{"environment":"development","level":"debug","message":"SQL Query","service":"kanyr-backend","sql":"Executing (default): DROP TABLE IF EXISTS `szobas`;","timestamp":"2026-03-19 11:04:05.413","type":"database"}
{"environment":"development","level":"debug","message":"SQL Query","service":"kanyr-backend","sql":"Executing (default): DROP TABLE IF EXISTS `szoba_bekoltozes`;","timestamp":"2026-03-19 11:04:05.413","type":"database"}
{"environment":"development","level":"debug","message":"SQL Query","service":"kanyr-backend","sql":"Executing (default): DROP TABLE IF EXISTS `szobavaltoztatas`;","timestamp":"2026-03-19 11:04:05.415","type":"database"}
{"environment":"development","level":"debug","message":"SQL Query","service":"kanyr-backend","sql":"Executing (default): DROP TABLE IF EXISTS `szulos`;","timestamp":"2026-03-19 11:04:05.416","type":"database"}
{"environment":"development","level":"debug","message":"SQL Query","service":"kanyr-backend","sql":"Executing (default): PRAGMA foreign_keys = ON","timestamp":"2026-03-19 11:04:05.416","type":"database"}
{"environment":"development","level":"debug","message":"SQL Query","service":"kanyr-backend","sql":"Executing (default): DROP TABLE IF EXISTS `audit_logs`;","timestamp":"2026-03-19 11:04:05.418","type":"database"}
{"environment":"development","level":"debug","message":"SQL Query","service":"kanyr-backend","sql":"Executing (default): CREATE TABLE IF NOT EXISTS `audit_logs` (`audit_id` INTEGER PRIMARY KEY AUTOINCREMENT, `table_name` VARCHAR(100) NOT NULL, `record_id` INTEGER NOT NULL, `operation` TEXT NOT NULL, `user_id` INTEGER, `user_email` VARCHAR(100), `ip_address` VARCHAR(45), `user_agent` TEXT, `old_values` JSON, `new_values` JSON, `changes` JSON, `created_at` DATETIME NOT NULL);","timestamp":"2026-03-19 11:04:05.420","type":"database"}
{"environment":"development","level":"debug","message":"SQL Query","service":"kanyr-backend","sql":"Executing (default): PRAGMA INDEX_LIST(`audit_logs`)","timestamp":"2026-03-19 11:04:05.428","type":"database"}
{"environment":"development","level":"debug","message":"SQL Query","service":"kanyr-backend","sql":"Executing (default): CREATE INDEX `audit_logs_table_name` ON `audit_logs` (`table_name`)","timestamp":"2026-03-19 11:04:05.430","type":"database"}
{"environment":"development","level":"debug","message":"SQL Query","service":"kanyr-backend","sql":"Executing (default): CREATE INDEX `audit_logs_record_id` ON `audit_logs` (`record_id`)","timestamp":"2026-03-19 11:04:05.439","type":"database"}
{"environment":"development","level":"debug","message":"SQL Query","service":"kanyr-backend","sql":"Executing (default): CREATE INDEX `audit_logs_operation` ON `audit_logs` (`operation`)","timestamp":"2026-03-19 11:04:05.450","type":"database"}
{"environment":"development","level":"debug","message":"SQL Query","service":"kanyr-backend","sql":"Executing (default): CREATE INDEX `audit_logs_user_id` ON `audit_logs` (`user_id`)","timestamp":"2026-03-19 11:04:05.461","type":"database"}
{"environment":"development","level":"debug","message":"SQL Query","service":"kanyr-backend","sql":"Executing (default): CREATE INDEX `audit_logs_created_at` ON `audit_logs` (`created_at`)","timestamp":"2026-03-19 11:04:05.470","type":"database"}
{"environment":"development","level":"debug","message":"SQL Query","service":"kanyr-backend","sql":"Executing (default): CREATE INDEX `audit_logs_table_name_operation` ON `audit_logs` (`table_name`, `operation`)","timestamp":"2026-03-19 11:04:05.479","type":"database"}
{"environment":"development","level":"debug","message":"SQL Query","service":"kanyr-backend","sql":"Executing (default): CREATE INDEX `audit_logs_user_id_created_at` ON `audit_logs` (`user_id`, `created_at`)","timestamp":"2026-03-19 11:04:05.490","type":"database"}
{"environment":"development","level":"debug","message":"SQL Query","service":"kanyr-backend","sql":"Executing (default): DROP TABLE IF EXISTS `lakcims`;","timestamp":"2026-03-19 11:04:05.499","type":"database"}
{"environment":"development","level":"debug","message":"SQL Query","service":"kanyr-backend","sql":"Executing (default): CREATE TABLE IF NOT EXISTS `lakcims` (`cim_id` INTEGER PRIMARY KEY AUTOINCREMENT, `orszag` VARCHAR(100) NOT NULL DEFAULT 'Magyarország', `iranyitoszam` VARCHAR(10) NOT NULL, `varos` VARCHAR(100) NOT NULL, `utca_hazszam` VARCHAR(200) NOT NULL, `deleted_at` DATETIME DEFAULT NULL, `created_at` DATETIME NOT NULL, `updated_at` DATETIME NOT NULL);","timestamp":"2026-03-19 11:04:05.504","type":"database"}
{"environment":"development","level":"debug","message":"SQL Query","service":"kanyr-backend","sql":"Executing (default): PRAGMA INDEX_LIST(`lakcims`)","timestamp":"2026-03-19 11:04:05.530","type":"database"}
{"environment":"development","level":"debug","message":"SQL Query","service":"kanyr-backend","sql":"Executing (default): CREATE INDEX `lakcims_iranyitoszam` ON `lakcims` (`iranyitoszam`)","timestamp":"2026-03-19 11:04:05.537","type":"database"}
{"environment":"development","level":"debug","message":"SQL Query","service":"kanyr-backend","sql":"Executing (default): CREATE INDEX `lakcims_varos` ON `lakcims` (`varos`)","timestamp":"2026-03-19 11:04:05.547","type":"database"}
{"environment":"development","level":"debug","message":"SQL Query","service":"kanyr-backend","sql":"Executing (default): CREATE INDEX `lakcims_deleted_at` ON `lakcims` (`deleted_at`)","timestamp":"2026-03-19 11:04:05.556","type":"database"}
{"environment":"development","level":"debug","message":"SQL Query","service":"kanyr-backend","sql":"Executing (default): DROP TABLE IF EXISTS `szulos`;","timestamp":"2026-03-19 11:04:05.569","type":"database"}
{"environment":"development","level":"debug","message":"SQL Query","service":"kanyr-backend","sql":"Executing (default): CREATE TABLE IF NOT EXISTS `szulos` (`szulo_id` INTEGER PRIMARY KEY AUTOINCREMENT, `nev` VARCHAR(100) NOT NULL, `email` VARCHAR(100) NOT NULL UNIQUE, `telefonszam` VARCHAR(20) NOT NULL, `szemelyi_igazolvany_szam` VARCHAR(20) NOT NULL UNIQUE, `cim_id` INTEGER NOT NULL REFERENCES `lakcims` (`cim_id`) ON DELETE CASCADE ON UPDATE CASCADE, `deleted_at` DATETIME DEFAULT NULL, `created_at` DATETIME NOT NULL, `updated_at` DATETIME NOT NULL);","timestamp":"2026-03-19 11:04:05.571","type":"database"}
{"environment":"development","level":"debug","message":"SQL Query","service":"kanyr-backend","sql":"Executing (default): PRAGMA INDEX_LIST(`szulos`)","timestamp":"2026-03-19 11:04:05.582","type":"database"}
{"environment":"development","level":"debug","message":"SQL Query","service":"kanyr-backend","sql":"Executing (default): PRAGMA INDEX_INFO(`sqlite_autoindex_szulos_1`)","timestamp":"2026-03-19 11:04:05.585","type":"database"}
{"environment":"development","level":"debug","message":"SQL Query","service":"kanyr-backend","sql":"Executing (default): PRAGMA INDEX_INFO(`sqlite_autoindex_szulos_2`)","timestamp":"2026-03-19 11:04:05.586","type":"database"}
{"environment":"development","level":"debug","message":"SQL Query","service":"kanyr-backend","sql":"Executing (default): CREATE UNIQUE INDEX `szulos_email` ON `szulos` (`email`)","timestamp":"2026-03-19 11:04:05.588","type":"database"}
{"environment":"development","level":"debug","message":"SQL Query","service":"kanyr-backend","sql":"Executing (default): CREATE INDEX `szulos_cim_id` ON `szulos` (`cim_id`)","timestamp":"2026-03-19 11:04:05.601","type":"database"}
{"environment":"development","level":"debug","message":"SQL Query","service":"kanyr-backend","sql":"Executing (default): CREATE UNIQUE INDEX `szulos_szemelyi_igazolvany_szam` ON `szulos` (`szemelyi_igazolvany_szam`)","timestamp":"2026-03-19 11:04:05.613","type":"database"}
{"environment":"development","level":"debug","message":"SQL Query","service":"kanyr-backend","sql":"Executing (default): CREATE INDEX `szulos_deleted_at` ON `szulos` (`deleted_at`)","timestamp":"2026-03-19 11:04:05.623","type":"database"}
{"environment":"development","level":"debug","message":"SQL Query","service":"kanyr-backend","sql":"Executing (default): DROP TABLE IF EXISTS `diaks`;","timestamp":"2026-03-19 11:04:05.631","type":"database"}
{"environment":"development","level":"debug","message":"SQL Query","service":"kanyr-backend","sql":"Executing (default): CREATE TABLE IF NOT EXISTS `diaks` (`diak_id` INTEGER PRIMARY KEY AUTOINCREMENT, `nev` VARCHAR(100) NOT NULL, `email` VARCHAR(100) NOT NULL UNIQUE, `telefonszam` VARCHAR(20) NOT NULL, `szuletesi_datum` DATE NOT NULL, `szemelyi_igazolvany_szam` VARCHAR(20) NOT NULL UNIQUE, `taj_szam` VARCHAR(20) NOT NULL UNIQUE, `diakigazolvany_szam` VARCHAR(20) NOT NULL UNIQUE, `szulo_id` INTEGER REFERENCES `szulos` (`szulo_id`) ON DELETE SET NULL ON UPDATE CASCADE, `kapcsolat_tipusa` TEXT NOT NULL, `cim_id` INTEGER REFERENCES `lakcims` (`cim_id`) ON DELETE SET NULL ON UPDATE CASCADE, `nem` TEXT NOT NULL, `deleted_at` DATETIME DEFAULT NULL, `created_at` DATETIME NOT NULL, `updated_at` DATETIME NOT NULL);","timestamp":"2026-03-19 11:04:05.633","type":"database"}
{"environment":"development","level":"debug","message":"SQL Query","service":"kanyr-backend","sql":"Executing (default): PRAGMA INDEX_LIST(`diaks`)","timestamp":"2026-03-19 11:04:05.642","type":"database"}
{"environment":"development","level":"debug","message":"SQL Query","service":"kanyr-backend","sql":"Executing (default): PRAGMA INDEX_INFO(`sqlite_autoindex_diaks_1`)","timestamp":"2026-03-19 11:04:05.642","type":"database"}
{"environment":"development","level":"debug","message":"SQL Query","service":"kanyr-backend","sql":"Executing (default): PRAGMA INDEX_INFO(`sqlite_autoindex_diaks_2`)","timestamp":"2026-03-19 11:04:05.645","type":"database"}
{"environment":"development","level":"debug","message":"SQL Query","service":"kanyr-backend","sql":"Executing (default): PRAGMA INDEX_INFO(`sqlite_autoindex_diaks_3`)","timestamp":"2026-03-19 11:04:05.646","type":"database"}
{"environment":"development","level":"debug","message":"SQL Query","service":"kanyr-backend","sql":"Executing (default): PRAGMA INDEX_INFO(`sqlite_autoindex_diaks_4`)","timestamp":"2026-03-19 11:04:05.646","type":"database"}
{"environment":"development","level":"debug","message":"SQL Query","service":"kanyr-backend","sql":"Executing (default): CREATE UNIQUE INDEX `diaks_email` ON `diaks` (`email`)","timestamp":"2026-03-19 11:04:05.648","type":"database"}
{"environment":"development","level":"debug","message":"SQL Query","service":"kanyr-backend","sql":"Executing (default): CREATE INDEX `diaks_szulo_id` ON `diaks` (`szulo_id`)","timestamp":"2026-03-19 11:04:05.656","type":"database"}
{"environment":"development","level":"debug","message":"SQL Query","service":"kanyr-backend","sql":"Executing (default): CREATE INDEX `diaks_cim_id` ON `diaks` (`cim_id`)","timestamp":"2026-03-19 11:04:05.668","type":"database"}
{"environment":"development","level":"debug","message":"SQL Query","service":"kanyr-backend","sql":"Executing (default): CREATE INDEX `diaks_nev` ON `diaks` (`nev`)","timestamp":"2026-03-19 11:04:05.680","type":"database"}
{"environment":"development","level":"debug","message":"SQL Query","service":"kanyr-backend","sql":"Executing (default): CREATE UNIQUE INDEX `diaks_szemelyi_igazolvany_szam` ON `diaks` (`szemelyi_igazolvany_szam`)","timestamp":"2026-03-19 11:04:05.688","type":"database"}
{"environment":"development","level":"debug","message":"SQL Query","service":"kanyr-backend","sql":"Executing (default): CREATE UNIQUE INDEX `diaks_taj_szam` ON `diaks` (`taj_szam`)","timestamp":"2026-03-19 11:04:05.700","type":"database"}
{"environment":"development","level":"debug","message":"SQL Query","service":"kanyr-backend","sql":"Executing (default): CREATE UNIQUE INDEX `diaks_diakigazolvany_szam` ON `diaks` (`diakigazolvany_szam`)","timestamp":"2026-03-19 11:04:05.709","type":"database"}
{"environment":"development","level":"debug","message":"SQL Query","service":"kanyr-backend","sql":"Executing (default): CREATE INDEX `diaks_deleted_at` ON `diaks` (`deleted_at`)","timestamp":"2026-03-19 11:04:05.722","type":"database"}
{"environment":"development","level":"debug","message":"SQL Query","service":"kanyr-backend","sql":"Executing (default): DROP TABLE IF EXISTS `felhasznalos`;","timestamp":"2026-03-19 11:04:05.732","type":"database"}
{"environment":"development","level":"debug","message":"SQL Query","service":"kanyr-backend","sql":"Executing (default): CREATE TABLE IF NOT EXISTS `felhasznalos` (`user_id` INTEGER PRIMARY KEY AUTOINCREMENT, `username` VARCHAR(50) NOT NULL UNIQUE, `email` VARCHAR(100) NOT NULL UNIQUE, `password` VARCHAR(100) NOT NULL, `admin` TINYINT(1) NOT NULL DEFAULT 0, `diak_id` INTEGER REFERENCES `diaks` (`diak_id`), `token_version` INTEGER NOT NULL DEFAULT 1, `last_password_change` DATETIME, `security_flags` JSON DEFAULT '{}', `deleted_at` DATETIME DEFAULT NULL, `created_at` DATETIME NOT NULL, `updated_at` DATETIME NOT NULL);","timestamp":"2026-03-19 11:04:05.734","type":"database"}
{"environment":"development","level":"debug","message":"SQL Query","service":"kanyr-backend","sql":"Executing (default): PRAGMA INDEX_LIST(`felhasznalos`)","timestamp":"2026-03-19 11:04:05.742","type":"database"}
{"environment":"development","level":"debug","message":"SQL Query","service":"kanyr-backend","sql":"Executing (default): PRAGMA INDEX_INFO(`sqlite_autoindex_felhasznalos_1`)","timestamp":"2026-03-19 11:04:05.744","type":"database"}
{"environment":"development","level":"debug","message":"SQL Query","service":"kanyr-backend","sql":"Executing (default): PRAGMA INDEX_INFO(`sqlite_autoindex_felhasznalos_2`)","timestamp":"2026-03-19 11:04:05.745","type":"database"}
{"environment":"development","level":"debug","message":"SQL Query","service":"kanyr-backend","sql":"Executing (default): CREATE UNIQUE INDEX `felhasznalos_email` ON `felhasznalos` (`email`)","timestamp":"2026-03-19 11:04:05.749","type":"database"}
{"environment":"development","level":"debug","message":"SQL Query","service":"kanyr-backend","sql":"Executing (default): CREATE UNIQUE INDEX `felhasznalos_username` ON `felhasznalos` (`username`)","timestamp":"2026-03-19 11:04:05.757","type":"database"}
{"environment":"development","level":"debug","message":"SQL Query","service":"kanyr-backend","sql":"Executing (default): CREATE INDEX `felhasznalos_diak_id` ON `felhasznalos` (`diak_id`)","timestamp":"2026-03-19 11:04:05.902","type":"database"}
{"environment":"development","level":"debug","message":"SQL Query","service":"kanyr-backend","sql":"Executing (default): CREATE INDEX `felhasznalos_token_version` ON `felhasznalos` (`token_version`)","timestamp":"2026-03-19 11:04:05.945","type":"database"}
{"environment":"development","level":"debug","message":"SQL Query","service":"kanyr-backend","sql":"Executing (default): CREATE INDEX `felhasznalos_deleted_at` ON `felhasznalos` (`deleted_at`)","timestamp":"2026-03-19 11:04:05.954","type":"database"}
{"environment":"development","level":"debug","message":"SQL Query","service":"kanyr-backend","sql":"Executing (default): DROP TABLE IF EXISTS `szobas`;","timestamp":"2026-03-19 11:04:05.987","type":"database"}
{"environment":"development","level":"debug","message":"SQL Query","service":"kanyr-backend","sql":"Executing (default): CREATE TABLE IF NOT EXISTS `szobas` (`szoba_id` INTEGER PRIMARY KEY AUTOINCREMENT, `szoba_szama` VARCHAR(10) NOT NULL UNIQUE, `osszes_hely` INTEGER NOT NULL, `deleted_at` DATETIME DEFAULT NULL, `created_at` DATETIME NOT NULL, `updated_at` DATETIME NOT NULL);","timestamp":"2026-03-19 11:04:05.989","type":"database"}
{"environment":"development","level":"debug","message":"SQL Query","service":"kanyr-backend","sql":"Executing (default): PRAGMA INDEX_LIST(`szobas`)","timestamp":"2026-03-19 11:04:05.999","type":"database"}
{"environment":"development","level":"debug","message":"SQL Query","service":"kanyr-backend","sql":"Executing (default): PRAGMA INDEX_INFO(`sqlite_autoindex_szobas_1`)","timestamp":"2026-03-19 11:04:06.000","type":"database"}
{"environment":"development","level":"debug","message":"SQL Query","service":"kanyr-backend","sql":"Executing (default): CREATE UNIQUE INDEX `szobas_szoba_szama` ON `szobas` (`szoba_szama`)","timestamp":"2026-03-19 11:04:06.001","type":"database"}
{"environment":"development","level":"debug","message":"SQL Query","service":"kanyr-backend","sql":"Executing (default): CREATE INDEX `szobas_deleted_at` ON `szobas` (`deleted_at`)","timestamp":"2026-03-19 11:04:06.013","type":"database"}
{"environment":"development","level":"debug","message":"SQL Query","service":"kanyr-backend","sql":"Executing (default): DROP TABLE IF EXISTS `szobavaltoztatas`;","timestamp":"2026-03-19 11:04:06.026","type":"database"}
{"environment":"development","level":"debug","message":"SQL Query","service":"kanyr-backend","sql":"Executing (default): CREATE TABLE IF NOT EXISTS `szobavaltoztatas` (`valtoztatas_id` INTEGER PRIMARY KEY AUTOINCREMENT, `diak_id` INTEGER NOT NULL REFERENCES `diaks` (`diak_id`) ON DELETE NO ACTION ON UPDATE CASCADE, `jelenlegi_szoba_id` INTEGER NOT NULL REFERENCES `szobas` (`szoba_id`) ON DELETE CASCADE ON UPDATE CASCADE, `kivant_szoba_id` INTEGER NOT NULL REFERENCES `szobas` (`szoba_id`) ON DELETE CASCADE ON UPDATE CASCADE, `statusz` TEXT NOT NULL DEFAULT 'pending', `indok` TEXT, `academic_year` VARCHAR(9) NOT NULL, `semester_count` INTEGER NOT NULL DEFAULT 1, `deleted_at` DATETIME DEFAULT NULL, `created_at` DATETIME NOT NULL, `updated_at` DATETIME NOT NULL);","timestamp":"2026-03-19 11:04:06.029","type":"database"}
{"environment":"development","level":"debug","message":"SQL Query","service":"kanyr-backend","sql":"Executing (default): PRAGMA INDEX_LIST(`szobavaltoztatas`)","timestamp":"2026-03-19 11:04:06.038","type":"database"}
{"environment":"development","level":"debug","message":"SQL Query","service":"kanyr-backend","sql":"Executing (default): CREATE INDEX `szobavaltoztatas_diak_id` ON `szobavaltoztatas` (`diak_id`)","timestamp":"2026-03-19 11:04:06.052","type":"database"}
{"environment":"development","level":"debug","message":"SQL Query","service":"kanyr-backend","sql":"Executing (default): CREATE INDEX `szobavaltoztatas_jelenlegi_szoba_id` ON `szobavaltoztatas` (`jelenlegi_szoba_id`)","timestamp":"2026-03-19 11:04:06.062","type":"database"}
{"environment":"development","level":"debug","message":"SQL Query","service":"kanyr-backend","sql":"Executing (default): CREATE INDEX `szobavaltoztatas_kivant_szoba_id` ON `szobavaltoztatas` (`kivant_szoba_id`)","timestamp":"2026-03-19 11:04:06.072","type":"database"}
{"environment":"development","level":"debug","message":"SQL Query","service":"kanyr-backend","sql":"Executing (default): CREATE INDEX `szobavaltoztatas_statusz` ON `szobavaltoztatas` (`statusz`)","timestamp":"2026-03-19 11:04:06.083","type":"database"}
{"environment":"development","level":"debug","message":"SQL Query","service":"kanyr-backend","sql":"Executing (default): CREATE INDEX `szobavaltoztatas_academic_year` ON `szobavaltoztatas` (`academic_year`)","timestamp":"2026-03-19 11:04:06.095","type":"database"}
{"environment":"development","level":"debug","message":"SQL Query","service":"kanyr-backend","sql":"Executing (default): CREATE INDEX `szobavaltoztatas_statusz_academic_year` ON `szobavaltoztatas` (`statusz`, `academic_year`)","timestamp":"2026-03-19 11:04:06.104","type":"database"}
{"environment":"development","level":"debug","message":"SQL Query","service":"kanyr-backend","sql":"Executing (default): CREATE INDEX `szobavaltoztatas_deleted_at` ON `szobavaltoztatas` (`deleted_at`)","timestamp":"2026-03-19 11:04:06.113","type":"database"}
{"environment":"development","level":"debug","message":"SQL Query","service":"kanyr-backend","sql":"Executing (default): DROP TABLE IF EXISTS `notifications`;","timestamp":"2026-03-19 11:04:06.121","type":"database"}
{"environment":"development","level":"debug","message":"SQL Query","service":"kanyr-backend","sql":"Executing (default): CREATE TABLE IF NOT EXISTS `notifications` (`notification_id` INTEGER PRIMARY KEY AUTOINCREMENT, `diak_id` INTEGER NOT NULL REFERENCES `diaks` (`diak_id`) ON DELETE CASCADE ON UPDATE CASCADE, `szoba_valtoztatas_id` INTEGER REFERENCES `szobavaltoztatas` (`valtoztatas_id`) ON DELETE SET NULL ON UPDATE CASCADE, `tipus` TEXT NOT NULL, `uzenet` TEXT NOT NULL, `elolvasva` TINYINT(1) NOT NULL DEFAULT 0, `deleted_at` DATETIME DEFAULT NULL, `created_at` DATETIME NOT NULL, `updated_at` DATETIME NOT NULL);","timestamp":"2026-03-19 11:04:06.123","type":"database"}
{"environment":"development","level":"debug","message":"SQL Query","service":"kanyr-backend","sql":"Executing (default): PRAGMA INDEX_LIST(`notifications`)","timestamp":"2026-03-19 11:04:06.134","type":"database"}
{"environment":"development","level":"debug","message":"SQL Query","service":"kanyr-backend","sql":"Executing (default): CREATE INDEX `notifications_diak_id` ON `notifications` (`diak_id`)","timestamp":"2026-03-19 11:04:06.137","type":"database"}
{"environment":"development","level":"debug","message":"SQL Query","service":"kanyr-backend","sql":"Executing (default): CREATE INDEX `notifications_szoba_valtoztatas_id` ON `notifications` (`szoba_valtoztatas_id`)","timestamp":"2026-03-19 11:04:06.149","type":"database"}
{"environment":"development","level":"debug","message":"SQL Query","service":"kanyr-backend","sql":"Executing (default): CREATE INDEX `notifications_elolvasva` ON `notifications` (`elolvasva`)","timestamp":"2026-03-19 11:04:06.166","type":"database"}
{"environment":"development","level":"debug","message":"SQL Query","service":"kanyr-backend","sql":"Executing (default): CREATE INDEX `notifications_diak_id_elolvasva` ON `notifications` (`diak_id`, `elolvasva`)","timestamp":"2026-03-19 11:04:06.178","type":"database"}
{"environment":"development","level":"debug","message":"SQL Query","service":"kanyr-backend","sql":"Executing (default): CREATE INDEX `notifications_deleted_at` ON `notifications` (`deleted_at`)","timestamp":"2026-03-19 11:04:06.188","type":"database"}
{"environment":"development","level":"debug","message":"SQL Query","service":"kanyr-backend","sql":"Executing (default): DROP TABLE IF EXISTS `revoked_tokens`;","timestamp":"2026-03-19 11:04:06.200","type":"database"}
{"environment":"development","level":"debug","message":"SQL Query","service":"kanyr-backend","sql":"Executing (default): CREATE TABLE IF NOT EXISTS `revoked_tokens` (`id` INTEGER PRIMARY KEY AUTOINCREMENT, `token` TEXT NOT NULL, `user_id` INTEGER NOT NULL REFERENCES `felhasznalos` (`user_id`) ON DELETE NO ACTION ON UPDATE CASCADE, `expires_at` DATETIME NOT NULL, `revoked_at` DATETIME NOT NULL);","timestamp":"2026-03-19 11:04:06.208","type":"database"}
{"environment":"development","level":"debug","message":"SQL Query","service":"kanyr-backend","sql":"Executing (default): PRAGMA INDEX_LIST(`revoked_tokens`)","timestamp":"2026-03-19 11:04:06.219","type":"database"}
{"environment":"development","level":"debug","message":"SQL Query","service":"kanyr-backend","sql":"Executing (default): CREATE UNIQUE INDEX `revoked_tokens_token` ON `revoked_tokens` (`token`)","timestamp":"2026-03-19 11:04:06.221","type":"database"}
{"environment":"development","level":"debug","message":"SQL Query","service":"kanyr-backend","sql":"Executing (default): CREATE INDEX `revoked_tokens_user_id` ON `revoked_tokens` (`user_id`)","timestamp":"2026-03-19 11:04:06.237","type":"database"}
{"environment":"development","level":"debug","message":"SQL Query","service":"kanyr-backend","sql":"Executing (default): CREATE INDEX `revoked_tokens_expires_at` ON `revoked_tokens` (`expires_at`)","timestamp":"2026-03-19 11:04:06.249","type":"database"}
{"environment":"development","level":"debug","message":"SQL Query","service":"kanyr-backend","sql":"Executing (default): CREATE INDEX `revoked_tokens_revoked_at` ON `revoked_tokens` (`revoked_at`)","timestamp":"2026-03-19 11:04:06.266","type":"database"}
{"environment":"development","level":"debug","message":"SQL Query","service":"kanyr-backend","sql":"Executing (default): DROP TABLE IF EXISTS `szoba_bekoltozes`;","timestamp":"2026-03-19 11:04:06.275","type":"database"}
{"environment":"development","level":"debug","message":"SQL Query","service":"kanyr-backend","sql":"Executing (default): CREATE TABLE IF NOT EXISTS `szoba_bekoltozes` (`bekoltozes_id` INTEGER PRIMARY KEY AUTOINCREMENT, `diak_id` INTEGER NOT NULL REFERENCES `diaks` (`diak_id`) ON DELETE CASCADE ON UPDATE CASCADE, `szoba_id` INTEGER NOT NULL REFERENCES `szobas` (`szoba_id`) ON DELETE CASCADE ON UPDATE CASCADE, `bekoltozes_datum` DATE NOT NULL, `kikoltozes_datum` DATE, `deleted_at` DATETIME DEFAULT NULL, `created_at` DATETIME NOT NULL, `updated_at` DATETIME NOT NULL);","timestamp":"2026-03-19 11:04:06.279","type":"database"}
{"environment":"development","level":"debug","message":"SQL Query","service":"kanyr-backend","sql":"Executing (default): PRAGMA INDEX_LIST(`szoba_bekoltozes`)","timestamp":"2026-03-19 11:04:06.290","type":"database"}
{"environment":"development","level":"debug","message":"SQL Query","service":"kanyr-backend","sql":"Executing (default): CREATE INDEX `szoba_bekoltozes_diak_id` ON `szoba_bekoltozes` (`diak_id`)","timestamp":"2026-03-19 11:04:06.298","type":"database"}
{"environment":"development","level":"debug","message":"SQL Query","service":"kanyr-backend","sql":"Executing (default): CREATE INDEX `szoba_bekoltozes_szoba_id` ON `szoba_bekoltozes` (`szoba_id`)","timestamp":"2026-03-19 11:04:06.311","type":"database"}
{"environment":"development","level":"debug","message":"SQL Query","service":"kanyr-backend","sql":"Executing (default): CREATE INDEX `szoba_bekoltozes_bekoltozes_datum` ON `szoba_bekoltozes` (`bekoltozes_datum`)","timestamp":"2026-03-19 11:04:06.324","type":"database"}
{"environment":"development","level":"debug","message":"SQL Query","service":"kanyr-backend","sql":"Executing (default): CREATE INDEX `szoba_bekoltozes_kikoltozes_datum` ON `szoba_bekoltozes` (`kikoltozes_datum`)","timestamp":"2026-03-19 11:04:06.335","type":"database"}
{"environment":"development","level":"debug","message":"SQL Query","service":"kanyr-backend","sql":"Executing (default): CREATE INDEX `szoba_bekoltozes_diak_id_kikoltozes_datum` ON `szoba_bekoltozes` (`diak_id`, `kikoltozes_datum`)","timestamp":"2026-03-19 11:04:06.344","type":"database"}
{"environment":"development","level":"debug","message":"SQL Query","service":"kanyr-backend","sql":"Executing (default): CREATE INDEX `szoba_bekoltozes_deleted_at` ON `szoba_bekoltozes` (`deleted_at`)","timestamp":"2026-03-19 11:04:06.354","type":"database"}
{"environment":"development","level":"info","message":"✓ Adatbázis séma létrehozva","service":"kanyr-backend","timestamp":"2026-03-19 11:04:06.365"}
{"environment":"development","level":"debug","message":"SQL Query","service":"kanyr-backend","sql":"Executing (default): SELECT name FROM sqlite_master WHERE type='table'","timestamp":"2026-03-19 11:04:06.365","type":"database"}
{"environment":"development","level":"debug","message":"SQL Query","service":"kanyr-backend","sql":"Executing (default): DELETE FROM `szoba_bekoltozes`","timestamp":"2026-03-19 11:04:06.368","type":"database"}
{"environment":"development","level":"debug","message":"SQL Query","service":"kanyr-backend","sql":"Executing (default): DELETE FROM `revoked_tokens`","timestamp":"2026-03-19 11:04:06.371","type":"database"}
{"environment":"development","level":"debug","message":"SQL Query","service":"kanyr-backend","sql":"Executing (default): DELETE FROM `notifications`","timestamp":"2026-03-19 11:04:06.374","type":"database"}
{"environment":"development","level":"debug","message":"SQL Query","service":"kanyr-backend","sql":"Executing (default): DELETE FROM `szobavaltoztatas`","timestamp":"2026-03-19 11:04:06.379","type":"database"}
{"environment":"development","level":"debug","message":"SQL Query","service":"kanyr-backend","sql":"Executing (default): DELETE FROM `szobas`","timestamp":"2026-03-19 11:04:06.381","type":"database"}
{"environment":"development","level":"debug","message":"SQL Query","service":"kanyr-backend","sql":"Executing (default): DELETE FROM `felhasznalos`","timestamp":"2026-03-19 11:04:06.382","type":"database"}
{"environment":"development","level":"debug","message":"SQL Query","service":"kanyr-backend","sql":"Executing (default): DELETE FROM `diaks`","timestamp":"2026-03-19 11:04:06.384","type":"database"}
{"environment":"development","level":"debug","message":"SQL Query","service":"kanyr-backend","sql":"Executing (default): DELETE FROM `szulos`","timestamp":"2026-03-19 11:04:06.385","type":"database"}
{"environment":"development","level":"debug","message":"SQL Query","service":"kanyr-backend","sql":"Executing (default): DELETE FROM `lakcims`","timestamp":"2026-03-19 11:04:06.386","type":"database"}
{"environment":"development","level":"debug","message":"SQL Query","service":"kanyr-backend","sql":"Executing (default): DELETE FROM `audit_logs`","timestamp":"2026-03-19 11:04:06.389","type":"database"}
{"environment":"development","level":"info","message":"✓ Adatbázis tartalma törölve","service":"kanyr-backend","timestamp":"2026-03-19 11:04:06.521"}
{"environment":"development","level":"info","message":"📍 Lakcímek létrehozása...","service":"kanyr-backend","timestamp":"2026-03-19 11:04:06.521"}
{"environment":"development","level":"debug","message":"SQL Query","service":"kanyr-backend","sql":"Executing (default): INSERT INTO `lakcims` (`cim_id`,`orszag`,`iranyitoszam`,`varos`,`utca_hazszam`,`deleted_at`,`created_at`,`updated_at`) VALUES (NULL,'Magyarország','7621','Pécs','Rákóczi u. 42.',NULL,'2026-03-19 10:04:06.522 +00:00','2026-03-19 10:04:06.522 +00:00'),(NULL,'Magyarország','7625','Pécs','Széchenyi tér 15.',NULL,'2026-03-19 10:04:06.522 +00:00','2026-03-19 10:04:06.522 +00:00'),(NULL,'Magyarország','6000','Kecskemét','Batthyány u. 8.',NULL,'2026-03-19 10:04:06.522 +00:00','2026-03-19 10:04:06.522 +00:00'),(NULL,'Magyarország','6400','Kiskunhalas','Petőfi u. 12.',NULL,'2026-03-19 10:04:06.522 +00:00','2026-03-19 10:04:06.522 +00:00'),(NULL,'Magyarország','5000','Szolnok','Tiszaligeti sétány 1.',NULL,'2026-03-19 10:04:06.522 +00:00','2026-03-19 10:04:06.522 +00:00'),(NULL,'Magyarország','5300','Karcag','Szabadság tér 5.',NULL,'2026-03-19 10:04:06.522 +00:00','2026-03-19 10:04:06.522 +00:00');","timestamp":"2026-03-19 11:04:06.534","type":"database"}
{"environment":"development","level":"info","message":"✓ 6 lakcím létrehozva","service":"kanyr-backend","timestamp":"2026-03-19 11:04:06.549"}
{"environment":"development","level":"info","message":"👨‍👩‍👧 Szülők létrehozása...","service":"kanyr-backend","timestamp":"2026-03-19 11:04:06.549"}
{"environment":"development","level":"debug","message":"SQL Query","service":"kanyr-backend","sql":"Executing (default): INSERT INTO `szulos` (`szulo_id`,`nev`,`email`,`telefonszam`,`szemelyi_igazolvany_szam`,`cim_id`,`deleted_at`,`created_at`,`updated_at`) VALUES (NULL,'Nagy Anna','nagy.anna.parent@kanyr.hu','06-30-123-4567','111111AAA',1,NULL,'2026-03-19 10:04:06.550 +00:00','2026-03-19 10:04:06.550 +00:00'),(NULL,'Nagy János','nagy.janos.parent@kanyr.hu','06-70-234-5678','222222BBB',2,NULL,'2026-03-19 10:04:06.550 +00:00','2026-03-19 10:04:06.550 +00:00'),(NULL,'Kovács Eszter','kovacs.eszter.parent@kanyr.hu','06-30-345-6789','333333CCC',3,NULL,'2026-03-19 10:04:06.550 +00:00','2026-03-19 10:04:06.550 +00:00'),(NULL,'Szabó Péter','szabo.peter.parent@kanyr.hu','06-70-456-7890','444444DDD',4,NULL,'2026-03-19 10:04:06.550 +00:00','2026-03-19 10:04:06.550 +00:00'),(NULL,'Bodnár Judit','bodnar.judit.parent@kanyr.hu','06-30-567-8901','555555EEE',5,NULL,'2026-03-19 10:04:06.550 +00:00','2026-03-19 10:04:06.550 +00:00'),(NULL,'Kiss Mihály','kiss.mihaly.parent@kanyr.hu','06-70-678-9012','666666FFF',6,NULL,'2026-03-19 10:04:06.550 +00:00','2026-03-19 10:04:06.550 +00:00');","timestamp":"2026-03-19 11:04:06.553","type":"database"}
{"environment":"development","level":"info","message":"✓ 6 szülő létrehozva","service":"kanyr-backend","timestamp":"2026-03-19 11:04:06.597"}
{"environment":"development","level":"info","message":"👨‍🎓 Diákok létrehozása...","service":"kanyr-backend","timestamp":"2026-03-19 11:04:06.598"}
{"environment":"development","level":"debug","message":"SQL Query","service":"kanyr-backend","sql":"Executing (default): INSERT INTO `diaks` (`diak_id`,`nev`,`email`,`telefonszam`,`szuletesi_datum`,`szemelyi_igazolvany_szam`,`taj_szam`,`diakigazolvany_szam`,`szulo_id`,`kapcsolat_tipusa`,`cim_id`,`nem`,`deleted_at`,`created_at`,`updated_at`) VALUES (NULL,'Nagy Bernadett','nagy.bernadett.2024@student.hu','06-30-111-1111','2006-03-15','100001AAA','100001AAA','DIG2024-001',1,'anya',1,'nő',NULL,'2026-03-19 10:04:06.598 +00:00','2026-03-19 10:04:06.598 +00:00'),(NULL,'Nagy Péter','nagy.peter.2024@student.hu','06-30-222-2222','2005-07-22','100002BBB','100002BBB','DIG2024-002',2,'apa',2,'férfi',NULL,'2026-03-19 10:04:06.598 +00:00','2026-03-19 10:04:06.598 +00:00'),(NULL,'Kovács Zsófia','kovacs.zsofia.2024@student.hu','06-30-333-3333','2006-11-08','100003CCC','100003CCC','DIG2024-003',3,'anya',3,'nő',NULL,'2026-03-19 10:04:06.598 +00:00','2026-03-19 10:04:06.598 +00:00'),(NULL,'Szabó Katalin','szabo.katalin.2024@student.hu','06-30-444-4444','2005-09-18','100004DDD','100004DDD','DIG2024-004',4,'apa',4,'nő',NULL,'2026-03-19 10:04:06.598 +00:00','2026-03-19 10:04:06.598 +00:00'),(NULL,'Bodnár Krisztina','bodnar.krisztina.2024@student.hu','06-30-555-5555','2006-01-25','100005EEE','100005EEE','DIG2024-005',5,'anya',5,'nő',NULL,'2026-03-19 10:04:06.598 +00:00','2026-03-19 10:04:06.598 +00:00'),(NULL,'Kiss Tamás','kiss.tamas.2024@student.hu','06-30-666-6666','2005-05-30','100006FFF','100006FFF','DIG2024-006',6,'apa',6,'férfi',NULL,'2026-03-19 10:04:06.598 +00:00','2026-03-19 10:04:06.598 +00:00');","timestamp":"2026-03-19 11:04:06.606","type":"database"}
{"environment":"development","level":"info","message":"✓ 6 diák létrehozva","service":"kanyr-backend","timestamp":"2026-03-19 11:04:06.615"}
{"environment":"development","level":"info","message":"🚪 Szobák létrehozása...","service":"kanyr-backend","timestamp":"2026-03-19 11:04:06.615"}
{"environment":"development","level":"debug","message":"SQL Query","service":"kanyr-backend","sql":"Executing (default): INSERT INTO `szobas` (`szoba_id`,`szoba_szama`,`osszes_hely`,`deleted_at`,`created_at`,`updated_at`) VALUES (NULL,'A-101',4,NULL,'2026-03-19 10:04:06.616 +00:00','2026-03-19 10:04:06.616 +00:00'),(NULL,'A-102',4,NULL,'2026-03-19 10:04:06.616 +00:00','2026-03-19 10:04:06.616 +00:00'),(NULL,'A-103',3,NULL,'2026-03-19 10:04:06.616 +00:00','2026-03-19 10:04:06.616 +00:00'),(NULL,'B-201',4,NULL,'2026-03-19 10:04:06.616 +00:00','2026-03-19 10:04:06.616 +00:00'),(NULL,'B-202',3,NULL,'2026-03-19 10:04:06.616 +00:00','2026-03-19 10:04:06.616 +00:00'),(NULL,'B-203',2,NULL,'2026-03-19 10:04:06.616 +00:00','2026-03-19 10:04:06.616 +00:00');","timestamp":"2026-03-19 11:04:06.617","type":"database"}
{"environment":"development","level":"info","message":"✓ 6 szoba létrehozva","service":"kanyr-backend","timestamp":"2026-03-19 11:04:06.627"}
{"environment":"development","level":"info","message":"🏠 Szoba beköltözések rögzítése...","service":"kanyr-backend","timestamp":"2026-03-19 11:04:06.627"}
{"environment":"development","level":"debug","message":"SQL Query","service":"kanyr-backend","sql":"Executing (default): INSERT INTO `szoba_bekoltozes` (`bekoltozes_id`,`diak_id`,`szoba_id`,`bekoltozes_datum`,`kikoltozes_datum`,`deleted_at`,`created_at`,`updated_at`) VALUES (NULL,1,1,'2024-09-01',NULL,NULL,'2026-03-19 10:04:06.627 +00:00','2026-03-19 10:04:06.627 +00:00'),(NULL,2,4,'2024-09-01',NULL,NULL,'2026-03-19 10:04:06.627 +00:00','2026-03-19 10:04:06.627 +00:00'),(NULL,3,2,'2024-09-02',NULL,NULL,'2026-03-19 10:04:06.627 +00:00','2026-03-19 10:04:06.627 +00:00'),(NULL,4,2,'2024-09-02',NULL,NULL,'2026-03-19 10:04:06.627 +00:00','2026-03-19 10:04:06.627 +00:00'),(NULL,5,3,'2024-09-03',NULL,NULL,'2026-03-19 10:04:06.627 +00:00','2026-03-19 10:04:06.627 +00:00'),(NULL,6,4,'2024-09-03',NULL,NULL,'2026-03-19 10:04:06.627 +00:00','2026-03-19 10:04:06.627 +00:00');","timestamp":"2026-03-19 11:04:06.631","type":"database"}
{"environment":"development","level":"info","message":"✓ 6 beköltözés rögzítve","service":"kanyr-backend","timestamp":"2026-03-19 11:04:06.640"}
{"environment":"development","level":"info","message":"👤 Felhasználók létrehozása...","service":"kanyr-backend","timestamp":"2026-03-19 11:04:06.640"}
{"environment":"development","level":"debug","message":"SQL Query","service":"kanyr-backend","sql":"Executing (default): INSERT INTO `felhasznalos` (`user_id`,`username`,`email`,`password`,`admin`,`diak_id`,`token_version`,`security_flags`,`deleted_at`,`created_at`,`updated_at`) VALUES (NULL,'admin','admin@kanyr.hu','$2b$10$yAalpbXhqSbc.OgHeoQ5FeHafK78TxGs/FhB6emmhGXZ2QKmjBEn.',1,NULL,1,'{}',NULL,'2026-03-19 10:04:06.895 +00:00','2026-03-19 10:04:06.895 +00:00'),(NULL,'student1','nagy.bernadett.2024@student.hu','$2b$10$46QneNzVWX/IGj2ZDmIyMuKEVL4qICRA1rw2QNXpUcdCs6L1xt0TO',0,1,1,'{}',NULL,'2026-03-19 10:04:06.895 +00:00','2026-03-19 10:04:06.895 +00:00'),(NULL,'student2','nagy.peter.2024@student.hu','$2b$10$46QneNzVWX/IGj2ZDmIyMuKEVL4qICRA1rw2QNXpUcdCs6L1xt0TO',0,2,1,'{}',NULL,'2026-03-19 10:04:06.895 +00:00','2026-03-19 10:04:06.895 +00:00'),(NULL,'student3','kovacs.zsofia.2024@student.hu','$2b$10$46QneNzVWX/IGj2ZDmIyMuKEVL4qICRA1rw2QNXpUcdCs6L1xt0TO',0,3,1,'{}',NULL,'2026-03-19 10:04:06.895 +00:00','2026-03-19 10:04:06.895 +00:00'),(NULL,'student4','szabo.katalin.2024@student.hu','$2b$10$46QneNzVWX/IGj2ZDmIyMuKEVL4qICRA1rw2QNXpUcdCs6L1xt0TO',0,4,1,'{}',NULL,'2026-03-19 10:04:06.895 +00:00','2026-03-19 10:04:06.895 +00:00'),(NULL,'student5','bodnar.krisztina.2024@student.hu','$2b$10$46QneNzVWX/IGj2ZDmIyMuKEVL4qICRA1rw2QNXpUcdCs6L1xt0TO',0,5,1,'{}',NULL,'2026-03-19 10:04:06.895 +00:00','2026-03-19 10:04:06.895 +00:00'),(NULL,'student6','kiss.tamas.2024@student.hu','$2b$10$46QneNzVWX/IGj2ZDmIyMuKEVL4qICRA1rw2QNXpUcdCs6L1xt0TO',0,6,1,'{}',NULL,'2026-03-19 10:04:06.895 +00:00','2026-03-19 10:04:06.895 +00:00');","timestamp":"2026-03-19 11:04:06.898","type":"database"}
{"environment":"development","level":"info","message":"✓ 7 felhasználó létrehozva","service":"kanyr-backend","timestamp":"2026-03-19 11:04:06.965"}
{"environment":"development","level":"info","message":"📝 Szoba változtatási kérelmek létrehozása...","service":"kanyr-backend","timestamp":"2026-03-19 11:04:06.966"}
{"environment":"development","level":"debug","message":"SQL Query","service":"kanyr-backend","sql":"Executing (default): INSERT INTO `szobavaltoztatas` (`valtoztatas_id`,`diak_id`,`jelenlegi_szoba_id`,`kivant_szoba_id`,`statusz`,`indok`,`academic_year`,`semester_count`,`deleted_at`,`created_at`,`updated_at`) VALUES (NULL,1,1,3,'pending','A jelenlegi szobában zajos szobatársak vannak, csendesebb környezetet szeretnék.','2024-2025',1,NULL,'2026-03-19 10:04:06.966 +00:00','2026-03-19 10:04:06.966 +00:00'),(NULL,5,3,1,'approved','Egyetemista barátommal szeretnék egy szobában lakni a tanuláshoz.','2024-2025',1,NULL,'2026-03-19 10:04:06.966 +00:00','2026-03-19 10:04:06.966 +00:00');","timestamp":"2026-03-19 11:04:06.967","type":"database"}
{"environment":"development","level":"info","message":"✓ 2 szoba változtatási kérelem létrehozva","service":"kanyr-backend","timestamp":"2026-03-19 11:04:06.985"}
{"environment":"development","level":"info","message":"🔔 Értesítések létrehozása...","service":"kanyr-backend","timestamp":"2026-03-19 11:04:06.985"}
{"environment":"development","level":"debug","message":"SQL Query","service":"kanyr-backend","sql":"Executing (default): INSERT INTO `notifications` (`notification_id`,`diak_id`,`tipus`,`uzenet`,`elolvasva`,`deleted_at`,`created_at`,`updated_at`) VALUES (NULL,1,'room_change_pending','A szoba változtatási kérelmedet feldolgoztuk. Kérjük, várj türelmesen a döntésre.',0,NULL,'2026-03-19 10:04:06.985 +00:00','2026-03-19 10:04:06.985 +00:00'),(NULL,5,'room_change_approved','Gratulálunk! A szoba változtatási kérelmedet elfogadtuk. Az új szobaszámod: A-101. Kérjük, 3 munkanapon belül költözz át.',0,NULL,'2026-03-19 10:04:06.985 +00:00','2026-03-19 10:04:06.985 +00:00'),(NULL,2,'room_change_pending','Ne feledd, hogy a következő hónapban esedékes a szobafoglalás. Kérjük, ellenőrizd a számládat.',0,NULL,'2026-03-19 10:04:06.985 +00:00','2026-03-19 10:04:06.985 +00:00');","timestamp":"2026-03-19 11:04:06.987","type":"database"}
{"environment":"development","level":"info","message":"✓ 3 értesítés létrehozva","service":"kanyr-backend","timestamp":"2026-03-19 11:04:07.011"}
{"bekoltozesek":6,"diaks":6,"environment":"development","felhasznalok":7,"lakcimek":6,"level":"info","message":"📊 Adatbázis feltöltési statisztika","notifikaciok":3,"service":"kanyr-backend","szobak":6,"szulok":6,"timestamp":"2026-03-19 11:04:07.012","valtoztatasok":2}
{"environment":"development","level":"info","message":"✅ Adatbázis sikeresen feltöltve tesztadatokkal!","service":"kanyr-backend","timestamp":"2026-03-19 11:04:07.012"}
{"admin":"admin@kanyr.hu / admin123","diak":"{diak_nev}@student.hu / student123","environment":"development","level":"info","message":"📝 Alapértelmezett hozzáférési adatok","service":"kanyr-backend","timestamp":"2026-03-19 11:04:07.012"}
{"environment":"development","level":"debug","message":"SQL Query","service":"kanyr-backend","sql":"Executing (default): SELECT 1+1 AS result","timestamp":"2026-03-19 11:04:39.278","type":"database"}
{"environment":"development","level":"debug","message":"SQL Query","service":"kanyr-backend","sql":"Executing (default): SELECT 1+1 AS result","timestamp":"2026-03-19 11:04:39.281","type":"database"}
{"environment":"development","level":"info","message":"✓ Sikeres adatbázis kapcsolat létrehozva","service":"kanyr-backend","timestamp":"2026-03-19 11:04:39.284"}
{"environment":"development","level":"debug","message":"SQL Query","service":"kanyr-backend","sql":"Executing (default): CREATE TABLE IF NOT EXISTS SequelizeMeta (\n        name VARCHAR(255) PRIMARY KEY\n      )","timestamp":"2026-03-19 11:04:39.285","type":"database"}
{"environment":"development","level":"debug","message":"SQL Query","service":"kanyr-backend","sql":"Executing (default): CREATE TABLE IF NOT EXISTS SequelizeMeta (\n      name VARCHAR(255) PRIMARY KEY\n    )","timestamp":"2026-03-19 11:04:39.286","type":"database"}
{"environment":"development","level":"debug","message":"SQL Query","service":"kanyr-backend","sql":"Executing (default): SELECT name FROM SequelizeMeta ORDER BY name","timestamp":"2026-03-19 11:04:39.287","type":"database"}
{"environment":"development","level":"debug","message":"SQL Query","service":"kanyr-backend","sql":"Executing (default): SELECT name FROM SequelizeMeta ORDER BY name","timestamp":"2026-03-19 11:04:39.288","type":"database"}
{"environment":"development","error":"Database migrations are not up to date","level":"error","message":"✗ Hiba a szerver indításakor","service":"kanyr-backend","stack":"Error: Database migrations are not up to date\n    at validateMigrationsBeforeStart (c:\\Users\\SZ2\\Documents\\13.B\\Projektmunka\\KANYR\\backend\\utils\\migrationValidator.js:93:13)\n    at async startServer (c:\\Users\\SZ2\\Documents\\13.B\\Projektmunka\\KANYR\\backend\\app.js:239:5)","timestamp":"2026-03-19 11:04:39.290"}
{"environment":"development","level":"debug","message":"SQL Query","service":"kanyr-backend","sql":"Executing (default): SELECT 1+1 AS result","timestamp":"2026-03-19 11:05:10.483","type":"database"}
{"environment":"development","level":"debug","message":"SQL Query","service":"kanyr-backend","sql":"Executing (default): CREATE TABLE IF NOT EXISTS SequelizeMeta (\n      name VARCHAR(255) PRIMARY KEY\n    )","timestamp":"2026-03-19 11:05:10.496","type":"database"}
{"environment":"development","level":"debug","message":"SQL Query","service":"kanyr-backend","sql":"Executing (default): SELECT name FROM SequelizeMeta ORDER BY name","timestamp":"2026-03-19 11:05:10.498","type":"database"}
{"environment":"development","level":"debug","message":"SQL Query","service":"kanyr-backend","sql":"Executing (dc909859-2824-4b01-9569-59638d5e7f17): BEGIN DEFERRED TRANSACTION;","timestamp":"2026-03-19 11:05:10.501","type":"database"}
{"environment":"development","level":"debug","message":"SQL Query","service":"kanyr-backend","sql":"Executing (dc909859-2824-4b01-9569-59638d5e7f17): CREATE INDEX `idx_diaks_email` ON `diaks` (`email`)","timestamp":"2026-03-19 11:05:10.503","type":"database"}
{"environment":"development","level":"debug","message":"SQL Query","service":"kanyr-backend","sql":"Executing (dc909859-2824-4b01-9569-59638d5e7f17): CREATE INDEX `idx_diaks_szulo_id` ON `diaks` (`szulo_id`)","timestamp":"2026-03-19 11:05:10.506","type":"database"}
{"environment":"development","level":"debug","message":"SQL Query","service":"kanyr-backend","sql":"Executing (dc909859-2824-4b01-9569-59638d5e7f17): CREATE INDEX `idx_szobas_szoba_szama` ON `szobas` (`szoba_szama`)","timestamp":"2026-03-19 11:05:10.507","type":"database"}
{"environment":"development","level":"debug","message":"SQL Query","service":"kanyr-backend","sql":"Executing (dc909859-2824-4b01-9569-59638d5e7f17): CREATE INDEX `idx_szoba_bekoltozes_diak_kikoltozes` ON `szoba_bekoltozes` (`diak_id`, `kikoltozes_datum`)","timestamp":"2026-03-19 11:05:10.508","type":"database"}
{"environment":"development","level":"debug","message":"SQL Query","service":"kanyr-backend","sql":"Executing (dc909859-2824-4b01-9569-59638d5e7f17): COMMIT;","timestamp":"2026-03-19 11:05:10.510","type":"database"}
{"environment":"development","level":"debug","message":"SQL Query","service":"kanyr-backend","sql":"Executing (default): INSERT INTO SequelizeMeta (name) VALUES ('20250312124000-add-database-indexes.js')","timestamp":"2026-03-19 11:05:10.520","type":"database"}
{"environment":"development","level":"debug","message":"SQL Query","service":"kanyr-backend","sql":"Executing (52fcc071-7f26-4cd9-a472-7291167b59fd): BEGIN DEFERRED TRANSACTION;","timestamp":"2026-03-19 11:05:10.536","type":"database"}
{"environment":"development","level":"debug","message":"SQL Query","service":"kanyr-backend","sql":"Executing (52fcc071-7f26-4cd9-a472-7291167b59fd): COMMIT;","timestamp":"2026-03-19 11:05:10.537","type":"database"}
{"environment":"development","level":"debug","message":"SQL Query","service":"kanyr-backend","sql":"Executing (default): INSERT INTO SequelizeMeta (name) VALUES ('20250316120000-add-foreign-key-constraints.js')","timestamp":"2026-03-19 11:05:10.538","type":"database"}
{"environment":"development","level":"debug","message":"SQL Query","service":"kanyr-backend","sql":"Executing (4cfecc48-5e07-487b-8ff2-f7b7df191c06): BEGIN DEFERRED TRANSACTION;","timestamp":"2026-03-19 11:05:10.551","type":"database"}
{"environment":"development","level":"debug","message":"SQL Query","service":"kanyr-backend","sql":"Executing (4cfecc48-5e07-487b-8ff2-f7b7df191c06): ALTER TABLE `diaks` ADD `deleted_at` DATETIME DEFAULT NULL;","timestamp":"2026-03-19 11:05:10.554","type":"database"}
{"environment":"development","level":"debug","message":"SQL Query","service":"kanyr-backend","sql":"Executing (4cfecc48-5e07-487b-8ff2-f7b7df191c06): ROLLBACK;","timestamp":"2026-03-19 11:05:10.557","type":"database"}
{"environment":"development","level":"debug","message":"SQL Query","service":"kanyr-backend","sql":"Executing (default): SELECT 1+1 AS result","timestamp":"2026-03-19 11:05:23.333","type":"database"}
{"environment":"development","level":"debug","message":"SQL Query","service":"kanyr-backend","sql":"Executing (default): SELECT 1+1 AS result","timestamp":"2026-03-19 11:05:23.335","type":"database"}
{"environment":"development","level":"info","message":"✓ Sikeres adatbázis kapcsolat létrehozva","service":"kanyr-backend","timestamp":"2026-03-19 11:05:23.406"}
{"environment":"development","level":"debug","message":"SQL Query","service":"kanyr-backend","sql":"Executing (default): CREATE TABLE IF NOT EXISTS SequelizeMeta (\n        name VARCHAR(255) PRIMARY KEY\n      )","timestamp":"2026-03-19 11:05:23.407","type":"database"}
{"environment":"development","level":"debug","message":"SQL Query","service":"kanyr-backend","sql":"Executing (default): CREATE TABLE IF NOT EXISTS SequelizeMeta (\n      name VARCHAR(255) PRIMARY KEY\n    )","timestamp":"2026-03-19 11:05:23.411","type":"database"}
{"environment":"development","level":"debug","message":"SQL Query","service":"kanyr-backend","sql":"Executing (default): SELECT name FROM SequelizeMeta ORDER BY name","timestamp":"2026-03-19 11:05:23.455","type":"database"}
{"environment":"development","level":"debug","message":"SQL Query","service":"kanyr-backend","sql":"Executing (default): SELECT name FROM SequelizeMeta ORDER BY name","timestamp":"2026-03-19 11:05:23.485","type":"database"}
{"environment":"development","error":"Database migrations are not up to date","level":"error","message":"✗ Hiba a szerver indításakor","service":"kanyr-backend","stack":"Error: Database migrations are not up to date\n    at validateMigrationsBeforeStart (c:\\Users\\SZ2\\Documents\\13.B\\Projektmunka\\KANYR\\backend\\utils\\migrationValidator.js:93:13)\n    at async startServer (c:\\Users\\SZ2\\Documents\\13.B\\Projektmunka\\KANYR\\backend\\app.js:239:5)","timestamp":"2026-03-19 11:05:23.493"}
{"environment":"development","level":"debug","message":"SQL Query","service":"kanyr-backend","sql":"Executing (default): SELECT 1+1 AS result","timestamp":"2026-03-19 11:05:48.890","type":"database"}
{"environment":"development","level":"debug","message":"SQL Query","service":"kanyr-backend","sql":"Executing (default): SELECT 1+1 AS result","timestamp":"2026-03-19 11:05:48.898","type":"database"}
{"environment":"development","level":"info","message":"✓ Sikeres adatbázis kapcsolat létrehozva","service":"kanyr-backend","timestamp":"2026-03-19 11:05:48.902"}
{"environment":"development","level":"debug","message":"SQL Query","service":"kanyr-backend","sql":"Executing (default): CREATE TABLE IF NOT EXISTS SequelizeMeta (\n        name VARCHAR(255) PRIMARY KEY\n      )","timestamp":"2026-03-19 11:05:48.904","type":"database"}
{"environment":"development","level":"debug","message":"SQL Query","service":"kanyr-backend","sql":"Executing (default): CREATE TABLE IF NOT EXISTS SequelizeMeta (\n      name VARCHAR(255) PRIMARY KEY\n    )","timestamp":"2026-03-19 11:05:48.906","type":"database"}
{"environment":"development","level":"debug","message":"SQL Query","service":"kanyr-backend","sql":"Executing (default): SELECT name FROM SequelizeMeta ORDER BY name","timestamp":"2026-03-19 11:05:48.907","type":"database"}
{"environment":"development","level":"debug","message":"SQL Query","service":"kanyr-backend","sql":"Executing (default): SELECT name FROM SequelizeMeta ORDER BY name","timestamp":"2026-03-19 11:05:48.909","type":"database"}
{"environment":"development","error":"Database migrations are not up to date","level":"error","message":"✗ Hiba a szerver indításakor","service":"kanyr-backend","stack":"Error: Database migrations are not up to date\n    at validateMigrationsBeforeStart (c:\\Users\\SZ2\\Documents\\13.B\\Projektmunka\\KANYR\\backend\\utils\\migrationValidator.js:93:13)\n    at async startServer (c:\\Users\\SZ2\\Documents\\13.B\\Projektmunka\\KANYR\\backend\\app.js:239:5)","timestamp":"2026-03-19 11:05:48.912"}
{"environment":"development","level":"debug","message":"SQL Query","service":"kanyr-backend","sql":"Executing (default): SELECT 1+1 AS result","timestamp":"2026-03-19 11:07:03.687","type":"database"}
{"environment":"development","level":"debug","message":"SQL Query","service":"kanyr-backend","sql":"Executing (default): SELECT 1+1 AS result","timestamp":"2026-03-19 11:07:03.691","type":"database"}
{"environment":"development","level":"info","message":"✓ Sikeres adatbázis kapcsolat létrehozva","service":"kanyr-backend","timestamp":"2026-03-19 11:07:03.694"}
{"environment":"development","level":"debug","message":"SQL Query","service":"kanyr-backend","sql":"Executing (default): SELECT 1+1 AS result","timestamp":"2026-03-19 11:07:48.636","type":"database"}
{"environment":"development","level":"info","message":"✓ Sikeres adatbázis kapcsolat létrehozva","service":"kanyr-backend","timestamp":"2026-03-19 11:07:48.640"}
{"environment":"development","level":"debug","message":"SQL Query","service":"kanyr-backend","sql":"Executing (default): CREATE TABLE IF NOT EXISTS SequelizeMeta (\n      name VARCHAR(255) PRIMARY KEY\n    )","timestamp":"2026-03-19 11:07:48.642","type":"database"}
{"environment":"development","level":"debug","message":"SQL Query","service":"kanyr-backend","sql":"Executing (default): SELECT name FROM SequelizeMeta ORDER BY name","timestamp":"2026-03-19 11:07:48.644","type":"database"}
{"environment":"development","level":"debug","message":"SQL Query","service":"kanyr-backend","sql":"Executing (34582972-a9ff-440f-9257-c04d50b6f5f4): BEGIN DEFERRED TRANSACTION;","timestamp":"2026-03-19 11:07:48.653","type":"database"}
{"environment":"development","level":"debug","message":"SQL Query","service":"kanyr-backend","sql":"Executing (34582972-a9ff-440f-9257-c04d50b6f5f4): ALTER TABLE `diaks` ADD `deleted_at` DATETIME DEFAULT NULL;","timestamp":"2026-03-19 11:07:48.655","type":"database"}
{"environment":"development","level":"debug","message":"SQL Query","service":"kanyr-backend","sql":"Executing (34582972-a9ff-440f-9257-c04d50b6f5f4): ROLLBACK;","timestamp":"2026-03-19 11:07:48.696","type":"database"}
{"environment":"development","level":"debug","message":"SQL Query","service":"kanyr-backend","sql":"Executing (default): SELECT 1+1 AS result","timestamp":"2026-03-19 11:08:51.660","type":"database"}
{"environment":"development","level":"info","message":"✓ Sikeres adatbázis kapcsolat létrehozva","service":"kanyr-backend","timestamp":"2026-03-19 11:08:51.664"}
{"environment":"development","level":"debug","message":"SQL Query","service":"kanyr-backend","sql":"Executing (default): SELECT 1+1 AS result","timestamp":"2026-03-19 11:12:21.827","type":"database"}
{"environment":"development","level":"info","message":"✓ Sikeres adatbázis kapcsolat létrehozva","service":"kanyr-backend","timestamp":"2026-03-19 11:12:21.830"}
{"environment":"development","level":"debug","message":"SQL Query","service":"kanyr-backend","sql":"Executing (default): SELECT 1+1 AS result","timestamp":"2026-03-19 11:23:03.687","type":"database"}
{"environment":"development","level":"info","message":"✓ Sikeres adatbázis kapcsolat létrehozva","service":"kanyr-backend","timestamp":"2026-03-19 11:23:03.690"}
{"environment":"development","level":"debug","message":"SQL Query","service":"kanyr-backend","sql":"Executing (default): SELECT 1+1 AS result","timestamp":"2026-03-19 11:24:00.717","type":"database"}
{"environment":"development","level":"info","message":"✓ Sikeres adatbázis kapcsolat létrehozva","service":"kanyr-backend","timestamp":"2026-03-19 11:24:00.721"}
{"environment":"development","level":"info","message":"✓ Migrációk átmenetileg kihagyva, modellek már tartalmazzák a szükséges változtatásokat","service":"kanyr-backend","timestamp":"2026-03-19 11:24:00.721"}
{"environment":"development","level":"info","message":"✓ Adatbázis elérhető a route-ok számára","service":"kanyr-backend","timestamp":"2026-03-19 11:24:00.722"}
{"dbExists":true,"diakModel":true,"environment":"development","lakcimModel":true,"level":"debug","message":"SzuloRepository constructor called","service":"kanyr-backend","szuloModel":true,"timestamp":"2026-03-19 11:24:00.876"}
{"environment":"development","level":"info","message":"✓ Controllers initialized with dependency injection","service":"kanyr-backend","timestamp":"2026-03-19 11:24:00.877"}
{"environment":"development","level":"info","message":"✓ CSRF protection middleware initialized","service":"kanyr-backend","timestamp":"2026-03-19 11:24:00.877"}
{"environment":"development","level":"info","message":"✓ Student route-ok inicializálva","service":"kanyr-backend","timestamp":"2026-03-19 11:24:00.937"}
{"environment":"development","level":"info","message":"✓ Room route-ok inicializálva","service":"kanyr-backend","timestamp":"2026-03-19 11:24:00.944"}
{"environment":"development","level":"info","message":"✓ Parent route-ok inicializálva","service":"kanyr-backend","timestamp":"2026-03-19 11:24:00.951"}
{"environment":"development","level":"info","message":"✓ Address route-ok inicializálva","service":"kanyr-backend","timestamp":"2026-03-19 11:24:00.956"}
{"environment":"development","level":"info","message":"✓ Auth route-ok inicializálva","service":"kanyr-backend","timestamp":"2026-03-19 11:24:00.967"}
{"environment":"development","level":"info","message":"✓ User route-ok inicializálva","service":"kanyr-backend","timestamp":"2026-03-19 11:24:00.971"}
{"environment":"development","level":"info","message":"✓ Room change route-ok inicializálva","service":"kanyr-backend","timestamp":"2026-03-19 11:24:00.974"}
{"environment":"development","error":"Cannot read properties of undefined (reading 'Op')","level":"error","message":"Error cleaning up expired tokens","service":"kanyr-backend","timestamp":"2026-03-19 11:24:00.981"}
{"environment":"development","level":"info","message":"✓ Token blacklist cleanup scheduler initialized","service":"kanyr-backend","timestamp":"2026-03-19 11:24:00.982"}
{"environment":"development","error":"Hiba a lejárt tokenek törlése közben: Cannot read properties of undefined (reading 'Op')","level":"error","message":"Error cleaning up expired tokens","service":"kanyr-backend","timestamp":"2026-03-19 11:24:00.982"}
{"environment":"development","error":"Hiba a lejárt tokenek törlése közben: Cannot read properties of undefined (reading 'Op')","level":"error","message":"Error during token cleanup","service":"kanyr-backend","timestamp":"2026-03-19 11:24:00.982"}
{"environment":"development","level":"info","message":"✓ Szerver fut a http://localhost:3000 címen","service":"kanyr-backend","timestamp":"2026-03-19 11:24:00.983"}
{"environment":"development","level":"info","message":"✓ Környezet: development","service":"kanyr-backend","timestamp":"2026-03-19 11:24:00.983"}
{"clientId":"960a0ada...","environment":"development","level":"debug","message":"CSRF token generated","service":"kanyr-backend","timestamp":"2026-03-19 11:24:48.029"}
{"duration":"7ms","environment":"development","ip":"::1","level":"info","message":"HTTP Request","method":"GET","service":"kanyr-backend","statusCode":200,"timestamp":"2026-03-19 11:24:48.035","type":"http","url":"/","userAgent":"curl/8.18.0","userId":null}
{"environment":"development","error":{"details":null,"isOperational":true,"message":"Endpoint not found","name":"NotFoundError","requestId":"req-20260319-112457-ASZC","stack":"NotFoundError: Endpoint not found\n    at c:\\Users\\SZ2\\Documents\\13.B\\Projektmunka\\KANYR\\backend\\app.js:289:13\n    at Layer.handleRequest (c:\\Users\\SZ2\\Documents\\13.B\\Projektmunka\\KANYR\\backend\\node_modules\\router\\lib\\layer.js:152:17)\n    at trimPrefix (c:\\Users\\SZ2\\Documents\\13.B\\Projektmunka\\KANYR\\backend\\node_modules\\router\\index.js:342:13)\n    at c:\\Users\\SZ2\\Documents\\13.B\\Projektmunka\\KANYR\\backend\\node_modules\\router\\index.js:297:9\n    at processParams (c:\\Users\\SZ2\\Documents\\13.B\\Projektmunka\\KANYR\\backend\\node_modules\\router\\index.js:582:12)\n    at next (c:\\Users\\SZ2\\Documents\\13.B\\Projektmunka\\KANYR\\backend\\node_modules\\router\\index.js:291:5)\n    at c:\\Users\\SZ2\\Documents\\13.B\\Projektmunka\\KANYR\\backend\\node_modules\\router\\index.js:688:15\n    at next (c:\\Users\\SZ2\\Documents\\13.B\\Projektmunka\\KANYR\\backend\\node_modules\\router\\index.js:276:14)\n    at Function.handle (c:\\Users\\SZ2\\Documents\\13.B\\Projektmunka\\KANYR\\backend\\node_modules\\router\\index.js:186:3)\n    at router (c:\\Users\\SZ2\\Documents\\13.B\\Projektmunka\\KANYR\\backend\\node_modules\\router\\index.js:60:12)","status":"fail","statusCode":404,"timestamp":"2026-03-19T10:24:57.409Z","userId":null},"ip":"::1","level":"error","message":"Endpoint not found","method":"GET","service":"kanyr-backend","stack":"NotFoundError: Endpoint not found\n    at c:\\Users\\SZ2\\Documents\\13.B\\Projektmunka\\KANYR\\backend\\app.js:289:13\n    at Layer.handleRequest (c:\\Users\\SZ2\\Documents\\13.B\\Projektmunka\\KANYR\\backend\\node_modules\\router\\lib\\layer.js:152:17)\n    at trimPrefix (c:\\Users\\SZ2\\Documents\\13.B\\Projektmunka\\KANYR\\backend\\node_modules\\router\\index.js:342:13)\n    at c:\\Users\\SZ2\\Documents\\13.B\\Projektmunka\\KANYR\\backend\\node_modules\\router\\index.js:297:9\n    at processParams (c:\\Users\\SZ2\\Documents\\13.B\\Projektmunka\\KANYR\\backend\\node_modules\\router\\index.js:582:12)\n    at next (c:\\Users\\SZ2\\Documents\\13.B\\Projektmunka\\KANYR\\backend\\node_modules\\router\\index.js:291:5)\n    at c:\\Users\\SZ2\\Documents\\13.B\\Projektmunka\\KANYR\\backend\\node_modules\\router\\index.js:688:15\n    at next (c:\\Users\\SZ2\\Documents\\13.B\\Projektmunka\\KANYR\\backend\\node_modules\\router\\index.js:276:14)\n    at Function.handle (c:\\Users\\SZ2\\Documents\\13.B\\Projektmunka\\KANYR\\backend\\node_modules\\router\\index.js:186:3)\n    at router (c:\\Users\\SZ2\\Documents\\13.B\\Projektmunka\\KANYR\\backend\\node_modules\\router\\index.js:60:12)","timestamp":"2026-03-19 11:24:57.411","type":"error","url":"/api/auth","userId":null}
{"duration":"5ms","environment":"development","ip":"::1","level":"info","message":"HTTP Request","method":"GET","service":"kanyr-backend","statusCode":404,"timestamp":"2026-03-19 11:24:57.412","type":"http","url":"/api/auth","userAgent":"curl/8.18.0","userId":null}
{"duration":"3ms","environment":"development","ip":"::1","level":"info","message":"HTTP Request","method":"GET","service":"kanyr-backend","statusCode":200,"timestamp":"2026-03-19 11:25:28.017","type":"http","url":"/api/auth/csrf-token","userAgent":"curl/8.18.0","userId":null}
{"duration":"2ms","environment":"development","ip":"::1","level":"info","message":"HTTP Request","method":"GET","service":"kanyr-backend","statusCode":401,"timestamp":"2026-03-19 11:25:38.015","type":"http","url":"/api/students","userAgent":"curl/8.18.0","userId":null}
{"duration":"2ms","environment":"development","ip":"::1","level":"info","message":"HTTP Request","method":"GET","service":"kanyr-backend","statusCode":401,"timestamp":"2026-03-19 11:25:48.068","type":"http","url":"/api/rooms","userAgent":"curl/8.18.0","userId":null}
{"duration":"1ms","environment":"development","ip":"::1","level":"info","message":"HTTP Request","method":"GET","service":"kanyr-backend","statusCode":401,"timestamp":"2026-03-19 11:25:57.922","type":"http","url":"/api/parents","userAgent":"curl/8.18.0","userId":null}
{"duration":"1ms","environment":"development","ip":"::1","level":"info","message":"HTTP Request","method":"GET","service":"kanyr-backend","statusCode":401,"timestamp":"2026-03-19 11:26:06.074","type":"http","url":"/api/addresses","userAgent":"curl/8.18.0","userId":null}
{"duration":"2ms","environment":"development","ip":"::1","level":"info","message":"HTTP Request","method":"GET","service":"kanyr-backend","statusCode":401,"timestamp":"2026-03-19 11:26:15.198","type":"http","url":"/api/users","userAgent":"curl/8.18.0","userId":null}
{"environment":"development","error":{"details":null,"isOperational":true,"message":"Endpoint not found","name":"NotFoundError","requestId":"req-20260319-112626-BBZ4","stack":"NotFoundError: Endpoint not found\n    at c:\\Users\\SZ2\\Documents\\13.B\\Projektmunka\\KANYR\\backend\\app.js:289:13\n    at Layer.handleRequest (c:\\Users\\SZ2\\Documents\\13.B\\Projektmunka\\KANYR\\backend\\node_modules\\router\\lib\\layer.js:152:17)\n    at trimPrefix (c:\\Users\\SZ2\\Documents\\13.B\\Projektmunka\\KANYR\\backend\\node_modules\\router\\index.js:342:13)\n    at c:\\Users\\SZ2\\Documents\\13.B\\Projektmunka\\KANYR\\backend\\node_modules\\router\\index.js:297:9\n    at processParams (c:\\Users\\SZ2\\Documents\\13.B\\Projektmunka\\KANYR\\backend\\node_modules\\router\\index.js:582:12)\n    at next (c:\\Users\\SZ2\\Documents\\13.B\\Projektmunka\\KANYR\\backend\\node_modules\\router\\index.js:291:5)\n    at c:\\Users\\SZ2\\Documents\\13.B\\Projektmunka\\KANYR\\backend\\node_modules\\router\\index.js:688:15\n    at next (c:\\Users\\SZ2\\Documents\\13.B\\Projektmunka\\KANYR\\backend\\node_modules\\router\\index.js:276:14)\n    at Function.handle (c:\\Users\\SZ2\\Documents\\13.B\\Projektmunka\\KANYR\\backend\\node_modules\\router\\index.js:186:3)\n    at router (c:\\Users\\SZ2\\Documents\\13.B\\Projektmunka\\KANYR\\backend\\node_modules\\router\\index.js:60:12)","status":"fail","statusCode":404,"timestamp":"2026-03-19T10:26:26.513Z","userId":null},"ip":"::1","level":"error","message":"Endpoint not found","method":"GET","service":"kanyr-backend","stack":"NotFoundError: Endpoint not found\n    at c:\\Users\\SZ2\\Documents\\13.B\\Projektmunka\\KANYR\\backend\\app.js:289:13\n    at Layer.handleRequest (c:\\Users\\SZ2\\Documents\\13.B\\Projektmunka\\KANYR\\backend\\node_modules\\router\\lib\\layer.js:152:17)\n    at trimPrefix (c:\\Users\\SZ2\\Documents\\13.B\\Projektmunka\\KANYR\\backend\\node_modules\\router\\index.js:342:13)\n    at c:\\Users\\SZ2\\Documents\\13.B\\Projektmunka\\KANYR\\backend\\node_modules\\router\\index.js:297:9\n    at processParams (c:\\Users\\SZ2\\Documents\\13.B\\Projektmunka\\KANYR\\backend\\node_modules\\router\\index.js:582:12)\n    at next (c:\\Users\\SZ2\\Documents\\13.B\\Projektmunka\\KANYR\\backend\\node_modules\\router\\index.js:291:5)\n    at c:\\Users\\SZ2\\Documents\\13.B\\Projektmunka\\KANYR\\backend\\node_modules\\router\\index.js:688:15\n    at next (c:\\Users\\SZ2\\Documents\\13.B\\Projektmunka\\KANYR\\backend\\node_modules\\router\\index.js:276:14)\n    at Function.handle (c:\\Users\\SZ2\\Documents\\13.B\\Projektmunka\\KANYR\\backend\\node_modules\\router\\index.js:186:3)\n    at router (c:\\Users\\SZ2\\Documents\\13.B\\Projektmunka\\KANYR\\backend\\node_modules\\router\\index.js:60:12)","timestamp":"2026-03-19 11:26:26.513","type":"error","url":"/api/room-changes","userId":null}
{"duration":"3ms","environment":"development","ip":"::1","level":"info","message":"HTTP Request","method":"GET","service":"kanyr-backend","statusCode":404,"timestamp":"2026-03-19 11:26:26.515","type":"http","url":"/api/room-changes","userAgent":"curl/8.18.0","userId":null}
{"duration":"1ms","environment":"development","ip":"::1","level":"info","message":"HTTP Request","method":"GET","service":"kanyr-backend","statusCode":401,"timestamp":"2026-03-19 11:26:49.541","type":"http","url":"/api/room-changes/students/room","userAgent":"curl/8.18.0","userId":null}
{"environment":"development","level":"debug","message":"SQL Query","service":"kanyr-backend","sql":"Executing (default): SELECT 1+1 AS result","timestamp":"2026-03-19 11:35:01.764","type":"database"}
{"environment":"development","level":"info","message":"✓ Sikeres adatbázis kapcsolat létrehozva","service":"kanyr-backend","timestamp":"2026-03-19 11:35:01.767"}
{"environment":"development","level":"info","message":"✓ Migrációk átmenetileg kihagyva, modellek már tartalmazzák a szükséges változtatásokat","service":"kanyr-backend","timestamp":"2026-03-19 11:35:01.768"}
{"environment":"development","level":"info","message":"✓ Adatbázis elérhető a route-ok számára","service":"kanyr-backend","timestamp":"2026-03-19 11:35:01.768"}
{"dbExists":true,"diakModel":true,"environment":"development","lakcimModel":true,"level":"debug","message":"SzuloRepository constructor called","service":"kanyr-backend","szuloModel":true,"timestamp":"2026-03-19 11:35:01.810"}
{"environment":"development","level":"info","message":"✓ Controllers initialized with dependency injection","service":"kanyr-backend","timestamp":"2026-03-19 11:35:01.810"}
{"environment":"development","level":"info","message":"✓ CSRF protection middleware initialized","service":"kanyr-backend","timestamp":"2026-03-19 11:35:01.810"}
{"environment":"development","level":"info","message":"✓ Student route-ok inicializálva","service":"kanyr-backend","timestamp":"2026-03-19 11:35:01.824"}
{"environment":"development","level":"info","message":"✓ Room route-ok inicializálva","service":"kanyr-backend","timestamp":"2026-03-19 11:35:01.828"}
{"environment":"development","level":"info","message":"✓ Parent route-ok inicializálva","service":"kanyr-backend","timestamp":"2026-03-19 11:35:01.831"}
{"environment":"development","level":"info","message":"✓ Address route-ok inicializálva","service":"kanyr-backend","timestamp":"2026-03-19 11:35:01.834"}
{"environment":"development","level":"info","message":"✓ Auth route-ok inicializálva","service":"kanyr-backend","timestamp":"2026-03-19 11:35:01.841"}
{"environment":"development","level":"info","message":"✓ User route-ok inicializálva","service":"kanyr-backend","timestamp":"2026-03-19 11:35:01.844"}
{"environment":"development","level":"info","message":"✓ Room change route-ok inicializálva","service":"kanyr-backend","timestamp":"2026-03-19 11:35:01.847"}
{"environment":"development","error":"Cannot read properties of undefined (reading 'Op')","level":"error","message":"Error cleaning up expired tokens","service":"kanyr-backend","timestamp":"2026-03-19 11:35:01.850"}
{"environment":"development","level":"info","message":"✓ Token blacklist cleanup scheduler initialized","service":"kanyr-backend","timestamp":"2026-03-19 11:35:01.851"}
{"environment":"development","error":"Hiba a lejárt tokenek törlése közben: Cannot read properties of undefined (reading 'Op')","level":"error","message":"Error cleaning up expired tokens","service":"kanyr-backend","timestamp":"2026-03-19 11:35:01.852"}
{"environment":"development","error":"Hiba a lejárt tokenek törlése közben: Cannot read properties of undefined (reading 'Op')","level":"error","message":"Error during token cleanup","service":"kanyr-backend","timestamp":"2026-03-19 11:35:01.852"}
{"environment":"development","level":"info","message":"✓ Szerver fut a http://localhost:3000 címen","service":"kanyr-backend","timestamp":"2026-03-19 11:35:01.853"}
{"environment":"development","level":"info","message":"✓ Környezet: development","service":"kanyr-backend","timestamp":"2026-03-19 11:35:01.853"}
{"environment":"development","level":"debug","message":"SQL Query","service":"kanyr-backend","sql":"Executing (default): SELECT 1+1 AS result","timestamp":"2026-03-19 11:35:12.147","type":"database"}
{"environment":"development","level":"info","message":"✓ Sikeres adatbázis kapcsolat létrehozva","service":"kanyr-backend","timestamp":"2026-03-19 11:35:12.155"}
{"environment":"development","level":"info","message":"✓ Migrációk átmenetileg kihagyva, modellek már tartalmazzák a szükséges változtatásokat","service":"kanyr-backend","timestamp":"2026-03-19 11:35:12.157"}
{"environment":"development","level":"info","message":"✓ Adatbázis elérhető a route-ok számára","service":"kanyr-backend","timestamp":"2026-03-19 11:35:12.157"}
{"dbExists":true,"diakModel":true,"environment":"development","lakcimModel":true,"level":"debug","message":"SzuloRepository constructor called","service":"kanyr-backend","szuloModel":true,"timestamp":"2026-03-19 11:35:12.252"}
{"environment":"development","level":"info","message":"✓ Controllers initialized with dependency injection","service":"kanyr-backend","timestamp":"2026-03-19 11:35:12.253"}
{"environment":"development","level":"info","message":"✓ CSRF protection middleware initialized","service":"kanyr-backend","timestamp":"2026-03-19 11:35:12.253"}
{"environment":"development","level":"info","message":"✓ Student route-ok inicializálva","service":"kanyr-backend","timestamp":"2026-03-19 11:35:12.287"}
{"environment":"development","level":"info","message":"✓ Room route-ok inicializálva","service":"kanyr-backend","timestamp":"2026-03-19 11:35:12.301"}
{"environment":"development","level":"info","message":"✓ Parent route-ok inicializálva","service":"kanyr-backend","timestamp":"2026-03-19 11:35:12.312"}
{"environment":"development","level":"info","message":"✓ Address route-ok inicializálva","service":"kanyr-backend","timestamp":"2026-03-19 11:35:12.319"}
{"environment":"development","level":"info","message":"✓ Auth route-ok inicializálva","service":"kanyr-backend","timestamp":"2026-03-19 11:35:12.336"}
{"environment":"development","level":"info","message":"✓ User route-ok inicializálva","service":"kanyr-backend","timestamp":"2026-03-19 11:35:12.344"}
{"environment":"development","level":"info","message":"✓ Room change route-ok inicializálva","service":"kanyr-backend","timestamp":"2026-03-19 11:35:12.348"}
{"environment":"development","error":"Cannot read properties of undefined (reading 'Op')","level":"error","message":"Error cleaning up expired tokens","service":"kanyr-backend","timestamp":"2026-03-19 11:35:12.352"}
{"environment":"development","level":"info","message":"✓ Token blacklist cleanup scheduler initialized","service":"kanyr-backend","timestamp":"2026-03-19 11:35:12.353"}
{"environment":"development","error":"Hiba a lejárt tokenek törlése közben: Cannot read properties of undefined (reading 'Op')","level":"error","message":"Error cleaning up expired tokens","service":"kanyr-backend","timestamp":"2026-03-19 11:35:12.353"}
{"environment":"development","error":"Hiba a lejárt tokenek törlése közben: Cannot read properties of undefined (reading 'Op')","level":"error","message":"Error during token cleanup","service":"kanyr-backend","timestamp":"2026-03-19 11:35:12.357"}
{"environment":"development","level":"info","message":"✓ Szerver fut a http://localhost:3000 címen","service":"kanyr-backend","timestamp":"2026-03-19 11:35:12.358"}
{"environment":"development","level":"info","message":"✓ Környezet: development","service":"kanyr-backend","timestamp":"2026-03-19 11:35:12.358"}
{"environment":"development","level":"debug","message":"SQL Query","service":"kanyr-backend","sql":"Executing (default): SELECT 1+1 AS result","timestamp":"2026-03-19 11:39:15.194","type":"database"}
{"environment":"development","level":"info","message":"✓ Sikeres adatbázis kapcsolat létrehozva","service":"kanyr-backend","timestamp":"2026-03-19 11:39:15.203"}
{"environment":"development","level":"info","message":"✓ Migrációk átmenetileg kihagyva, modellek már tartalmazzák a szükséges változtatásokat","service":"kanyr-backend","timestamp":"2026-03-19 11:39:15.211"}
{"environment":"development","level":"info","message":"✓ Adatbázis elérhető a route-ok számára","service":"kanyr-backend","timestamp":"2026-03-19 11:39:15.212"}
{"dbExists":true,"diakModel":true,"environment":"development","lakcimModel":true,"level":"debug","message":"SzuloRepository constructor called","service":"kanyr-backend","szuloModel":true,"timestamp":"2026-03-19 11:39:15.286"}
{"environment":"development","level":"info","message":"✓ Controllers initialized with dependency injection","service":"kanyr-backend","timestamp":"2026-03-19 11:39:15.287"}
{"environment":"development","level":"info","message":"✓ CSRF protection middleware initialized","service":"kanyr-backend","timestamp":"2026-03-19 11:39:15.291"}
{"environment":"development","level":"info","message":"✓ Student route-ok inicializálva","service":"kanyr-backend","timestamp":"2026-03-19 11:39:15.313"}
{"environment":"development","level":"info","message":"✓ Room route-ok inicializálva","service":"kanyr-backend","timestamp":"2026-03-19 11:39:15.320"}
{"environment":"development","level":"info","message":"✓ Parent route-ok inicializálva","service":"kanyr-backend","timestamp":"2026-03-19 11:39:15.331"}
{"environment":"development","level":"info","message":"✓ Address route-ok inicializálva","service":"kanyr-backend","timestamp":"2026-03-19 11:39:15.359"}
{"environment":"development","level":"info","message":"✓ Auth route-ok inicializálva","service":"kanyr-backend","timestamp":"2026-03-19 11:39:15.369"}
{"environment":"development","level":"info","message":"✓ User route-ok inicializálva","service":"kanyr-backend","timestamp":"2026-03-19 11:39:15.376"}
{"environment":"development","level":"info","message":"✓ Room change route-ok inicializálva","service":"kanyr-backend","timestamp":"2026-03-19 11:39:15.379"}
{"environment":"development","error":"Cannot read properties of undefined (reading 'Op')","level":"error","message":"Error cleaning up expired tokens","service":"kanyr-backend","timestamp":"2026-03-19 11:39:15.384"}
{"environment":"development","level":"info","message":"✓ Token blacklist cleanup scheduler initialized","service":"kanyr-backend","timestamp":"2026-03-19 11:39:15.390"}
{"environment":"development","error":"Hiba a lejárt tokenek törlése közben: Cannot read properties of undefined (reading 'Op')","level":"error","message":"Error cleaning up expired tokens","service":"kanyr-backend","timestamp":"2026-03-19 11:39:15.391"}
{"environment":"development","error":"Hiba a lejárt tokenek törlése közben: Cannot read properties of undefined (reading 'Op')","level":"error","message":"Error during token cleanup","service":"kanyr-backend","timestamp":"2026-03-19 11:39:15.391"}
{"environment":"development","level":"info","message":"✓ Szerver fut a http://localhost:3000 címen","service":"kanyr-backend","timestamp":"2026-03-19 11:39:15.392"}
{"environment":"development","level":"info","message":"✓ Környezet: development","service":"kanyr-backend","timestamp":"2026-03-19 11:39:15.394"}
{"environment":"development","level":"debug","message":"SQL Query","service":"kanyr-backend","sql":"Executing (default): SELECT 1+1 AS result","timestamp":"2026-03-19 11:39:37.946","type":"database"}
{"environment":"development","level":"info","message":"✓ Sikeres adatbázis kapcsolat létrehozva","service":"kanyr-backend","timestamp":"2026-03-19 11:39:37.959"}
{"environment":"development","level":"info","message":"✓ Migrációk átmenetileg kihagyva, modellek már tartalmazzák a szükséges változtatásokat","service":"kanyr-backend","timestamp":"2026-03-19 11:39:37.960"}
{"environment":"development","level":"info","message":"✓ Adatbázis elérhető a route-ok számára","service":"kanyr-backend","timestamp":"2026-03-19 11:39:37.960"}
{"dbExists":true,"diakModel":true,"environment":"development","lakcimModel":true,"level":"debug","message":"SzuloRepository constructor called","service":"kanyr-backend","szuloModel":true,"timestamp":"2026-03-19 11:39:38.061"}
{"environment":"development","level":"info","message":"✓ Controllers initialized with dependency injection","service":"kanyr-backend","timestamp":"2026-03-19 11:39:38.062"}
{"environment":"development","level":"info","message":"✓ CSRF protection middleware initialized","service":"kanyr-backend","timestamp":"2026-03-19 11:39:38.062"}
{"environment":"development","level":"info","message":"✓ Student route-ok inicializálva","service":"kanyr-backend","timestamp":"2026-03-19 11:39:38.097"}
{"environment":"development","level":"info","message":"✓ Room route-ok inicializálva","service":"kanyr-backend","timestamp":"2026-03-19 11:39:38.109"}
{"environment":"development","level":"info","message":"✓ Parent route-ok inicializálva","service":"kanyr-backend","timestamp":"2026-03-19 11:39:38.116"}
{"environment":"development","level":"info","message":"✓ Address route-ok inicializálva","service":"kanyr-backend","timestamp":"2026-03-19 11:39:38.121"}
{"environment":"development","level":"info","message":"✓ Auth route-ok inicializálva","service":"kanyr-backend","timestamp":"2026-03-19 11:39:38.127"}
{"environment":"development","level":"info","message":"✓ User route-ok inicializálva","service":"kanyr-backend","timestamp":"2026-03-19 11:39:38.134"}
{"environment":"development","level":"info","message":"✓ Room change route-ok inicializálva","service":"kanyr-backend","timestamp":"2026-03-19 11:39:38.144"}
{"environment":"development","error":"Cannot read properties of undefined (reading 'Op')","level":"error","message":"Error cleaning up expired tokens","service":"kanyr-backend","timestamp":"2026-03-19 11:39:38.150"}
{"environment":"development","level":"info","message":"✓ Token blacklist cleanup scheduler initialized","service":"kanyr-backend","timestamp":"2026-03-19 11:39:38.150"}
{"environment":"development","error":"Hiba a lejárt tokenek törlése közben: Cannot read properties of undefined (reading 'Op')","level":"error","message":"Error cleaning up expired tokens","service":"kanyr-backend","timestamp":"2026-03-19 11:39:38.151"}
{"environment":"development","error":"Hiba a lejárt tokenek törlése közben: Cannot read properties of undefined (reading 'Op')","level":"error","message":"Error during token cleanup","service":"kanyr-backend","timestamp":"2026-03-19 11:39:38.152"}
{"environment":"development","level":"info","message":"✓ Szerver fut a http://localhost:3000 címen","service":"kanyr-backend","timestamp":"2026-03-19 11:39:38.153"}
{"environment":"development","level":"info","message":"✓ Környezet: development","service":"kanyr-backend","timestamp":"2026-03-19 11:39:38.153"}
{"environment":"development","level":"debug","message":"SQL Query","service":"kanyr-backend","sql":"Executing (default): SELECT 1+1 AS result","timestamp":"2026-03-19 11:39:56.616","type":"database"}
{"environment":"development","level":"info","message":"✓ Sikeres adatbázis kapcsolat létrehozva","service":"kanyr-backend","timestamp":"2026-03-19 11:39:56.623"}
{"environment":"development","level":"info","message":"✓ Migrációk átmenetileg kihagyva, modellek már tartalmazzák a szükséges változtatásokat","service":"kanyr-backend","timestamp":"2026-03-19 11:39:56.625"}
{"environment":"development","level":"info","message":"✓ Adatbázis elérhető a route-ok számára","service":"kanyr-backend","timestamp":"2026-03-19 11:39:56.626"}
{"dbExists":true,"diakModel":true,"environment":"development","lakcimModel":true,"level":"debug","message":"SzuloRepository constructor called","service":"kanyr-backend","szuloModel":true,"timestamp":"2026-03-19 11:39:56.705"}
{"environment":"development","level":"info","message":"✓ Controllers initialized with dependency injection","service":"kanyr-backend","timestamp":"2026-03-19 11:39:56.708"}
{"environment":"development","level":"info","message":"✓ CSRF protection middleware initialized","service":"kanyr-backend","timestamp":"2026-03-19 11:39:56.709"}
{"environment":"development","level":"info","message":"✓ Student route-ok inicializálva","service":"kanyr-backend","timestamp":"2026-03-19 11:39:56.729"}
{"environment":"development","level":"info","message":"✓ Room route-ok inicializálva","service":"kanyr-backend","timestamp":"2026-03-19 11:39:56.734"}
{"environment":"development","level":"info","message":"✓ Parent route-ok inicializálva","service":"kanyr-backend","timestamp":"2026-03-19 11:39:56.747"}
{"environment":"development","level":"info","message":"✓ Address route-ok inicializálva","service":"kanyr-backend","timestamp":"2026-03-19 11:39:56.752"}
{"environment":"development","level":"info","message":"✓ Auth route-ok inicializálva","service":"kanyr-backend","timestamp":"2026-03-19 11:39:56.763"}
{"environment":"development","level":"info","message":"✓ User route-ok inicializálva","service":"kanyr-backend","timestamp":"2026-03-19 11:39:56.768"}
{"environment":"development","level":"info","message":"✓ Room change route-ok inicializálva","service":"kanyr-backend","timestamp":"2026-03-19 11:39:56.772"}
{"environment":"development","error":"Cannot read properties of undefined (reading 'Op')","level":"error","message":"Error cleaning up expired tokens","service":"kanyr-backend","timestamp":"2026-03-19 11:39:56.780"}
{"environment":"development","level":"info","message":"✓ Token blacklist cleanup scheduler initialized","service":"kanyr-backend","timestamp":"2026-03-19 11:39:56.781"}
{"environment":"development","error":"Hiba a lejárt tokenek törlése közben: Cannot read properties of undefined (reading 'Op')","level":"error","message":"Error cleaning up expired tokens","service":"kanyr-backend","timestamp":"2026-03-19 11:39:56.781"}
{"environment":"development","error":"Hiba a lejárt tokenek törlése közben: Cannot read properties of undefined (reading 'Op')","level":"error","message":"Error during token cleanup","service":"kanyr-backend","timestamp":"2026-03-19 11:39:56.782"}
{"environment":"development","level":"info","message":"✓ Szerver fut a http://localhost:3000 címen","service":"kanyr-backend","timestamp":"2026-03-19 11:39:56.783"}
{"environment":"development","level":"info","message":"✓ Környezet: development","service":"kanyr-backend","timestamp":"2026-03-19 11:39:56.784"}
{"environment":"development","level":"debug","message":"SQL Query","service":"kanyr-backend","sql":"Executing (default): SELECT 1+1 AS result","timestamp":"2026-03-19 11:40:10.228","type":"database"}
{"environment":"development","level":"info","message":"✓ Sikeres adatbázis kapcsolat létrehozva","service":"kanyr-backend","timestamp":"2026-03-19 11:40:10.233"}
{"environment":"development","level":"info","message":"✓ Migrációk átmenetileg kihagyva, modellek már tartalmazzák a szükséges változtatásokat","service":"kanyr-backend","timestamp":"2026-03-19 11:40:10.234"}
{"environment":"development","level":"info","message":"✓ Adatbázis elérhető a route-ok számára","service":"kanyr-backend","timestamp":"2026-03-19 11:40:10.235"}
{"dbExists":true,"diakModel":true,"environment":"development","lakcimModel":true,"level":"debug","message":"SzuloRepository constructor called","service":"kanyr-backend","szuloModel":true,"timestamp":"2026-03-19 11:40:10.311"}
{"environment":"development","level":"info","message":"✓ Controllers initialized with dependency injection","service":"kanyr-backend","timestamp":"2026-03-19 11:40:10.311"}
{"environment":"development","level":"info","message":"✓ CSRF protection middleware initialized","service":"kanyr-backend","timestamp":"2026-03-19 11:40:10.312"}
{"environment":"development","level":"info","message":"✓ Student route-ok inicializálva","service":"kanyr-backend","timestamp":"2026-03-19 11:40:10.335"}
{"environment":"development","level":"info","message":"✓ Room route-ok inicializálva","service":"kanyr-backend","timestamp":"2026-03-19 11:40:10.344"}
{"environment":"development","level":"info","message":"✓ Parent route-ok inicializálva","service":"kanyr-backend","timestamp":"2026-03-19 11:40:10.350"}
{"environment":"development","level":"info","message":"✓ Address route-ok inicializálva","service":"kanyr-backend","timestamp":"2026-03-19 11:40:10.354"}
{"environment":"development","level":"info","message":"✓ Auth route-ok inicializálva","service":"kanyr-backend","timestamp":"2026-03-19 11:40:10.366"}
{"environment":"development","level":"info","message":"✓ User route-ok inicializálva","service":"kanyr-backend","timestamp":"2026-03-19 11:40:10.370"}
{"environment":"development","level":"info","message":"✓ Room change route-ok inicializálva","service":"kanyr-backend","timestamp":"2026-03-19 11:40:10.375"}
{"environment":"development","level":"info","message":"✓ Token blacklist cleanup scheduler initialized","service":"kanyr-backend","timestamp":"2026-03-19 11:40:10.382"}
{"environment":"development","level":"debug","message":"SQL Query","service":"kanyr-backend","sql":"Executing (default): DELETE FROM `revoked_tokens` WHERE `expires_at` < '2026-03-19 10:40:10.381 +00:00'","timestamp":"2026-03-19 11:40:10.391","type":"database"}
{"environment":"development","level":"info","message":"✓ Szerver fut a http://localhost:3000 címen","service":"kanyr-backend","timestamp":"2026-03-19 11:40:10.394"}
{"environment":"development","level":"info","message":"✓ Környezet: development","service":"kanyr-backend","timestamp":"2026-03-19 11:40:10.395"}
{"deletedCount":0,"environment":"development","level":"info","message":"Expired token cleanup completed","service":"kanyr-backend","timestamp":"2026-03-19 11:40:10.397"}
{"environment":"development","level":"debug","message":"SQL Query","service":"kanyr-backend","sql":"Executing (default): SELECT 1+1 AS result","timestamp":"2026-03-19 11:59:49.312","type":"database"}
{"environment":"development","level":"info","message":"✓ Sikeres adatbázis kapcsolat létrehozva","service":"kanyr-backend","timestamp":"2026-03-19 11:59:49.315"}
{"environment":"development","level":"info","message":"✓ Migrációk átmenetileg kihagyva, modellek már tartalmazzák a szükséges változtatásokat","service":"kanyr-backend","timestamp":"2026-03-19 11:59:49.316"}
{"environment":"development","level":"info","message":"✓ Adatbázis elérhető a route-ok számára","service":"kanyr-backend","timestamp":"2026-03-19 11:59:49.316"}
{"dbExists":true,"diakModel":true,"environment":"development","lakcimModel":true,"level":"debug","message":"SzuloRepository constructor called","service":"kanyr-backend","szuloModel":true,"timestamp":"2026-03-19 11:59:49.368"}
{"environment":"development","level":"info","message":"✓ Controllers initialized with dependency injection","service":"kanyr-backend","timestamp":"2026-03-19 11:59:49.369"}
{"environment":"development","level":"info","message":"✓ CSRF protection middleware initialized","service":"kanyr-backend","timestamp":"2026-03-19 11:59:49.369"}
{"environment":"development","level":"info","message":"✓ Student route-ok inicializálva","service":"kanyr-backend","timestamp":"2026-03-19 11:59:49.392"}
{"environment":"development","level":"info","message":"✓ Room route-ok inicializálva","service":"kanyr-backend","timestamp":"2026-03-19 11:59:49.397"}
{"environment":"development","level":"info","message":"✓ Parent route-ok inicializálva","service":"kanyr-backend","timestamp":"2026-03-19 11:59:49.401"}
{"environment":"development","level":"info","message":"✓ Address route-ok inicializálva","service":"kanyr-backend","timestamp":"2026-03-19 11:59:49.407"}
{"environment":"development","level":"info","message":"✓ Auth route-ok inicializálva","service":"kanyr-backend","timestamp":"2026-03-19 11:59:49.413"}
{"environment":"development","level":"info","message":"✓ User route-ok inicializálva","service":"kanyr-backend","timestamp":"2026-03-19 11:59:49.417"}
{"environment":"development","level":"info","message":"✓ Room change route-ok inicializálva","service":"kanyr-backend","timestamp":"2026-03-19 11:59:49.423"}
{"environment":"development","level":"info","message":"✓ Token blacklist cleanup scheduler initialized","service":"kanyr-backend","timestamp":"2026-03-19 11:59:49.431"}
{"environment":"development","level":"debug","message":"SQL Query","service":"kanyr-backend","sql":"Executing (default): DELETE FROM `revoked_tokens` WHERE `expires_at` < '2026-03-19 10:59:49.429 +00:00'","timestamp":"2026-03-19 11:59:49.438","type":"database"}
{"environment":"development","level":"info","message":"✓ Szerver fut a http://localhost:3000 címen","service":"kanyr-backend","timestamp":"2026-03-19 11:59:49.438"}
{"environment":"development","level":"info","message":"✓ Környezet: development","service":"kanyr-backend","timestamp":"2026-03-19 11:59:49.438"}
{"deletedCount":0,"environment":"development","level":"info","message":"Expired token cleanup completed","service":"kanyr-backend","timestamp":"2026-03-19 11:59:49.440"}
{"environment":"development","level":"debug","message":"SQL Query","service":"kanyr-backend","sql":"Executing (default): SELECT 1+1 AS result","timestamp":"2026-03-19 12:00:27.678","type":"database"}
{"environment":"development","level":"info","message":"✓ Sikeres adatbázis kapcsolat létrehozva","service":"kanyr-backend","timestamp":"2026-03-19 12:00:27.690"}
{"environment":"development","level":"info","message":"✓ Migrációk átmenetileg kihagyva, modellek már tartalmazzák a szükséges változtatásokat","service":"kanyr-backend","timestamp":"2026-03-19 12:00:27.692"}
{"environment":"development","level":"info","message":"✓ Adatbázis elérhető a route-ok számára","service":"kanyr-backend","timestamp":"2026-03-19 12:00:27.692"}
{"dbExists":true,"diakModel":true,"environment":"development","lakcimModel":true,"level":"debug","message":"SzuloRepository constructor called","service":"kanyr-backend","szuloModel":true,"timestamp":"2026-03-19 12:00:27.769"}
{"environment":"development","level":"info","message":"✓ Controllers initialized with dependency injection","service":"kanyr-backend","timestamp":"2026-03-19 12:00:27.770"}
{"environment":"development","level":"info","message":"✓ CSRF protection middleware initialized","service":"kanyr-backend","timestamp":"2026-03-19 12:00:27.771"}
{"environment":"development","level":"info","message":"✓ Student route-ok inicializálva","service":"kanyr-backend","timestamp":"2026-03-19 12:00:27.793"}
{"environment":"development","level":"info","message":"✓ Room route-ok inicializálva","service":"kanyr-backend","timestamp":"2026-03-19 12:00:27.801"}
{"environment":"development","level":"info","message":"✓ Parent route-ok inicializálva","service":"kanyr-backend","timestamp":"2026-03-19 12:00:27.807"}
{"environment":"development","level":"info","message":"✓ Address route-ok inicializálva","service":"kanyr-backend","timestamp":"2026-03-19 12:00:27.812"}
{"environment":"development","level":"info","message":"✓ Auth route-ok inicializálva","service":"kanyr-backend","timestamp":"2026-03-19 12:00:27.821"}
{"environment":"development","level":"info","message":"✓ User route-ok inicializálva","service":"kanyr-backend","timestamp":"2026-03-19 12:00:27.826"}
{"environment":"development","level":"info","message":"✓ Room change route-ok inicializálva","service":"kanyr-backend","timestamp":"2026-03-19 12:00:27.832"}
{"environment":"development","level":"info","message":"✓ Token blacklist cleanup scheduler initialized","service":"kanyr-backend","timestamp":"2026-03-19 12:00:27.846"}
{"environment":"development","level":"debug","message":"SQL Query","service":"kanyr-backend","sql":"Executing (default): DELETE FROM `revoked_tokens` WHERE `expires_at` < '2026-03-19 11:00:27.842 +00:00'","timestamp":"2026-03-19 12:00:27.858","type":"database"}
{"environment":"development","level":"info","message":"✓ Szerver fut a http://localhost:3000 címen","service":"kanyr-backend","timestamp":"2026-03-19 12:00:27.859"}
{"environment":"development","level":"info","message":"✓ Környezet: development","service":"kanyr-backend","timestamp":"2026-03-19 12:00:27.859"}
{"deletedCount":0,"environment":"development","level":"info","message":"Expired token cleanup completed","service":"kanyr-backend","timestamp":"2026-03-19 12:00:27.862"}
{"environment":"development","error":{"body":"'{email:admin@kanyr.hu,password:Admin@123456}'","expose":true,"message":"Unexpected token ''', \"'{email:ad\"... is not valid JSON","name":"SyntaxError","stack":"SyntaxError: Unexpected token ''', \"'{email:ad\"... is not valid JSON\n    at JSON.parse (<anonymous>)\n    at createStrictSyntaxError (C:\\Users\\SZ2\\Documents\\13.B\\Projektmunka\\KANYR\\backend\\node_modules\\body-parser\\lib\\types\\json.js:109:10)\n    at parse (C:\\Users\\SZ2\\Documents\\13.B\\Projektmunka\\KANYR\\backend\\node_modules\\body-parser\\lib\\types\\json.js:66:15)\n    at C:\\Users\\SZ2\\Documents\\13.B\\Projektmunka\\KANYR\\backend\\node_modules\\body-parser\\lib\\read.js:162:18\n    at AsyncResource.runInAsyncScope (node:async_hooks:214:14)\n    at invokeCallback (C:\\Users\\SZ2\\Documents\\13.B\\Projektmunka\\KANYR\\backend\\node_modules\\raw-body\\index.js:238:16)\n    at done (C:\\Users\\SZ2\\Documents\\13.B\\Projektmunka\\KANYR\\backend\\node_modules\\raw-body\\index.js:227:7)\n    at IncomingMessage.onEnd (C:\\Users\\SZ2\\Documents\\13.B\\Projektmunka\\KANYR\\backend\\node_modules\\raw-body\\index.js:287:7)\n    at IncomingMessage.emit (node:events:519:28)\n    at endReadableNT (node:internal/streams/readable:1698:12)","status":400,"statusCode":400,"type":"entity.parse.failed"},"ip":"::1","level":"error","message":"Unexpected token ''', \"'{email:ad\"... is not valid JSON","method":"POST","service":"kanyr-backend","stack":"SyntaxError: Unexpected token ''', \"'{email:ad\"... is not valid JSON\n    at JSON.parse (<anonymous>)\n    at createStrictSyntaxError (C:\\Users\\SZ2\\Documents\\13.B\\Projektmunka\\KANYR\\backend\\node_modules\\body-parser\\lib\\types\\json.js:109:10)\n    at parse (C:\\Users\\SZ2\\Documents\\13.B\\Projektmunka\\KANYR\\backend\\node_modules\\body-parser\\lib\\types\\json.js:66:15)\n    at C:\\Users\\SZ2\\Documents\\13.B\\Projektmunka\\KANYR\\backend\\node_modules\\body-parser\\lib\\read.js:162:18\n    at AsyncResource.runInAsyncScope (node:async_hooks:214:14)\n    at invokeCallback (C:\\Users\\SZ2\\Documents\\13.B\\Projektmunka\\KANYR\\backend\\node_modules\\raw-body\\index.js:238:16)\n    at done (C:\\Users\\SZ2\\Documents\\13.B\\Projektmunka\\KANYR\\backend\\node_modules\\raw-body\\index.js:227:7)\n    at IncomingMessage.onEnd (C:\\Users\\SZ2\\Documents\\13.B\\Projektmunka\\KANYR\\backend\\node_modules\\raw-body\\index.js:287:7)\n    at IncomingMessage.emit (node:events:519:28)\n    at endReadableNT (node:internal/streams/readable:1698:12)","timestamp":"2026-03-19 12:00:41.319","type":"error","url":"/api/auth/login","userId":null}
{"clientId":"960a0ada...","environment":"development","level":"debug","message":"CSRF token generated","service":"kanyr-backend","timestamp":"2026-03-19 12:00:49.663"}
{"environment":"development","level":"debug","message":"SQL Query","service":"kanyr-backend","sql":"Executing (default): SELECT `user_id`, `username`, `email`, `password`, `admin`, `diak_id`, `token_version`, `last_password_change`, `security_flags`, `deleted_at`, `created_at`, `updated_at` FROM `felhasznalos` AS `Felhasznalo` WHERE (`Felhasznalo`.`deleted_at` IS NULL AND `Felhasznalo`.`email` = 'admin@kanyr.hu');","timestamp":"2026-03-19 12:00:49.693","type":"database"}
{"environment":"development","error":{"message":"Érvénytelen email vagy jelszó","name":"Error","stack":"Error: Érvénytelen email vagy jelszó\n    at FelhasznaloRepository.authenticate (C:\\Users\\SZ2\\Documents\\13.B\\Projektmunka\\KANYR\\backend\\repositories\\FelhasznaloRepository.js:184:15)\n    at async FelhasznaloService.login (C:\\Users\\SZ2\\Documents\\13.B\\Projektmunka\\KANYR\\backend\\services\\FelhasznaloService.js:196:20)\n    at async C:\\Users\\SZ2\\Documents\\13.B\\Projektmunka\\KANYR\\backend\\routes\\authRoutes.js:63:22"},"ip":"::1","level":"error","message":"Érvénytelen email vagy jelszó","method":"POST","service":"kanyr-backend","stack":"Error: Érvénytelen email vagy jelszó\n    at FelhasznaloRepository.authenticate (C:\\Users\\SZ2\\Documents\\13.B\\Projektmunka\\KANYR\\backend\\repositories\\FelhasznaloRepository.js:184:15)\n    at async FelhasznaloService.login (C:\\Users\\SZ2\\Documents\\13.B\\Projektmunka\\KANYR\\backend\\services\\FelhasznaloService.js:196:20)\n    at async C:\\Users\\SZ2\\Documents\\13.B\\Projektmunka\\KANYR\\backend\\routes\\authRoutes.js:63:22","timestamp":"2026-03-19 12:00:49.767","type":"error","url":"/api/auth/login","userId":null}
{"duration":"110ms","environment":"development","ip":"::1","level":"info","message":"HTTP Request","method":"POST","service":"kanyr-backend","statusCode":500,"timestamp":"2026-03-19 12:00:49.773","type":"http","url":"/api/auth/login","userAgent":"curl/8.18.0","userId":null}
{"duration":"1ms","environment":"development","ip":"::1","level":"info","message":"HTTP Request","method":"POST","service":"kanyr-backend","statusCode":401,"timestamp":"2026-03-19 12:01:11.191","type":"http","url":"/api/users","userAgent":"curl/8.18.0","userId":null}
{"duration":"1ms","environment":"development","ip":"::1","level":"info","message":"HTTP Request","method":"GET","service":"kanyr-backend","statusCode":200,"timestamp":"2026-03-19 12:01:18.606","type":"http","url":"/api/auth/csrf-token","userAgent":"curl/8.18.0","userId":null}
{"environment":"development","level":"debug","message":"SQL Query","service":"kanyr-backend","sql":"Executing (default): SELECT `user_id`, `username`, `email`, `password`, `admin`, `diak_id`, `token_version`, `last_password_change`, `security_flags`, `deleted_at`, `created_at`, `updated_at` FROM `felhasznalos` AS `Felhasznalo` WHERE (`Felhasznalo`.`deleted_at` IS NULL AND `Felhasznalo`.`email` = 'admin@kanyr.hu');","timestamp":"2026-03-19 12:01:26.756","type":"database"}
{"environment":"development","error":{"message":"Érvénytelen email vagy jelszó","name":"Error","stack":"Error: Érvénytelen email vagy jelszó\n    at FelhasznaloRepository.authenticate (C:\\Users\\SZ2\\Documents\\13.B\\Projektmunka\\KANYR\\backend\\repositories\\FelhasznaloRepository.js:184:15)\n    at async FelhasznaloService.login (C:\\Users\\SZ2\\Documents\\13.B\\Projektmunka\\KANYR\\backend\\services\\FelhasznaloService.js:196:20)\n    at async C:\\Users\\SZ2\\Documents\\13.B\\Projektmunka\\KANYR\\backend\\routes\\authRoutes.js:63:22"},"ip":"::1","level":"error","message":"Érvénytelen email vagy jelszó","method":"POST","service":"kanyr-backend","stack":"Error: Érvénytelen email vagy jelszó\n    at FelhasznaloRepository.authenticate (C:\\Users\\SZ2\\Documents\\13.B\\Projektmunka\\KANYR\\backend\\repositories\\FelhasznaloRepository.js:184:15)\n    at async FelhasznaloService.login (C:\\Users\\SZ2\\Documents\\13.B\\Projektmunka\\KANYR\\backend\\services\\FelhasznaloService.js:196:20)\n    at async C:\\Users\\SZ2\\Documents\\13.B\\Projektmunka\\KANYR\\backend\\routes\\authRoutes.js:63:22","timestamp":"2026-03-19 12:01:26.824","type":"error","url":"/api/auth/login","userId":null}
{"duration":"71ms","environment":"development","ip":"::1","level":"info","message":"HTTP Request","method":"POST","service":"kanyr-backend","statusCode":500,"timestamp":"2026-03-19 12:01:26.826","type":"http","url":"/api/auth/login","userAgent":"curl/8.18.0","userId":null}
{"environment":"development","level":"info","message":"🔄 Adatbázis szinkronizálása...","service":"kanyr-backend","timestamp":"2026-03-19 12:02:13.590"}
{"environment":"development","level":"debug","message":"SQL Query","service":"kanyr-backend","sql":"Executing (default): DROP TABLE IF EXISTS `szoba_bekoltozes`;","timestamp":"2026-03-19 12:02:13.601","type":"database"}
{"environment":"development","level":"debug","message":"SQL Query","service":"kanyr-backend","sql":"Executing (default): DROP TABLE IF EXISTS `revoked_tokens`;","timestamp":"2026-03-19 12:02:13.631","type":"database"}
{"environment":"development","level":"debug","message":"SQL Query","service":"kanyr-backend","sql":"Executing (default): DROP TABLE IF EXISTS `notifications`;","timestamp":"2026-03-19 12:02:13.649","type":"database"}
{"environment":"development","level":"debug","message":"SQL Query","service":"kanyr-backend","sql":"Executing (default): DROP TABLE IF EXISTS `szobavaltoztatas`;","timestamp":"2026-03-19 12:02:13.668","type":"database"}
{"environment":"development","level":"debug","message":"SQL Query","service":"kanyr-backend","sql":"Executing (default): DROP TABLE IF EXISTS `szobas`;","timestamp":"2026-03-19 12:02:13.687","type":"database"}
{"environment":"development","level":"debug","message":"SQL Query","service":"kanyr-backend","sql":"Executing (default): DROP TABLE IF EXISTS `felhasznalos`;","timestamp":"2026-03-19 12:02:13.727","type":"database"}
{"environment":"development","level":"debug","message":"SQL Query","service":"kanyr-backend","sql":"Executing (default): DROP TABLE IF EXISTS `diaks`;","timestamp":"2026-03-19 12:02:13.745","type":"database"}
{"environment":"development","level":"debug","message":"SQL Query","service":"kanyr-backend","sql":"Executing (default): DROP TABLE IF EXISTS `szulos`;","timestamp":"2026-03-19 12:02:13.757","type":"database"}
{"environment":"development","level":"debug","message":"SQL Query","service":"kanyr-backend","sql":"Executing (default): DROP TABLE IF EXISTS `lakcims`;","timestamp":"2026-03-19 12:02:13.774","type":"database"}
{"environment":"development","level":"debug","message":"SQL Query","service":"kanyr-backend","sql":"Executing (default): DROP TABLE IF EXISTS `audit_logs`;","timestamp":"2026-03-19 12:02:13.787","type":"database"}
{"environment":"development","level":"debug","message":"SQL Query","service":"kanyr-backend","sql":"Executing (default): PRAGMA foreign_keys = OFF","timestamp":"2026-03-19 12:02:13.799","type":"database"}
{"environment":"development","level":"debug","message":"SQL Query","service":"kanyr-backend","sql":"Executing (default): DROP TABLE IF EXISTS `audit_logs`;","timestamp":"2026-03-19 12:02:13.812","type":"database"}
{"environment":"development","level":"debug","message":"SQL Query","service":"kanyr-backend","sql":"Executing (default): DROP TABLE IF EXISTS `diaks`;","timestamp":"2026-03-19 12:02:13.814","type":"database"}
{"environment":"development","level":"debug","message":"SQL Query","service":"kanyr-backend","sql":"Executing (default): DROP TABLE IF EXISTS `felhasznalos`;","timestamp":"2026-03-19 12:02:13.815","type":"database"}
{"environment":"development","level":"debug","message":"SQL Query","service":"kanyr-backend","sql":"Executing (default): DROP TABLE IF EXISTS `lakcims`;","timestamp":"2026-03-19 12:02:13.817","type":"database"}
{"environment":"development","level":"debug","message":"SQL Query","service":"kanyr-backend","sql":"Executing (default): DROP TABLE IF EXISTS `notifications`;","timestamp":"2026-03-19 12:02:13.818","type":"database"}
{"environment":"development","level":"debug","message":"SQL Query","service":"kanyr-backend","sql":"Executing (default): DROP TABLE IF EXISTS `revoked_tokens`;","timestamp":"2026-03-19 12:02:13.820","type":"database"}
{"environment":"development","level":"debug","message":"SQL Query","service":"kanyr-backend","sql":"Executing (default): DROP TABLE IF EXISTS `szobas`;","timestamp":"2026-03-19 12:02:13.822","type":"database"}
{"environment":"development","level":"debug","message":"SQL Query","service":"kanyr-backend","sql":"Executing (default): DROP TABLE IF EXISTS `szoba_bekoltozes`;","timestamp":"2026-03-19 12:02:13.823","type":"database"}
{"environment":"development","level":"debug","message":"SQL Query","service":"kanyr-backend","sql":"Executing (default): DROP TABLE IF EXISTS `szobavaltoztatas`;","timestamp":"2026-03-19 12:02:13.824","type":"database"}
{"environment":"development","level":"debug","message":"SQL Query","service":"kanyr-backend","sql":"Executing (default): DROP TABLE IF EXISTS `szulos`;","timestamp":"2026-03-19 12:02:13.825","type":"database"}
{"environment":"development","level":"debug","message":"SQL Query","service":"kanyr-backend","sql":"Executing (default): PRAGMA foreign_keys = ON","timestamp":"2026-03-19 12:02:13.825","type":"database"}
{"environment":"development","level":"debug","message":"SQL Query","service":"kanyr-backend","sql":"Executing (default): DROP TABLE IF EXISTS `audit_logs`;","timestamp":"2026-03-19 12:02:13.827","type":"database"}
{"environment":"development","level":"debug","message":"SQL Query","service":"kanyr-backend","sql":"Executing (default): CREATE TABLE IF NOT EXISTS `audit_logs` (`audit_id` INTEGER PRIMARY KEY AUTOINCREMENT, `table_name` VARCHAR(100) NOT NULL, `record_id` INTEGER NOT NULL, `operation` TEXT NOT NULL, `user_id` INTEGER, `user_email` VARCHAR(100), `ip_address` VARCHAR(45), `user_agent` TEXT, `old_values` JSON, `new_values` JSON, `changes` JSON, `created_at` DATETIME NOT NULL);","timestamp":"2026-03-19 12:02:13.830","type":"database"}
{"environment":"development","level":"debug","message":"SQL Query","service":"kanyr-backend","sql":"Executing (default): PRAGMA INDEX_LIST(`audit_logs`)","timestamp":"2026-03-19 12:02:13.841","type":"database"}
{"environment":"development","level":"debug","message":"SQL Query","service":"kanyr-backend","sql":"Executing (default): CREATE INDEX `audit_logs_table_name` ON `audit_logs` (`table_name`)","timestamp":"2026-03-19 12:02:13.849","type":"database"}
{"environment":"development","level":"debug","message":"SQL Query","service":"kanyr-backend","sql":"Executing (default): CREATE INDEX `audit_logs_record_id` ON `audit_logs` (`record_id`)","timestamp":"2026-03-19 12:02:13.873","type":"database"}
{"environment":"development","level":"debug","message":"SQL Query","service":"kanyr-backend","sql":"Executing (default): CREATE INDEX `audit_logs_operation` ON `audit_logs` (`operation`)","timestamp":"2026-03-19 12:02:13.889","type":"database"}
{"environment":"development","level":"debug","message":"SQL Query","service":"kanyr-backend","sql":"Executing (default): CREATE INDEX `audit_logs_user_id` ON `audit_logs` (`user_id`)","timestamp":"2026-03-19 12:02:13.902","type":"database"}
{"environment":"development","level":"debug","message":"SQL Query","service":"kanyr-backend","sql":"Executing (default): CREATE INDEX `audit_logs_created_at` ON `audit_logs` (`created_at`)","timestamp":"2026-03-19 12:02:13.917","type":"database"}
{"environment":"development","level":"debug","message":"SQL Query","service":"kanyr-backend","sql":"Executing (default): CREATE INDEX `audit_logs_table_name_operation` ON `audit_logs` (`table_name`, `operation`)","timestamp":"2026-03-19 12:02:13.939","type":"database"}
{"environment":"development","level":"debug","message":"SQL Query","service":"kanyr-backend","sql":"Executing (default): CREATE INDEX `audit_logs_user_id_created_at` ON `audit_logs` (`user_id`, `created_at`)","timestamp":"2026-03-19 12:02:13.962","type":"database"}
{"environment":"development","level":"debug","message":"SQL Query","service":"kanyr-backend","sql":"Executing (default): DROP TABLE IF EXISTS `lakcims`;","timestamp":"2026-03-19 12:02:13.981","type":"database"}
{"environment":"development","level":"debug","message":"SQL Query","service":"kanyr-backend","sql":"Executing (default): CREATE TABLE IF NOT EXISTS `lakcims` (`cim_id` INTEGER PRIMARY KEY AUTOINCREMENT, `orszag` VARCHAR(100) NOT NULL DEFAULT 'Magyarország', `iranyitoszam` VARCHAR(10) NOT NULL, `varos` VARCHAR(100) NOT NULL, `utca_hazszam` VARCHAR(200) NOT NULL, `deleted_at` DATETIME DEFAULT NULL, `created_at` DATETIME NOT NULL, `updated_at` DATETIME NOT NULL);","timestamp":"2026-03-19 12:02:13.991","type":"database"}
{"environment":"development","level":"debug","message":"SQL Query","service":"kanyr-backend","sql":"Executing (default): PRAGMA INDEX_LIST(`lakcims`)","timestamp":"2026-03-19 12:02:13.999","type":"database"}
{"environment":"development","level":"debug","message":"SQL Query","service":"kanyr-backend","sql":"Executing (default): CREATE INDEX `lakcims_iranyitoszam` ON `lakcims` (`iranyitoszam`)","timestamp":"2026-03-19 12:02:14.001","type":"database"}
{"environment":"development","level":"debug","message":"SQL Query","service":"kanyr-backend","sql":"Executing (default): CREATE INDEX `lakcims_varos` ON `lakcims` (`varos`)","timestamp":"2026-03-19 12:02:14.013","type":"database"}
{"environment":"development","level":"debug","message":"SQL Query","service":"kanyr-backend","sql":"Executing (default): CREATE INDEX `lakcims_deleted_at` ON `lakcims` (`deleted_at`)","timestamp":"2026-03-19 12:02:14.115","type":"database"}
{"environment":"development","level":"debug","message":"SQL Query","service":"kanyr-backend","sql":"Executing (default): DROP TABLE IF EXISTS `szulos`;","timestamp":"2026-03-19 12:02:14.168","type":"database"}
{"environment":"development","level":"debug","message":"SQL Query","service":"kanyr-backend","sql":"Executing (default): CREATE TABLE IF NOT EXISTS `szulos` (`szulo_id` INTEGER PRIMARY KEY AUTOINCREMENT, `nev` VARCHAR(100) NOT NULL, `email` VARCHAR(100) NOT NULL UNIQUE, `telefonszam` VARCHAR(20) NOT NULL, `szemelyi_igazolvany_szam` VARCHAR(20) NOT NULL UNIQUE, `cim_id` INTEGER NOT NULL REFERENCES `lakcims` (`cim_id`) ON DELETE CASCADE ON UPDATE CASCADE, `deleted_at` DATETIME DEFAULT NULL, `created_at` DATETIME NOT NULL, `updated_at` DATETIME NOT NULL);","timestamp":"2026-03-19 12:02:14.181","type":"database"}
{"environment":"development","level":"debug","message":"SQL Query","service":"kanyr-backend","sql":"Executing (default): PRAGMA INDEX_LIST(`szulos`)","timestamp":"2026-03-19 12:02:14.221","type":"database"}
{"environment":"development","level":"debug","message":"SQL Query","service":"kanyr-backend","sql":"Executing (default): PRAGMA INDEX_INFO(`sqlite_autoindex_szulos_1`)","timestamp":"2026-03-19 12:02:14.223","type":"database"}
{"environment":"development","level":"debug","message":"SQL Query","service":"kanyr-backend","sql":"Executing (default): PRAGMA INDEX_INFO(`sqlite_autoindex_szulos_2`)","timestamp":"2026-03-19 12:02:14.223","type":"database"}
{"environment":"development","level":"debug","message":"SQL Query","service":"kanyr-backend","sql":"Executing (default): CREATE UNIQUE INDEX `szulos_email` ON `szulos` (`email`)","timestamp":"2026-03-19 12:02:14.225","type":"database"}
{"environment":"development","level":"debug","message":"SQL Query","service":"kanyr-backend","sql":"Executing (default): CREATE INDEX `szulos_cim_id` ON `szulos` (`cim_id`)","timestamp":"2026-03-19 12:02:14.251","type":"database"}
{"environment":"development","level":"debug","message":"SQL Query","service":"kanyr-backend","sql":"Executing (default): CREATE UNIQUE INDEX `szulos_szemelyi_igazolvany_szam` ON `szulos` (`szemelyi_igazolvany_szam`)","timestamp":"2026-03-19 12:02:14.299","type":"database"}
{"environment":"development","level":"debug","message":"SQL Query","service":"kanyr-backend","sql":"Executing (default): CREATE INDEX `szulos_deleted_at` ON `szulos` (`deleted_at`)","timestamp":"2026-03-19 12:02:14.317","type":"database"}
{"environment":"development","level":"debug","message":"SQL Query","service":"kanyr-backend","sql":"Executing (default): DROP TABLE IF EXISTS `diaks`;","timestamp":"2026-03-19 12:02:14.331","type":"database"}
{"environment":"development","level":"debug","message":"SQL Query","service":"kanyr-backend","sql":"Executing (default): CREATE TABLE IF NOT EXISTS `diaks` (`diak_id` INTEGER PRIMARY KEY AUTOINCREMENT, `nev` VARCHAR(100) NOT NULL, `email` VARCHAR(100) NOT NULL UNIQUE, `telefonszam` VARCHAR(20) NOT NULL, `szuletesi_datum` DATE NOT NULL, `szemelyi_igazolvany_szam` VARCHAR(20) NOT NULL UNIQUE, `taj_szam` VARCHAR(20) NOT NULL UNIQUE, `diakigazolvany_szam` VARCHAR(20) NOT NULL UNIQUE, `szulo_id` INTEGER REFERENCES `szulos` (`szulo_id`) ON DELETE SET NULL ON UPDATE CASCADE, `kapcsolat_tipusa` TEXT NOT NULL, `cim_id` INTEGER REFERENCES `lakcims` (`cim_id`) ON DELETE SET NULL ON UPDATE CASCADE, `nem` TEXT NOT NULL, `deleted_at` DATETIME DEFAULT NULL, `created_at` DATETIME NOT NULL, `updated_at` DATETIME NOT NULL);","timestamp":"2026-03-19 12:02:14.334","type":"database"}
{"environment":"development","level":"debug","message":"SQL Query","service":"kanyr-backend","sql":"Executing (default): PRAGMA INDEX_LIST(`diaks`)","timestamp":"2026-03-19 12:02:14.357","type":"database"}
{"environment":"development","level":"debug","message":"SQL Query","service":"kanyr-backend","sql":"Executing (default): PRAGMA INDEX_INFO(`sqlite_autoindex_diaks_1`)","timestamp":"2026-03-19 12:02:14.358","type":"database"}
{"environment":"development","level":"debug","message":"SQL Query","service":"kanyr-backend","sql":"Executing (default): PRAGMA INDEX_INFO(`sqlite_autoindex_diaks_2`)","timestamp":"2026-03-19 12:02:14.358","type":"database"}
{"environment":"development","level":"debug","message":"SQL Query","service":"kanyr-backend","sql":"Executing (default): PRAGMA INDEX_INFO(`sqlite_autoindex_diaks_3`)","timestamp":"2026-03-19 12:02:14.359","type":"database"}
{"environment":"development","level":"debug","message":"SQL Query","service":"kanyr-backend","sql":"Executing (default): PRAGMA INDEX_INFO(`sqlite_autoindex_diaks_4`)","timestamp":"2026-03-19 12:02:14.359","type":"database"}
{"environment":"development","level":"debug","message":"SQL Query","service":"kanyr-backend","sql":"Executing (default): CREATE UNIQUE INDEX `diaks_email` ON `diaks` (`email`)","timestamp":"2026-03-19 12:02:14.362","type":"database"}
{"environment":"development","level":"debug","message":"SQL Query","service":"kanyr-backend","sql":"Executing (default): CREATE INDEX `diaks_szulo_id` ON `diaks` (`szulo_id`)","timestamp":"2026-03-19 12:02:14.389","type":"database"}
{"environment":"development","level":"debug","message":"SQL Query","service":"kanyr-backend","sql":"Executing (default): CREATE INDEX `diaks_cim_id` ON `diaks` (`cim_id`)","timestamp":"2026-03-19 12:02:14.423","type":"database"}
{"environment":"development","level":"debug","message":"SQL Query","service":"kanyr-backend","sql":"Executing (default): CREATE INDEX `diaks_nev` ON `diaks` (`nev`)","timestamp":"2026-03-19 12:02:14.454","type":"database"}
{"environment":"development","level":"debug","message":"SQL Query","service":"kanyr-backend","sql":"Executing (default): CREATE UNIQUE INDEX `diaks_szemelyi_igazolvany_szam` ON `diaks` (`szemelyi_igazolvany_szam`)","timestamp":"2026-03-19 12:02:14.470","type":"database"}
{"environment":"development","level":"debug","message":"SQL Query","service":"kanyr-backend","sql":"Executing (default): CREATE UNIQUE INDEX `diaks_taj_szam` ON `diaks` (`taj_szam`)","timestamp":"2026-03-19 12:02:14.492","type":"database"}
{"environment":"development","level":"debug","message":"SQL Query","service":"kanyr-backend","sql":"Executing (default): CREATE UNIQUE INDEX `diaks_diakigazolvany_szam` ON `diaks` (`diakigazolvany_szam`)","timestamp":"2026-03-19 12:02:14.507","type":"database"}
{"environment":"development","level":"debug","message":"SQL Query","service":"kanyr-backend","sql":"Executing (default): CREATE INDEX `diaks_deleted_at` ON `diaks` (`deleted_at`)","timestamp":"2026-03-19 12:02:14.521","type":"database"}
{"environment":"development","level":"debug","message":"SQL Query","service":"kanyr-backend","sql":"Executing (default): DROP TABLE IF EXISTS `felhasznalos`;","timestamp":"2026-03-19 12:02:14.545","type":"database"}
{"environment":"development","level":"debug","message":"SQL Query","service":"kanyr-backend","sql":"Executing (default): CREATE TABLE IF NOT EXISTS `felhasznalos` (`user_id` INTEGER PRIMARY KEY AUTOINCREMENT, `username` VARCHAR(50) NOT NULL UNIQUE, `email` VARCHAR(100) NOT NULL UNIQUE, `password` VARCHAR(100) NOT NULL, `admin` TINYINT(1) NOT NULL DEFAULT 0, `diak_id` INTEGER REFERENCES `diaks` (`diak_id`), `token_version` INTEGER NOT NULL DEFAULT 1, `last_password_change` DATETIME, `security_flags` JSON DEFAULT '{}', `deleted_at` DATETIME DEFAULT NULL, `created_at` DATETIME NOT NULL, `updated_at` DATETIME NOT NULL);","timestamp":"2026-03-19 12:02:14.555","type":"database"}
{"environment":"development","level":"debug","message":"SQL Query","service":"kanyr-backend","sql":"Executing (default): PRAGMA INDEX_LIST(`felhasznalos`)","timestamp":"2026-03-19 12:02:14.583","type":"database"}
{"environment":"development","level":"debug","message":"SQL Query","service":"kanyr-backend","sql":"Executing (default): PRAGMA INDEX_INFO(`sqlite_autoindex_felhasznalos_1`)","timestamp":"2026-03-19 12:02:14.584","type":"database"}
{"environment":"development","level":"debug","message":"SQL Query","service":"kanyr-backend","sql":"Executing (default): PRAGMA INDEX_INFO(`sqlite_autoindex_felhasznalos_2`)","timestamp":"2026-03-19 12:02:14.585","type":"database"}
{"environment":"development","level":"debug","message":"SQL Query","service":"kanyr-backend","sql":"Executing (default): CREATE UNIQUE INDEX `felhasznalos_email` ON `felhasznalos` (`email`)","timestamp":"2026-03-19 12:02:14.588","type":"database"}
{"environment":"development","level":"debug","message":"SQL Query","service":"kanyr-backend","sql":"Executing (default): CREATE UNIQUE INDEX `felhasznalos_username` ON `felhasznalos` (`username`)","timestamp":"2026-03-19 12:02:14.597","type":"database"}
{"environment":"development","level":"debug","message":"SQL Query","service":"kanyr-backend","sql":"Executing (default): CREATE INDEX `felhasznalos_diak_id` ON `felhasznalos` (`diak_id`)","timestamp":"2026-03-19 12:02:14.612","type":"database"}
{"environment":"development","level":"debug","message":"SQL Query","service":"kanyr-backend","sql":"Executing (default): CREATE INDEX `felhasznalos_token_version` ON `felhasznalos` (`token_version`)","timestamp":"2026-03-19 12:02:14.633","type":"database"}
{"environment":"development","level":"debug","message":"SQL Query","service":"kanyr-backend","sql":"Executing (default): CREATE INDEX `felhasznalos_deleted_at` ON `felhasznalos` (`deleted_at`)","timestamp":"2026-03-19 12:02:14.666","type":"database"}
{"environment":"development","level":"debug","message":"SQL Query","service":"kanyr-backend","sql":"Executing (default): DROP TABLE IF EXISTS `szobas`;","timestamp":"2026-03-19 12:02:14.682","type":"database"}
{"environment":"development","level":"debug","message":"SQL Query","service":"kanyr-backend","sql":"Executing (default): CREATE TABLE IF NOT EXISTS `szobas` (`szoba_id` INTEGER PRIMARY KEY AUTOINCREMENT, `szoba_szama` VARCHAR(10) NOT NULL UNIQUE, `osszes_hely` INTEGER NOT NULL, `deleted_at` DATETIME DEFAULT NULL, `created_at` DATETIME NOT NULL, `updated_at` DATETIME NOT NULL);","timestamp":"2026-03-19 12:02:14.691","type":"database"}
{"environment":"development","level":"debug","message":"SQL Query","service":"kanyr-backend","sql":"Executing (default): PRAGMA INDEX_LIST(`szobas`)","timestamp":"2026-03-19 12:02:14.723","type":"database"}
{"environment":"development","level":"debug","message":"SQL Query","service":"kanyr-backend","sql":"Executing (default): PRAGMA INDEX_INFO(`sqlite_autoindex_szobas_1`)","timestamp":"2026-03-19 12:02:14.724","type":"database"}
{"environment":"development","level":"debug","message":"SQL Query","service":"kanyr-backend","sql":"Executing (default): CREATE UNIQUE INDEX `szobas_szoba_szama` ON `szobas` (`szoba_szama`)","timestamp":"2026-03-19 12:02:14.726","type":"database"}
{"environment":"development","level":"debug","message":"SQL Query","service":"kanyr-backend","sql":"Executing (default): CREATE INDEX `szobas_deleted_at` ON `szobas` (`deleted_at`)","timestamp":"2026-03-19 12:02:14.744","type":"database"}
{"environment":"development","level":"debug","message":"SQL Query","service":"kanyr-backend","sql":"Executing (default): DROP TABLE IF EXISTS `szobavaltoztatas`;","timestamp":"2026-03-19 12:02:14.839","type":"database"}
{"environment":"development","level":"debug","message":"SQL Query","service":"kanyr-backend","sql":"Executing (default): CREATE TABLE IF NOT EXISTS `szobavaltoztatas` (`valtoztatas_id` INTEGER PRIMARY KEY AUTOINCREMENT, `diak_id` INTEGER NOT NULL REFERENCES `diaks` (`diak_id`) ON DELETE NO ACTION ON UPDATE CASCADE, `jelenlegi_szoba_id` INTEGER NOT NULL REFERENCES `szobas` (`szoba_id`) ON DELETE CASCADE ON UPDATE CASCADE, `kivant_szoba_id` INTEGER NOT NULL REFERENCES `szobas` (`szoba_id`) ON DELETE CASCADE ON UPDATE CASCADE, `statusz` TEXT NOT NULL DEFAULT 'pending', `indok` TEXT, `academic_year` VARCHAR(9) NOT NULL, `semester_count` INTEGER NOT NULL DEFAULT 1, `deleted_at` DATETIME DEFAULT NULL, `created_at` DATETIME NOT NULL, `updated_at` DATETIME NOT NULL);","timestamp":"2026-03-19 12:02:14.885","type":"database"}
{"environment":"development","level":"debug","message":"SQL Query","service":"kanyr-backend","sql":"Executing (default): PRAGMA INDEX_LIST(`szobavaltoztatas`)","timestamp":"2026-03-19 12:02:14.918","type":"database"}
{"environment":"development","level":"debug","message":"SQL Query","service":"kanyr-backend","sql":"Executing (default): CREATE INDEX `szobavaltoztatas_diak_id` ON `szobavaltoztatas` (`diak_id`)","timestamp":"2026-03-19 12:02:14.928","type":"database"}
{"environment":"development","level":"debug","message":"SQL Query","service":"kanyr-backend","sql":"Executing (default): CREATE INDEX `szobavaltoztatas_jelenlegi_szoba_id` ON `szobavaltoztatas` (`jelenlegi_szoba_id`)","timestamp":"2026-03-19 12:02:14.954","type":"database"}
{"environment":"development","level":"debug","message":"SQL Query","service":"kanyr-backend","sql":"Executing (default): CREATE INDEX `szobavaltoztatas_kivant_szoba_id` ON `szobavaltoztatas` (`kivant_szoba_id`)","timestamp":"2026-03-19 12:02:14.967","type":"database"}
{"environment":"development","level":"debug","message":"SQL Query","service":"kanyr-backend","sql":"Executing (default): CREATE INDEX `szobavaltoztatas_statusz` ON `szobavaltoztatas` (`statusz`)","timestamp":"2026-03-19 12:02:14.991","type":"database"}
{"environment":"development","level":"debug","message":"SQL Query","service":"kanyr-backend","sql":"Executing (default): CREATE INDEX `szobavaltoztatas_academic_year` ON `szobavaltoztatas` (`academic_year`)","timestamp":"2026-03-19 12:02:15.014","type":"database"}
{"environment":"development","level":"debug","message":"SQL Query","service":"kanyr-backend","sql":"Executing (default): CREATE INDEX `szobavaltoztatas_statusz_academic_year` ON `szobavaltoztatas` (`statusz`, `academic_year`)","timestamp":"2026-03-19 12:02:15.046","type":"database"}
{"environment":"development","level":"debug","message":"SQL Query","service":"kanyr-backend","sql":"Executing (default): CREATE INDEX `szobavaltoztatas_deleted_at` ON `szobavaltoztatas` (`deleted_at`)","timestamp":"2026-03-19 12:02:15.068","type":"database"}
{"environment":"development","level":"debug","message":"SQL Query","service":"kanyr-backend","sql":"Executing (default): DROP TABLE IF EXISTS `notifications`;","timestamp":"2026-03-19 12:02:15.082","type":"database"}
{"environment":"development","level":"debug","message":"SQL Query","service":"kanyr-backend","sql":"Executing (default): CREATE TABLE IF NOT EXISTS `notifications` (`notification_id` INTEGER PRIMARY KEY AUTOINCREMENT, `diak_id` INTEGER NOT NULL REFERENCES `diaks` (`diak_id`) ON DELETE CASCADE ON UPDATE CASCADE, `szoba_valtoztatas_id` INTEGER REFERENCES `szobavaltoztatas` (`valtoztatas_id`) ON DELETE SET NULL ON UPDATE CASCADE, `tipus` TEXT NOT NULL, `uzenet` TEXT NOT NULL, `elolvasva` TINYINT(1) NOT NULL DEFAULT 0, `deleted_at` DATETIME DEFAULT NULL, `created_at` DATETIME NOT NULL, `updated_at` DATETIME NOT NULL);","timestamp":"2026-03-19 12:02:15.089","type":"database"}
{"environment":"development","level":"debug","message":"SQL Query","service":"kanyr-backend","sql":"Executing (default): PRAGMA INDEX_LIST(`notifications`)","timestamp":"2026-03-19 12:02:15.111","type":"database"}
{"environment":"development","level":"debug","message":"SQL Query","service":"kanyr-backend","sql":"Executing (default): CREATE INDEX `notifications_diak_id` ON `notifications` (`diak_id`)","timestamp":"2026-03-19 12:02:15.112","type":"database"}
{"environment":"development","level":"debug","message":"SQL Query","service":"kanyr-backend","sql":"Executing (default): CREATE INDEX `notifications_szoba_valtoztatas_id` ON `notifications` (`szoba_valtoztatas_id`)","timestamp":"2026-03-19 12:02:15.124","type":"database"}
{"environment":"development","level":"debug","message":"SQL Query","service":"kanyr-backend","sql":"Executing (default): CREATE INDEX `notifications_elolvasva` ON `notifications` (`elolvasva`)","timestamp":"2026-03-19 12:02:15.143","type":"database"}
{"environment":"development","level":"debug","message":"SQL Query","service":"kanyr-backend","sql":"Executing (default): CREATE INDEX `notifications_diak_id_elolvasva` ON `notifications` (`diak_id`, `elolvasva`)","timestamp":"2026-03-19 12:02:15.163","type":"database"}
{"environment":"development","level":"debug","message":"SQL Query","service":"kanyr-backend","sql":"Executing (default): CREATE INDEX `notifications_deleted_at` ON `notifications` (`deleted_at`)","timestamp":"2026-03-19 12:02:15.176","type":"database"}
{"environment":"development","level":"debug","message":"SQL Query","service":"kanyr-backend","sql":"Executing (default): DROP TABLE IF EXISTS `revoked_tokens`;","timestamp":"2026-03-19 12:02:15.187","type":"database"}
{"environment":"development","level":"debug","message":"SQL Query","service":"kanyr-backend","sql":"Executing (default): CREATE TABLE IF NOT EXISTS `revoked_tokens` (`id` INTEGER PRIMARY KEY AUTOINCREMENT, `token` TEXT NOT NULL, `user_id` INTEGER NOT NULL REFERENCES `felhasznalos` (`user_id`) ON DELETE NO ACTION ON UPDATE CASCADE, `expires_at` DATETIME NOT NULL, `revoked_at` DATETIME NOT NULL);","timestamp":"2026-03-19 12:02:15.191","type":"database"}
{"environment":"development","level":"debug","message":"SQL Query","service":"kanyr-backend","sql":"Executing (default): PRAGMA INDEX_LIST(`revoked_tokens`)","timestamp":"2026-03-19 12:02:15.214","type":"database"}
{"environment":"development","level":"debug","message":"SQL Query","service":"kanyr-backend","sql":"Executing (default): CREATE UNIQUE INDEX `revoked_tokens_token` ON `revoked_tokens` (`token`)","timestamp":"2026-03-19 12:02:15.218","type":"database"}
{"environment":"development","level":"debug","message":"SQL Query","service":"kanyr-backend","sql":"Executing (default): CREATE INDEX `revoked_tokens_user_id` ON `revoked_tokens` (`user_id`)","timestamp":"2026-03-19 12:02:15.252","type":"database"}
{"environment":"development","level":"debug","message":"SQL Query","service":"kanyr-backend","sql":"Executing (default): CREATE INDEX `revoked_tokens_expires_at` ON `revoked_tokens` (`expires_at`)","timestamp":"2026-03-19 12:02:15.261","type":"database"}
{"environment":"development","level":"debug","message":"SQL Query","service":"kanyr-backend","sql":"Executing (default): CREATE INDEX `revoked_tokens_revoked_at` ON `revoked_tokens` (`revoked_at`)","timestamp":"2026-03-19 12:02:15.275","type":"database"}
{"environment":"development","level":"debug","message":"SQL Query","service":"kanyr-backend","sql":"Executing (default): DROP TABLE IF EXISTS `szoba_bekoltozes`;","timestamp":"2026-03-19 12:02:15.425","type":"database"}
{"environment":"development","level":"debug","message":"SQL Query","service":"kanyr-backend","sql":"Executing (default): CREATE TABLE IF NOT EXISTS `szoba_bekoltozes` (`bekoltozes_id` INTEGER PRIMARY KEY AUTOINCREMENT, `diak_id` INTEGER NOT NULL REFERENCES `diaks` (`diak_id`) ON DELETE CASCADE ON UPDATE CASCADE, `szoba_id` INTEGER NOT NULL REFERENCES `szobas` (`szoba_id`) ON DELETE CASCADE ON UPDATE CASCADE, `bekoltozes_datum` DATE NOT NULL, `kikoltozes_datum` DATE, `deleted_at` DATETIME DEFAULT NULL, `created_at` DATETIME NOT NULL, `updated_at` DATETIME NOT NULL);","timestamp":"2026-03-19 12:02:15.443","type":"database"}
{"environment":"development","level":"debug","message":"SQL Query","service":"kanyr-backend","sql":"Executing (default): PRAGMA INDEX_LIST(`szoba_bekoltozes`)","timestamp":"2026-03-19 12:02:15.494","type":"database"}
{"environment":"development","level":"debug","message":"SQL Query","service":"kanyr-backend","sql":"Executing (default): CREATE INDEX `szoba_bekoltozes_diak_id` ON `szoba_bekoltozes` (`diak_id`)","timestamp":"2026-03-19 12:02:15.507","type":"database"}
{"environment":"development","level":"debug","message":"SQL Query","service":"kanyr-backend","sql":"Executing (default): CREATE INDEX `szoba_bekoltozes_szoba_id` ON `szoba_bekoltozes` (`szoba_id`)","timestamp":"2026-03-19 12:02:15.518","type":"database"}
{"environment":"development","level":"debug","message":"SQL Query","service":"kanyr-backend","sql":"Executing (default): CREATE INDEX `szoba_bekoltozes_bekoltozes_datum` ON `szoba_bekoltozes` (`bekoltozes_datum`)","timestamp":"2026-03-19 12:02:15.530","type":"database"}
{"environment":"development","level":"debug","message":"SQL Query","service":"kanyr-backend","sql":"Executing (default): CREATE INDEX `szoba_bekoltozes_kikoltozes_datum` ON `szoba_bekoltozes` (`kikoltozes_datum`)","timestamp":"2026-03-19 12:02:15.542","type":"database"}
{"environment":"development","level":"debug","message":"SQL Query","service":"kanyr-backend","sql":"Executing (default): CREATE INDEX `szoba_bekoltozes_diak_id_kikoltozes_datum` ON `szoba_bekoltozes` (`diak_id`, `kikoltozes_datum`)","timestamp":"2026-03-19 12:02:15.561","type":"database"}
{"environment":"development","level":"debug","message":"SQL Query","service":"kanyr-backend","sql":"Executing (default): CREATE INDEX `szoba_bekoltozes_deleted_at` ON `szoba_bekoltozes` (`deleted_at`)","timestamp":"2026-03-19 12:02:15.575","type":"database"}
{"environment":"development","level":"info","message":"✓ Adatbázis séma létrehozva","service":"kanyr-backend","timestamp":"2026-03-19 12:02:15.585"}
{"environment":"development","level":"debug","message":"SQL Query","service":"kanyr-backend","sql":"Executing (default): SELECT name FROM sqlite_master WHERE type='table'","timestamp":"2026-03-19 12:02:15.587","type":"database"}
{"environment":"development","level":"debug","message":"SQL Query","service":"kanyr-backend","sql":"Executing (default): DELETE FROM `szoba_bekoltozes`","timestamp":"2026-03-19 12:02:15.595","type":"database"}
{"environment":"development","level":"debug","message":"SQL Query","service":"kanyr-backend","sql":"Executing (default): DELETE FROM `revoked_tokens`","timestamp":"2026-03-19 12:02:15.611","type":"database"}
{"environment":"development","level":"debug","message":"SQL Query","service":"kanyr-backend","sql":"Executing (default): DELETE FROM `notifications`","timestamp":"2026-03-19 12:02:15.612","type":"database"}
{"environment":"development","level":"debug","message":"SQL Query","service":"kanyr-backend","sql":"Executing (default): DELETE FROM `szobavaltoztatas`","timestamp":"2026-03-19 12:02:15.614","type":"database"}
{"environment":"development","level":"debug","message":"SQL Query","service":"kanyr-backend","sql":"Executing (default): DELETE FROM `szobas`","timestamp":"2026-03-19 12:02:15.615","type":"database"}
{"environment":"development","level":"debug","message":"SQL Query","service":"kanyr-backend","sql":"Executing (default): DELETE FROM `felhasznalos`","timestamp":"2026-03-19 12:02:15.616","type":"database"}
{"environment":"development","level":"debug","message":"SQL Query","service":"kanyr-backend","sql":"Executing (default): DELETE FROM `diaks`","timestamp":"2026-03-19 12:02:15.618","type":"database"}
{"environment":"development","level":"debug","message":"SQL Query","service":"kanyr-backend","sql":"Executing (default): DELETE FROM `szulos`","timestamp":"2026-03-19 12:02:15.622","type":"database"}
{"environment":"development","level":"debug","message":"SQL Query","service":"kanyr-backend","sql":"Executing (default): DELETE FROM `lakcims`","timestamp":"2026-03-19 12:02:15.624","type":"database"}
{"environment":"development","level":"debug","message":"SQL Query","service":"kanyr-backend","sql":"Executing (default): DELETE FROM `audit_logs`","timestamp":"2026-03-19 12:02:15.626","type":"database"}
{"environment":"development","level":"info","message":"✓ Adatbázis tartalma törölve","service":"kanyr-backend","timestamp":"2026-03-19 12:02:15.644"}
{"environment":"development","level":"info","message":"📍 Lakcímek létrehozása...","service":"kanyr-backend","timestamp":"2026-03-19 12:02:15.645"}
{"environment":"development","level":"debug","message":"SQL Query","service":"kanyr-backend","sql":"Executing (default): INSERT INTO `lakcims` (`cim_id`,`orszag`,`iranyitoszam`,`varos`,`utca_hazszam`,`deleted_at`,`created_at`,`updated_at`) VALUES (NULL,'Magyarország','7621','Pécs','Rákóczi u. 42.',NULL,'2026-03-19 11:02:15.647 +00:00','2026-03-19 11:02:15.647 +00:00'),(NULL,'Magyarország','7625','Pécs','Széchenyi tér 15.',NULL,'2026-03-19 11:02:15.647 +00:00','2026-03-19 11:02:15.647 +00:00'),(NULL,'Magyarország','6000','Kecskemét','Batthyány u. 8.',NULL,'2026-03-19 11:02:15.647 +00:00','2026-03-19 11:02:15.647 +00:00'),(NULL,'Magyarország','6400','Kiskunhalas','Petőfi u. 12.',NULL,'2026-03-19 11:02:15.647 +00:00','2026-03-19 11:02:15.647 +00:00'),(NULL,'Magyarország','5000','Szolnok','Tiszaligeti sétány 1.',NULL,'2026-03-19 11:02:15.647 +00:00','2026-03-19 11:02:15.647 +00:00'),(NULL,'Magyarország','5300','Karcag','Szabadság tér 5.',NULL,'2026-03-19 11:02:15.647 +00:00','2026-03-19 11:02:15.647 +00:00');","timestamp":"2026-03-19 12:02:15.664","type":"database"}
{"environment":"development","level":"info","message":"✓ 6 lakcím létrehozva","service":"kanyr-backend","timestamp":"2026-03-19 12:02:15.679"}
{"environment":"development","level":"info","message":"👨‍👩‍👧 Szülők létrehozása...","service":"kanyr-backend","timestamp":"2026-03-19 12:02:15.680"}
{"environment":"development","level":"debug","message":"SQL Query","service":"kanyr-backend","sql":"Executing (default): INSERT INTO `szulos` (`szulo_id`,`nev`,`email`,`telefonszam`,`szemelyi_igazolvany_szam`,`cim_id`,`deleted_at`,`created_at`,`updated_at`) VALUES (NULL,'Nagy Anna','nagy.anna.parent@kanyr.hu','06-30-123-4567','111111AAA',1,NULL,'2026-03-19 11:02:15.681 +00:00','2026-03-19 11:02:15.681 +00:00'),(NULL,'Nagy János','nagy.janos.parent@kanyr.hu','06-70-234-5678','222222BBB',2,NULL,'2026-03-19 11:02:15.681 +00:00','2026-03-19 11:02:15.681 +00:00'),(NULL,'Kovács Eszter','kovacs.eszter.parent@kanyr.hu','06-30-345-6789','333333CCC',3,NULL,'2026-03-19 11:02:15.681 +00:00','2026-03-19 11:02:15.681 +00:00'),(NULL,'Szabó Péter','szabo.peter.parent@kanyr.hu','06-70-456-7890','444444DDD',4,NULL,'2026-03-19 11:02:15.681 +00:00','2026-03-19 11:02:15.681 +00:00'),(NULL,'Bodnár Judit','bodnar.judit.parent@kanyr.hu','06-30-567-8901','555555EEE',5,NULL,'2026-03-19 11:02:15.681 +00:00','2026-03-19 11:02:15.681 +00:00'),(NULL,'Kiss Mihály','kiss.mihaly.parent@kanyr.hu','06-70-678-9012','666666FFF',6,NULL,'2026-03-19 11:02:15.681 +00:00','2026-03-19 11:02:15.681 +00:00');","timestamp":"2026-03-19 12:02:15.687","type":"database"}
{"environment":"development","level":"info","message":"✓ 6 szülő létrehozva","service":"kanyr-backend","timestamp":"2026-03-19 12:02:15.715"}
{"environment":"development","level":"info","message":"👨‍🎓 Diákok létrehozása...","service":"kanyr-backend","timestamp":"2026-03-19 12:02:15.717"}
{"environment":"development","level":"debug","message":"SQL Query","service":"kanyr-backend","sql":"Executing (default): INSERT INTO `diaks` (`diak_id`,`nev`,`email`,`telefonszam`,`szuletesi_datum`,`szemelyi_igazolvany_szam`,`taj_szam`,`diakigazolvany_szam`,`szulo_id`,`kapcsolat_tipusa`,`cim_id`,`nem`,`deleted_at`,`created_at`,`updated_at`) VALUES (NULL,'Nagy Bernadett','nagy.bernadett.2024@student.hu','06-30-111-1111','2006-03-15','100001AAA','100001AAA','DIG2024-001',1,'anya',1,'nő',NULL,'2026-03-19 11:02:15.717 +00:00','2026-03-19 11:02:15.717 +00:00'),(NULL,'Nagy Péter','nagy.peter.2024@student.hu','06-30-222-2222','2005-07-22','100002BBB','100002BBB','DIG2024-002',2,'apa',2,'férfi',NULL,'2026-03-19 11:02:15.717 +00:00','2026-03-19 11:02:15.717 +00:00'),(NULL,'Kovács Zsófia','kovacs.zsofia.2024@student.hu','06-30-333-3333','2006-11-08','100003CCC','100003CCC','DIG2024-003',3,'anya',3,'nő',NULL,'2026-03-19 11:02:15.717 +00:00','2026-03-19 11:02:15.717 +00:00'),(NULL,'Szabó Katalin','szabo.katalin.2024@student.hu','06-30-444-4444','2005-09-18','100004DDD','100004DDD','DIG2024-004',4,'apa',4,'nő',NULL,'2026-03-19 11:02:15.717 +00:00','2026-03-19 11:02:15.717 +00:00'),(NULL,'Bodnár Krisztina','bodnar.krisztina.2024@student.hu','06-30-555-5555','2006-01-25','100005EEE','100005EEE','DIG2024-005',5,'anya',5,'nő',NULL,'2026-03-19 11:02:15.717 +00:00','2026-03-19 11:02:15.717 +00:00'),(NULL,'Kiss Tamás','kiss.tamas.2024@student.hu','06-30-666-6666','2005-05-30','100006FFF','100006FFF','DIG2024-006',6,'apa',6,'férfi',NULL,'2026-03-19 11:02:15.717 +00:00','2026-03-19 11:02:15.717 +00:00');","timestamp":"2026-03-19 12:02:15.726","type":"database"}
{"environment":"development","level":"info","message":"✓ 6 diák létrehozva","service":"kanyr-backend","timestamp":"2026-03-19 12:02:15.744"}
{"environment":"development","level":"info","message":"🚪 Szobák létrehozása...","service":"kanyr-backend","timestamp":"2026-03-19 12:02:15.748"}
{"environment":"development","level":"debug","message":"SQL Query","service":"kanyr-backend","sql":"Executing (default): INSERT INTO `szobas` (`szoba_id`,`szoba_szama`,`osszes_hely`,`deleted_at`,`created_at`,`updated_at`) VALUES (NULL,'A-101',4,NULL,'2026-03-19 11:02:15.748 +00:00','2026-03-19 11:02:15.748 +00:00'),(NULL,'A-102',4,NULL,'2026-03-19 11:02:15.748 +00:00','2026-03-19 11:02:15.748 +00:00'),(NULL,'A-103',3,NULL,'2026-03-19 11:02:15.748 +00:00','2026-03-19 11:02:15.748 +00:00'),(NULL,'B-201',4,NULL,'2026-03-19 11:02:15.748 +00:00','2026-03-19 11:02:15.748 +00:00'),(NULL,'B-202',3,NULL,'2026-03-19 11:02:15.748 +00:00','2026-03-19 11:02:15.748 +00:00'),(NULL,'B-203',2,NULL,'2026-03-19 11:02:15.748 +00:00','2026-03-19 11:02:15.748 +00:00');","timestamp":"2026-03-19 12:02:15.750","type":"database"}
{"environment":"development","level":"info","message":"✓ 6 szoba létrehozva","service":"kanyr-backend","timestamp":"2026-03-19 12:02:15.783"}
{"environment":"development","level":"info","message":"🏠 Szoba beköltözések rögzítése...","service":"kanyr-backend","timestamp":"2026-03-19 12:02:15.783"}
{"environment":"development","level":"debug","message":"SQL Query","service":"kanyr-backend","sql":"Executing (default): INSERT INTO `szoba_bekoltozes` (`bekoltozes_id`,`diak_id`,`szoba_id`,`bekoltozes_datum`,`kikoltozes_datum`,`deleted_at`,`created_at`,`updated_at`) VALUES (NULL,1,1,'2024-09-01',NULL,NULL,'2026-03-19 11:02:15.784 +00:00','2026-03-19 11:02:15.784 +00:00'),(NULL,2,4,'2024-09-01',NULL,NULL,'2026-03-19 11:02:15.784 +00:00','2026-03-19 11:02:15.784 +00:00'),(NULL,3,2,'2024-09-02',NULL,NULL,'2026-03-19 11:02:15.784 +00:00','2026-03-19 11:02:15.784 +00:00'),(NULL,4,2,'2024-09-02',NULL,NULL,'2026-03-19 11:02:15.784 +00:00','2026-03-19 11:02:15.784 +00:00'),(NULL,5,3,'2024-09-03',NULL,NULL,'2026-03-19 11:02:15.784 +00:00','2026-03-19 11:02:15.784 +00:00'),(NULL,6,4,'2024-09-03',NULL,NULL,'2026-03-19 11:02:15.784 +00:00','2026-03-19 11:02:15.784 +00:00');","timestamp":"2026-03-19 12:02:15.790","type":"database"}
{"environment":"development","level":"info","message":"✓ 6 beköltözés rögzítve","service":"kanyr-backend","timestamp":"2026-03-19 12:02:15.815"}
{"environment":"development","level":"info","message":"👤 Felhasználók létrehozása...","service":"kanyr-backend","timestamp":"2026-03-19 12:02:15.816"}
{"environment":"development","level":"debug","message":"SQL Query","service":"kanyr-backend","sql":"Executing (default): INSERT INTO `felhasznalos` (`user_id`,`username`,`email`,`password`,`admin`,`diak_id`,`token_version`,`security_flags`,`deleted_at`,`created_at`,`updated_at`) VALUES (NULL,'admin','admin@kanyr.hu','$2b$10$IL3LdFgN8HeaDFMk26f4w.82PBv/4CiiXIsGRY7MIDvOxTHV6EChy',1,NULL,1,'{}',NULL,'2026-03-19 11:02:16.104 +00:00','2026-03-19 11:02:16.104 +00:00'),(NULL,'student1','nagy.bernadett.2024@student.hu','$2b$10$59tki8kju6di8NCDUZqZ5eyhvEj5x1ro/aatRYx3n/Ai0OrzLI/Yy',0,1,1,'{}',NULL,'2026-03-19 11:02:16.104 +00:00','2026-03-19 11:02:16.104 +00:00'),(NULL,'student2','nagy.peter.2024@student.hu','$2b$10$59tki8kju6di8NCDUZqZ5eyhvEj5x1ro/aatRYx3n/Ai0OrzLI/Yy',0,2,1,'{}',NULL,'2026-03-19 11:02:16.104 +00:00','2026-03-19 11:02:16.104 +00:00'),(NULL,'student3','kovacs.zsofia.2024@student.hu','$2b$10$59tki8kju6di8NCDUZqZ5eyhvEj5x1ro/aatRYx3n/Ai0OrzLI/Yy',0,3,1,'{}',NULL,'2026-03-19 11:02:16.104 +00:00','2026-03-19 11:02:16.104 +00:00'),(NULL,'student4','szabo.katalin.2024@student.hu','$2b$10$59tki8kju6di8NCDUZqZ5eyhvEj5x1ro/aatRYx3n/Ai0OrzLI/Yy',0,4,1,'{}',NULL,'2026-03-19 11:02:16.104 +00:00','2026-03-19 11:02:16.104 +00:00'),(NULL,'student5','bodnar.krisztina.2024@student.hu','$2b$10$59tki8kju6di8NCDUZqZ5eyhvEj5x1ro/aatRYx3n/Ai0OrzLI/Yy',0,5,1,'{}',NULL,'2026-03-19 11:02:16.104 +00:00','2026-03-19 11:02:16.104 +00:00'),(NULL,'student6','kiss.tamas.2024@student.hu','$2b$10$59tki8kju6di8NCDUZqZ5eyhvEj5x1ro/aatRYx3n/Ai0OrzLI/Yy',0,6,1,'{}',NULL,'2026-03-19 11:02:16.104 +00:00','2026-03-19 11:02:16.104 +00:00');","timestamp":"2026-03-19 12:02:16.107","type":"database"}
{"environment":"development","level":"info","message":"✓ 7 felhasználó létrehozva","service":"kanyr-backend","timestamp":"2026-03-19 12:02:16.133"}
{"environment":"development","level":"info","message":"📝 Szoba változtatási kérelmek létrehozása...","service":"kanyr-backend","timestamp":"2026-03-19 12:02:16.133"}
{"environment":"development","level":"debug","message":"SQL Query","service":"kanyr-backend","sql":"Executing (default): INSERT INTO `szobavaltoztatas` (`valtoztatas_id`,`diak_id`,`jelenlegi_szoba_id`,`kivant_szoba_id`,`statusz`,`indok`,`academic_year`,`semester_count`,`deleted_at`,`created_at`,`updated_at`) VALUES (NULL,1,1,3,'pending','A jelenlegi szobában zajos szobatársak vannak, csendesebb környezetet szeretnék.','2024-2025',1,NULL,'2026-03-19 11:02:16.134 +00:00','2026-03-19 11:02:16.134 +00:00'),(NULL,5,3,1,'approved','Egyetemista barátommal szeretnék egy szobában lakni a tanuláshoz.','2024-2025',1,NULL,'2026-03-19 11:02:16.134 +00:00','2026-03-19 11:02:16.134 +00:00');","timestamp":"2026-03-19 12:02:16.137","type":"database"}
{"environment":"development","level":"info","message":"✓ 2 szoba változtatási kérelem létrehozva","service":"kanyr-backend","timestamp":"2026-03-19 12:02:16.173"}
{"environment":"development","level":"info","message":"🔔 Értesítések létrehozása...","service":"kanyr-backend","timestamp":"2026-03-19 12:02:16.173"}
{"environment":"development","level":"debug","message":"SQL Query","service":"kanyr-backend","sql":"Executing (default): INSERT INTO `notifications` (`notification_id`,`diak_id`,`tipus`,`uzenet`,`elolvasva`,`deleted_at`,`created_at`,`updated_at`) VALUES (NULL,1,'room_change_pending','A szoba változtatási kérelmedet feldolgoztuk. Kérjük, várj türelmesen a döntésre.',0,NULL,'2026-03-19 11:02:16.173 +00:00','2026-03-19 11:02:16.173 +00:00'),(NULL,5,'room_change_approved','Gratulálunk! A szoba változtatási kérelmedet elfogadtuk. Az új szobaszámod: A-101. Kérjük, 3 munkanapon belül költözz át.',0,NULL,'2026-03-19 11:02:16.173 +00:00','2026-03-19 11:02:16.173 +00:00'),(NULL,2,'room_change_pending','Ne feledd, hogy a következő hónapban esedékes a szobafoglalás. Kérjük, ellenőrizd a számládat.',0,NULL,'2026-03-19 11:02:16.173 +00:00','2026-03-19 11:02:16.173 +00:00');","timestamp":"2026-03-19 12:02:16.175","type":"database"}
{"environment":"development","level":"info","message":"✓ 3 értesítés létrehozva","service":"kanyr-backend","timestamp":"2026-03-19 12:02:16.227"}
{"bekoltozesek":6,"diaks":6,"environment":"development","felhasznalok":7,"lakcimek":6,"level":"info","message":"📊 Adatbázis feltöltési statisztika","notifikaciok":3,"service":"kanyr-backend","szobak":6,"szulok":6,"timestamp":"2026-03-19 12:02:16.231","valtoztatasok":2}
{"environment":"development","level":"info","message":"✅ Adatbázis sikeresen feltöltve tesztadatokkal!","service":"kanyr-backend","timestamp":"2026-03-19 12:02:16.232"}
{"admin":"admin@kanyr.hu / admin123","diak":"{diak_nev}@student.hu / student123","environment":"development","level":"info","message":"📝 Alapértelmezett hozzáférési adatok","service":"kanyr-backend","timestamp":"2026-03-19 12:02:16.232"}
{"environment":"development","level":"debug","message":"SQL Query","service":"kanyr-backend","sql":"Executing (default): SELECT `user_id`, `username`, `email`, `password`, `admin`, `diak_id`, `token_version`, `last_password_change`, `security_flags`, `deleted_at`, `created_at`, `updated_at` FROM `felhasznalos` AS `Felhasznalo` WHERE (`Felhasznalo`.`deleted_at` IS NULL AND `Felhasznalo`.`email` = 'admin@kanyr.hu');","timestamp":"2026-03-19 12:02:29.032","type":"database"}
{"duration":"94ms","environment":"development","ip":"::1","level":"info","message":"HTTP Request","method":"POST","service":"kanyr-backend","statusCode":200,"timestamp":"2026-03-19 12:02:29.124","type":"http","url":"/api/auth/login","userAgent":"curl/8.18.0","userId":null}
{"clientId":"5ce13b73...","environment":"development","level":"debug","message":"CSRF token generated","service":"kanyr-backend","timestamp":"2026-03-19 12:02:51.506"}
{"duration":"2ms","environment":"development","ip":"::1","level":"info","message":"HTTP Request","method":"GET","service":"kanyr-backend","statusCode":200,"timestamp":"2026-03-19 12:02:51.509","type":"http","url":"/api/auth/csrf-token","userAgent":"Mozilla/5.0 (Windows NT 10.0; Win64; x64) AppleWebKit/537.36 (KHTML, like Gecko) Chrome/146.0.0.0 Safari/537.36","userId":null}
{"environment":"development","level":"debug","message":"SQL Query","service":"kanyr-backend","sql":"Executing (default): SELECT `user_id`, `username`, `email`, `password`, `admin`, `diak_id`, `token_version`, `last_password_change`, `security_flags`, `deleted_at`, `created_at`, `updated_at` FROM `felhasznalos` AS `Felhasznalo` WHERE (`Felhasznalo`.`deleted_at` IS NULL AND `Felhasznalo`.`email` = 'admin@kanyr.hu');","timestamp":"2026-03-19 12:02:51.548","type":"database"}
{"duration":"123ms","environment":"development","ip":"::1","level":"info","message":"HTTP Request","method":"POST","service":"kanyr-backend","statusCode":200,"timestamp":"2026-03-19 12:02:51.666","type":"http","url":"/api/auth/login","userAgent":"Mozilla/5.0 (Windows NT 10.0; Win64; x64) AppleWebKit/537.36 (KHTML, like Gecko) Chrome/146.0.0.0 Safari/537.36","userId":null}
{"environment":"development","level":"debug","message":"SQL Query","service":"kanyr-backend","sql":"Executing (default): SELECT `user_id`, `username`, `email`, `password`, `admin`, `diak_id`, `token_version`, `last_password_change`, `security_flags`, `deleted_at`, `created_at`, `updated_at` FROM `felhasznalos` AS `Felhasznalo` WHERE (`Felhasznalo`.`deleted_at` IS NULL AND `Felhasznalo`.`email` = 'admin@kanyr.hu');","timestamp":"2026-03-19 12:06:04.845","type":"database"}
{"duration":"73ms","environment":"development","ip":"::1","level":"info","message":"HTTP Request","method":"POST","service":"kanyr-backend","statusCode":200,"timestamp":"2026-03-19 12:06:04.916","type":"http","url":"/api/auth/login","userAgent":"curl/8.18.0","userId":null}
{"environment":"development","level":"debug","message":"SQL Query","service":"kanyr-backend","sql":"Executing (default): SELECT 1+1 AS result","timestamp":"2026-03-19 12:07:05.209","type":"database"}
{"environment":"development","level":"info","message":"✓ Sikeres adatbázis kapcsolat létrehozva","service":"kanyr-backend","timestamp":"2026-03-19 12:07:05.223"}
{"environment":"development","level":"info","message":"✓ Migrációk átmenetileg kihagyva, modellek már tartalmazzák a szükséges változtatásokat","service":"kanyr-backend","timestamp":"2026-03-19 12:07:05.225"}
{"environment":"development","level":"info","message":"✓ Adatbázis elérhető a route-ok számára","service":"kanyr-backend","timestamp":"2026-03-19 12:07:05.226"}
{"dbExists":true,"diakModel":true,"environment":"development","lakcimModel":true,"level":"debug","message":"SzuloRepository constructor called","service":"kanyr-backend","szuloModel":true,"timestamp":"2026-03-19 12:07:05.315"}
{"environment":"development","level":"info","message":"✓ Controllers initialized with dependency injection","service":"kanyr-backend","timestamp":"2026-03-19 12:07:05.316"}
{"environment":"development","level":"info","message":"✓ CSRF protection middleware initialized","service":"kanyr-backend","timestamp":"2026-03-19 12:07:05.316"}
{"environment":"development","level":"info","message":"✓ Student route-ok inicializálva","service":"kanyr-backend","timestamp":"2026-03-19 12:07:05.362"}
{"environment":"development","level":"info","message":"✓ Room route-ok inicializálva","service":"kanyr-backend","timestamp":"2026-03-19 12:07:05.368"}
{"environment":"development","level":"info","message":"✓ Parent route-ok inicializálva","service":"kanyr-backend","timestamp":"2026-03-19 12:07:05.375"}
{"environment":"development","level":"info","message":"✓ Address route-ok inicializálva","service":"kanyr-backend","timestamp":"2026-03-19 12:07:05.381"}
{"environment":"development","level":"info","message":"✓ Auth route-ok inicializálva","service":"kanyr-backend","timestamp":"2026-03-19 12:07:05.383"}
{"environment":"development","level":"info","message":"✓ User route-ok inicializálva","service":"kanyr-backend","timestamp":"2026-03-19 12:07:05.390"}
{"environment":"development","level":"info","message":"✓ Room change route-ok inicializálva","service":"kanyr-backend","timestamp":"2026-03-19 12:07:05.395"}
{"environment":"development","level":"info","message":"✓ Token blacklist cleanup scheduler initialized","service":"kanyr-backend","timestamp":"2026-03-19 12:07:05.414"}
{"environment":"development","level":"debug","message":"SQL Query","service":"kanyr-backend","sql":"Executing (default): DELETE FROM `revoked_tokens` WHERE `expires_at` < '2026-03-19 11:07:05.413 +00:00'","timestamp":"2026-03-19 12:07:05.431","type":"database"}
{"environment":"development","level":"info","message":"✓ Szerver fut a http://localhost:3000 címen","service":"kanyr-backend","timestamp":"2026-03-19 12:07:05.432"}
{"environment":"development","level":"info","message":"✓ Környezet: development","service":"kanyr-backend","timestamp":"2026-03-19 12:07:05.432"}
{"deletedCount":0,"environment":"development","level":"info","message":"Expired token cleanup completed","service":"kanyr-backend","timestamp":"2026-03-19 12:07:05.440"}
{"clientId":"5ce13b73...","environment":"development","level":"debug","message":"CSRF token generated","service":"kanyr-backend","timestamp":"2026-03-19 12:07:30.997"}
{"environment":"development","level":"debug","message":"SQL Query","service":"kanyr-backend","sql":"Executing (default): SELECT `user_id`, `username`, `email`, `password`, `admin`, `diak_id`, `token_version`, `last_password_change`, `security_flags`, `deleted_at`, `created_at`, `updated_at` FROM `felhasznalos` AS `Felhasznalo` WHERE (`Felhasznalo`.`deleted_at` IS NULL AND `Felhasznalo`.`email` = 'admin@kanyr.hu');","timestamp":"2026-03-19 12:07:31.016","type":"database"}
{"duration":"143ms","environment":"development","ip":"::1","level":"info","message":"HTTP Request","method":"POST","service":"kanyr-backend","statusCode":200,"timestamp":"2026-03-19 12:07:31.139","type":"http","url":"/api/auth/login","userAgent":"Mozilla/5.0 (Windows NT 10.0; Win64; x64) AppleWebKit/537.36 (KHTML, like Gecko) Chrome/146.0.0.0 Safari/537.36","userId":null}
{"environment":"development","error":{"details":null,"isOperational":true,"message":"Endpoint not found","name":"NotFoundError","requestId":"req-20260319-120731-VHRL","stack":"NotFoundError: Endpoint not found\n    at C:\\Users\\SZ2\\Documents\\13.B\\Projektmunka\\KANYR\\backend\\app.js:289:13\n    at Layer.handleRequest (C:\\Users\\SZ2\\Documents\\13.B\\Projektmunka\\KANYR\\backend\\node_modules\\router\\lib\\layer.js:152:17)\n    at trimPrefix (C:\\Users\\SZ2\\Documents\\13.B\\Projektmunka\\KANYR\\backend\\node_modules\\router\\index.js:342:13)\n    at C:\\Users\\SZ2\\Documents\\13.B\\Projektmunka\\KANYR\\backend\\node_modules\\router\\index.js:297:9\n    at processParams (C:\\Users\\SZ2\\Documents\\13.B\\Projektmunka\\KANYR\\backend\\node_modules\\router\\index.js:582:12)\n    at next (C:\\Users\\SZ2\\Documents\\13.B\\Projektmunka\\KANYR\\backend\\node_modules\\router\\index.js:291:5)\n    at csrfProtectionMiddleware (C:\\Users\\SZ2\\Documents\\13.B\\Projektmunka\\KANYR\\backend\\middleware\\csrfMiddleware.js:154:14)\n    at Layer.handleRequest (C:\\Users\\SZ2\\Documents\\13.B\\Projektmunka\\KANYR\\backend\\node_modules\\router\\lib\\layer.js:152:17)\n    at trimPrefix (C:\\Users\\SZ2\\Documents\\13.B\\Projektmunka\\KANYR\\backend\\node_modules\\router\\index.js:342:13)\n    at C:\\Users\\SZ2\\Documents\\13.B\\Projektmunka\\KANYR\\backend\\node_modules\\router\\index.js:297:9","status":"fail","statusCode":404,"timestamp":"2026-03-19T11:07:31.434Z","userId":null},"ip":"::1","level":"error","message":"Endpoint not found","method":"GET","service":"kanyr-backend","stack":"NotFoundError: Endpoint not found\n    at C:\\Users\\SZ2\\Documents\\13.B\\Projektmunka\\KANYR\\backend\\app.js:289:13\n    at Layer.handleRequest (C:\\Users\\SZ2\\Documents\\13.B\\Projektmunka\\KANYR\\backend\\node_modules\\router\\lib\\layer.js:152:17)\n    at trimPrefix (C:\\Users\\SZ2\\Documents\\13.B\\Projektmunka\\KANYR\\backend\\node_modules\\router\\index.js:342:13)\n    at C:\\Users\\SZ2\\Documents\\13.B\\Projektmunka\\KANYR\\backend\\node_modules\\router\\index.js:297:9\n    at processParams (C:\\Users\\SZ2\\Documents\\13.B\\Projektmunka\\KANYR\\backend\\node_modules\\router\\index.js:582:12)\n    at next (C:\\Users\\SZ2\\Documents\\13.B\\Projektmunka\\KANYR\\backend\\node_modules\\router\\index.js:291:5)\n    at csrfProtectionMiddleware (C:\\Users\\SZ2\\Documents\\13.B\\Projektmunka\\KANYR\\backend\\middleware\\csrfMiddleware.js:154:14)\n    at Layer.handleRequest (C:\\Users\\SZ2\\Documents\\13.B\\Projektmunka\\KANYR\\backend\\node_modules\\router\\lib\\layer.js:152:17)\n    at trimPrefix (C:\\Users\\SZ2\\Documents\\13.B\\Projektmunka\\KANYR\\backend\\node_modules\\router\\index.js:342:13)\n    at C:\\Users\\SZ2\\Documents\\13.B\\Projektmunka\\KANYR\\backend\\node_modules\\router\\index.js:297:9","timestamp":"2026-03-19 12:07:31.440","type":"error","url":"/api/diaks/statistics","userId":null}
{"duration":"64ms","environment":"development","ip":"::1","level":"info","message":"HTTP Request","method":"GET","service":"kanyr-backend","statusCode":404,"timestamp":"2026-03-19 12:07:31.497","type":"http","url":"/api/diaks/statistics","userAgent":"Mozilla/5.0 (Windows NT 10.0; Win64; x64) AppleWebKit/537.36 (KHTML, like Gecko) Chrome/146.0.0.0 Safari/537.36","userId":null}
{"environment":"development","level":"debug","message":"SQL Query","service":"kanyr-backend","sql":"Executing (default): SELECT `id`, `token`, `user_id`, `expires_at`, `revoked_at` FROM `revoked_tokens` AS `RevokedToken` WHERE `RevokedToken`.`token` = 'eyJhbGciOiJIUzI1NiIsInR5cCI6IkpXVCJ9.eyJkYXRhIjoiaVdUNkJoWkhoYUlhNVFrT1FPZmdpQT09OlVBRW9KRENZbTZURjk4WmVpWGowOFE9PTpSdXVCVS9WV0xNWjRjVHdWNlVwM0VucUR6QVNFNUJPTlpDajJNNjExTXpkemFPKzhjL2d6YVJqTGt0RGVjSlZFQzFYRmhwNHEyZVI3bFdyT21LdVB2Ty91dDJUUWppRWF2Y2JzcVpNOHlEMkRnMlRuQU00PSIsImlhdCI6MTc3MzkxODQ1MSwiZXhwIjoxNzc0MDA0ODUxfQ.7uNJFB6so66wosnzNyIkOrEgzZ9gzpPR-FV0OtuFVWA' LIMIT 1;","timestamp":"2026-03-19 12:07:31.578","type":"database"}
{"environment":"development","level":"debug","message":"SQL Query","service":"kanyr-backend","sql":"Executing (default): SELECT `user_id`, `username`, `email`, `password`, `admin`, `diak_id`, `token_version`, `last_password_change`, `security_flags`, `deleted_at`, `created_at`, `updated_at` FROM `felhasznalos` AS `Felhasznalo` WHERE (`Felhasznalo`.`deleted_at` IS NULL AND `Felhasznalo`.`user_id` = 1);","timestamp":"2026-03-19 12:07:31.596","type":"database"}
{"duration":"119ms","environment":"development","ip":"::1","level":"info","message":"HTTP Request","method":"GET","service":"kanyr-backend","statusCode":200,"timestamp":"2026-03-19 12:07:31.628","type":"http","url":"/api/auth/me","userAgent":"Mozilla/5.0 (Windows NT 10.0; Win64; x64) AppleWebKit/537.36 (KHTML, like Gecko) Chrome/146.0.0.0 Safari/537.36","userId":null}
{"environment":"development","error":{"details":null,"isOperational":true,"message":"Endpoint not found","name":"NotFoundError","requestId":"req-20260319-120731-8VDK","stack":"NotFoundError: Endpoint not found\n    at C:\\Users\\SZ2\\Documents\\13.B\\Projektmunka\\KANYR\\backend\\app.js:289:13\n    at Layer.handleRequest (C:\\Users\\SZ2\\Documents\\13.B\\Projektmunka\\KANYR\\backend\\node_modules\\router\\lib\\layer.js:152:17)\n    at trimPrefix (C:\\Users\\SZ2\\Documents\\13.B\\Projektmunka\\KANYR\\backend\\node_modules\\router\\index.js:342:13)\n    at C:\\Users\\SZ2\\Documents\\13.B\\Projektmunka\\KANYR\\backend\\node_modules\\router\\index.js:297:9\n    at processParams (C:\\Users\\SZ2\\Documents\\13.B\\Projektmunka\\KANYR\\backend\\node_modules\\router\\index.js:582:12)\n    at next (C:\\Users\\SZ2\\Documents\\13.B\\Projektmunka\\KANYR\\backend\\node_modules\\router\\index.js:291:5)\n    at csrfProtectionMiddleware (C:\\Users\\SZ2\\Documents\\13.B\\Projektmunka\\KANYR\\backend\\middleware\\csrfMiddleware.js:154:14)\n    at Layer.handleRequest (C:\\Users\\SZ2\\Documents\\13.B\\Projektmunka\\KANYR\\backend\\node_modules\\router\\lib\\layer.js:152:17)\n    at trimPrefix (C:\\Users\\SZ2\\Documents\\13.B\\Projektmunka\\KANYR\\backend\\node_modules\\router\\index.js:342:13)\n    at C:\\Users\\SZ2\\Documents\\13.B\\Projektmunka\\KANYR\\backend\\node_modules\\router\\index.js:297:9","status":"fail","statusCode":404,"timestamp":"2026-03-19T11:07:31.634Z","userId":null},"ip":"::1","level":"error","message":"Endpoint not found","method":"GET","service":"kanyr-backend","stack":"NotFoundError: Endpoint not found\n    at C:\\Users\\SZ2\\Documents\\13.B\\Projektmunka\\KANYR\\backend\\app.js:289:13\n    at Layer.handleRequest (C:\\Users\\SZ2\\Documents\\13.B\\Projektmunka\\KANYR\\backend\\node_modules\\router\\lib\\layer.js:152:17)\n    at trimPrefix (C:\\Users\\SZ2\\Documents\\13.B\\Projektmunka\\KANYR\\backend\\node_modules\\router\\index.js:342:13)\n    at C:\\Users\\SZ2\\Documents\\13.B\\Projektmunka\\KANYR\\backend\\node_modules\\router\\index.js:297:9\n    at processParams (C:\\Users\\SZ2\\Documents\\13.B\\Projektmunka\\KANYR\\backend\\node_modules\\router\\index.js:582:12)\n    at next (C:\\Users\\SZ2\\Documents\\13.B\\Projektmunka\\KANYR\\backend\\node_modules\\router\\index.js:291:5)\n    at csrfProtectionMiddleware (C:\\Users\\SZ2\\Documents\\13.B\\Projektmunka\\KANYR\\backend\\middleware\\csrfMiddleware.js:154:14)\n    at Layer.handleRequest (C:\\Users\\SZ2\\Documents\\13.B\\Projektmunka\\KANYR\\backend\\node_modules\\router\\lib\\layer.js:152:17)\n    at trimPrefix (C:\\Users\\SZ2\\Documents\\13.B\\Projektmunka\\KANYR\\backend\\node_modules\\router\\index.js:342:13)\n    at C:\\Users\\SZ2\\Documents\\13.B\\Projektmunka\\KANYR\\backend\\node_modules\\router\\index.js:297:9","timestamp":"2026-03-19 12:07:31.634","type":"error","url":"/api/szobavaltoztatas/admin/notifications","userId":null}
{"duration":"15ms","environment":"development","ip":"::1","level":"info","message":"HTTP Request","method":"GET","service":"kanyr-backend","statusCode":404,"timestamp":"2026-03-19 12:07:31.646","type":"http","url":"/api/szobavaltoztatas/admin/notifications","userAgent":"Mozilla/5.0 (Windows NT 10.0; Win64; x64) AppleWebKit/537.36 (KHTML, like Gecko) Chrome/146.0.0.0 Safari/537.36","userId":null}
{"environment":"development","error":{"details":null,"isOperational":true,"message":"Endpoint not found","name":"NotFoundError","requestId":"req-20260319-120750-3UXT","stack":"NotFoundError: Endpoint not found\n    at C:\\Users\\SZ2\\Documents\\13.B\\Projektmunka\\KANYR\\backend\\app.js:289:13\n    at Layer.handleRequest (C:\\Users\\SZ2\\Documents\\13.B\\Projektmunka\\KANYR\\backend\\node_modules\\router\\lib\\layer.js:152:17)\n    at trimPrefix (C:\\Users\\SZ2\\Documents\\13.B\\Projektmunka\\KANYR\\backend\\node_modules\\router\\index.js:342:13)\n    at C:\\Users\\SZ2\\Documents\\13.B\\Projektmunka\\KANYR\\backend\\node_modules\\router\\index.js:297:9\n    at processParams (C:\\Users\\SZ2\\Documents\\13.B\\Projektmunka\\KANYR\\backend\\node_modules\\router\\index.js:582:12)\n    at next (C:\\Users\\SZ2\\Documents\\13.B\\Projektmunka\\KANYR\\backend\\node_modules\\router\\index.js:291:5)\n    at csrfProtectionMiddleware (C:\\Users\\SZ2\\Documents\\13.B\\Projektmunka\\KANYR\\backend\\middleware\\csrfMiddleware.js:154:14)\n    at Layer.handleRequest (C:\\Users\\SZ2\\Documents\\13.B\\Projektmunka\\KANYR\\backend\\node_modules\\router\\lib\\layer.js:152:17)\n    at trimPrefix (C:\\Users\\SZ2\\Documents\\13.B\\Projektmunka\\KANYR\\backend\\node_modules\\router\\index.js:342:13)\n    at C:\\Users\\SZ2\\Documents\\13.B\\Projektmunka\\KANYR\\backend\\node_modules\\router\\index.js:297:9","status":"fail","statusCode":404,"timestamp":"2026-03-19T11:07:50.781Z","userId":null},"ip":"::1","level":"error","message":"Endpoint not found","method":"GET","service":"kanyr-backend","stack":"NotFoundError: Endpoint not found\n    at C:\\Users\\SZ2\\Documents\\13.B\\Projektmunka\\KANYR\\backend\\app.js:289:13\n    at Layer.handleRequest (C:\\Users\\SZ2\\Documents\\13.B\\Projektmunka\\KANYR\\backend\\node_modules\\router\\lib\\layer.js:152:17)\n    at trimPrefix (C:\\Users\\SZ2\\Documents\\13.B\\Projektmunka\\KANYR\\backend\\node_modules\\router\\index.js:342:13)\n    at C:\\Users\\SZ2\\Documents\\13.B\\Projektmunka\\KANYR\\backend\\node_modules\\router\\index.js:297:9\n    at processParams (C:\\Users\\SZ2\\Documents\\13.B\\Projektmunka\\KANYR\\backend\\node_modules\\router\\index.js:582:12)\n    at next (C:\\Users\\SZ2\\Documents\\13.B\\Projektmunka\\KANYR\\backend\\node_modules\\router\\index.js:291:5)\n    at csrfProtectionMiddleware (C:\\Users\\SZ2\\Documents\\13.B\\Projektmunka\\KANYR\\backend\\middleware\\csrfMiddleware.js:154:14)\n    at Layer.handleRequest (C:\\Users\\SZ2\\Documents\\13.B\\Projektmunka\\KANYR\\backend\\node_modules\\router\\lib\\layer.js:152:17)\n    at trimPrefix (C:\\Users\\SZ2\\Documents\\13.B\\Projektmunka\\KANYR\\backend\\node_modules\\router\\index.js:342:13)\n    at C:\\Users\\SZ2\\Documents\\13.B\\Projektmunka\\KANYR\\backend\\node_modules\\router\\index.js:297:9","timestamp":"2026-03-19 12:07:50.782","type":"error","url":"/api/diaks?includeRelations=true","userId":null}
{"duration":"13ms","environment":"development","ip":"::1","level":"info","message":"HTTP Request","method":"GET","service":"kanyr-backend","statusCode":404,"timestamp":"2026-03-19 12:07:50.793","type":"http","url":"/api/diaks?includeRelations=true","userAgent":"Mozilla/5.0 (Windows NT 10.0; Win64; x64) AppleWebKit/537.36 (KHTML, like Gecko) Chrome/146.0.0.0 Safari/537.36","userId":null}
{"environment":"development","error":{"details":null,"isOperational":true,"message":"Endpoint not found","name":"NotFoundError","requestId":"req-20260319-120807-G66G","stack":"NotFoundError: Endpoint not found\n    at C:\\Users\\SZ2\\Documents\\13.B\\Projektmunka\\KANYR\\backend\\app.js:289:13\n    at Layer.handleRequest (C:\\Users\\SZ2\\Documents\\13.B\\Projektmunka\\KANYR\\backend\\node_modules\\router\\lib\\layer.js:152:17)\n    at trimPrefix (C:\\Users\\SZ2\\Documents\\13.B\\Projektmunka\\KANYR\\backend\\node_modules\\router\\index.js:342:13)\n    at C:\\Users\\SZ2\\Documents\\13.B\\Projektmunka\\KANYR\\backend\\node_modules\\router\\index.js:297:9\n    at processParams (C:\\Users\\SZ2\\Documents\\13.B\\Projektmunka\\KANYR\\backend\\node_modules\\router\\index.js:582:12)\n    at next (C:\\Users\\SZ2\\Documents\\13.B\\Projektmunka\\KANYR\\backend\\node_modules\\router\\index.js:291:5)\n    at csrfProtectionMiddleware (C:\\Users\\SZ2\\Documents\\13.B\\Projektmunka\\KANYR\\backend\\middleware\\csrfMiddleware.js:154:14)\n    at Layer.handleRequest (C:\\Users\\SZ2\\Documents\\13.B\\Projektmunka\\KANYR\\backend\\node_modules\\router\\lib\\layer.js:152:17)\n    at trimPrefix (C:\\Users\\SZ2\\Documents\\13.B\\Projektmunka\\KANYR\\backend\\node_modules\\router\\index.js:342:13)\n    at C:\\Users\\SZ2\\Documents\\13.B\\Projektmunka\\KANYR\\backend\\node_modules\\router\\index.js:297:9","status":"fail","statusCode":404,"timestamp":"2026-03-19T11:08:07.062Z","userId":null},"ip":"::1","level":"error","message":"Endpoint not found","method":"GET","service":"kanyr-backend","stack":"NotFoundError: Endpoint not found\n    at C:\\Users\\SZ2\\Documents\\13.B\\Projektmunka\\KANYR\\backend\\app.js:289:13\n    at Layer.handleRequest (C:\\Users\\SZ2\\Documents\\13.B\\Projektmunka\\KANYR\\backend\\node_modules\\router\\lib\\layer.js:152:17)\n    at trimPrefix (C:\\Users\\SZ2\\Documents\\13.B\\Projektmunka\\KANYR\\backend\\node_modules\\router\\index.js:342:13)\n    at C:\\Users\\SZ2\\Documents\\13.B\\Projektmunka\\KANYR\\backend\\node_modules\\router\\index.js:297:9\n    at processParams (C:\\Users\\SZ2\\Documents\\13.B\\Projektmunka\\KANYR\\backend\\node_modules\\router\\index.js:582:12)\n    at next (C:\\Users\\SZ2\\Documents\\13.B\\Projektmunka\\KANYR\\backend\\node_modules\\router\\index.js:291:5)\n    at csrfProtectionMiddleware (C:\\Users\\SZ2\\Documents\\13.B\\Projektmunka\\KANYR\\backend\\middleware\\csrfMiddleware.js:154:14)\n    at Layer.handleRequest (C:\\Users\\SZ2\\Documents\\13.B\\Projektmunka\\KANYR\\backend\\node_modules\\router\\lib\\layer.js:152:17)\n    at trimPrefix (C:\\Users\\SZ2\\Documents\\13.B\\Projektmunka\\KANYR\\backend\\node_modules\\router\\index.js:342:13)\n    at C:\\Users\\SZ2\\Documents\\13.B\\Projektmunka\\KANYR\\backend\\node_modules\\router\\index.js:297:9","timestamp":"2026-03-19 12:08:07.064","type":"error","url":"/api/szulos","userId":null}
{"duration":"7ms","environment":"development","ip":"::1","level":"info","message":"HTTP Request","method":"GET","service":"kanyr-backend","statusCode":404,"timestamp":"2026-03-19 12:08:07.067","type":"http","url":"/api/szulos","userAgent":"Mozilla/5.0 (Windows NT 10.0; Win64; x64) AppleWebKit/537.36 (KHTML, like Gecko) Chrome/146.0.0.0 Safari/537.36","userId":null}
{"environment":"development","error":{"details":null,"isOperational":true,"message":"Endpoint not found","name":"NotFoundError","requestId":"req-20260319-120811-HGP5","stack":"NotFoundError: Endpoint not found\n    at C:\\Users\\SZ2\\Documents\\13.B\\Projektmunka\\KANYR\\backend\\app.js:289:13\n    at Layer.handleRequest (C:\\Users\\SZ2\\Documents\\13.B\\Projektmunka\\KANYR\\backend\\node_modules\\router\\lib\\layer.js:152:17)\n    at trimPrefix (C:\\Users\\SZ2\\Documents\\13.B\\Projektmunka\\KANYR\\backend\\node_modules\\router\\index.js:342:13)\n    at C:\\Users\\SZ2\\Documents\\13.B\\Projektmunka\\KANYR\\backend\\node_modules\\router\\index.js:297:9\n    at processParams (C:\\Users\\SZ2\\Documents\\13.B\\Projektmunka\\KANYR\\backend\\node_modules\\router\\index.js:582:12)\n    at next (C:\\Users\\SZ2\\Documents\\13.B\\Projektmunka\\KANYR\\backend\\node_modules\\router\\index.js:291:5)\n    at csrfProtectionMiddleware (C:\\Users\\SZ2\\Documents\\13.B\\Projektmunka\\KANYR\\backend\\middleware\\csrfMiddleware.js:154:14)\n    at Layer.handleRequest (C:\\Users\\SZ2\\Documents\\13.B\\Projektmunka\\KANYR\\backend\\node_modules\\router\\lib\\layer.js:152:17)\n    at trimPrefix (C:\\Users\\SZ2\\Documents\\13.B\\Projektmunka\\KANYR\\backend\\node_modules\\router\\index.js:342:13)\n    at C:\\Users\\SZ2\\Documents\\13.B\\Projektmunka\\KANYR\\backend\\node_modules\\router\\index.js:297:9","status":"fail","statusCode":404,"timestamp":"2026-03-19T11:08:11.331Z","userId":null},"ip":"::1","level":"error","message":"Endpoint not found","method":"GET","service":"kanyr-backend","stack":"NotFoundError: Endpoint not found\n    at C:\\Users\\SZ2\\Documents\\13.B\\Projektmunka\\KANYR\\backend\\app.js:289:13\n    at Layer.handleRequest (C:\\Users\\SZ2\\Documents\\13.B\\Projektmunka\\KANYR\\backend\\node_modules\\router\\lib\\layer.js:152:17)\n    at trimPrefix (C:\\Users\\SZ2\\Documents\\13.B\\Projektmunka\\KANYR\\backend\\node_modules\\router\\index.js:342:13)\n    at C:\\Users\\SZ2\\Documents\\13.B\\Projektmunka\\KANYR\\backend\\node_modules\\router\\index.js:297:9\n    at processParams (C:\\Users\\SZ2\\Documents\\13.B\\Projektmunka\\KANYR\\backend\\node_modules\\router\\index.js:582:12)\n    at next (C:\\Users\\SZ2\\Documents\\13.B\\Projektmunka\\KANYR\\backend\\node_modules\\router\\index.js:291:5)\n    at csrfProtectionMiddleware (C:\\Users\\SZ2\\Documents\\13.B\\Projektmunka\\KANYR\\backend\\middleware\\csrfMiddleware.js:154:14)\n    at Layer.handleRequest (C:\\Users\\SZ2\\Documents\\13.B\\Projektmunka\\KANYR\\backend\\node_modules\\router\\lib\\layer.js:152:17)\n    at trimPrefix (C:\\Users\\SZ2\\Documents\\13.B\\Projektmunka\\KANYR\\backend\\node_modules\\router\\index.js:342:13)\n    at C:\\Users\\SZ2\\Documents\\13.B\\Projektmunka\\KANYR\\backend\\node_modules\\router\\index.js:297:9","timestamp":"2026-03-19 12:08:11.331","type":"error","url":"/api/szobas","userId":null}
{"duration":"3ms","environment":"development","ip":"::1","level":"info","message":"HTTP Request","method":"GET","service":"kanyr-backend","statusCode":404,"timestamp":"2026-03-19 12:08:11.333","type":"http","url":"/api/szobas","userAgent":"Mozilla/5.0 (Windows NT 10.0; Win64; x64) AppleWebKit/537.36 (KHTML, like Gecko) Chrome/146.0.0.0 Safari/537.36","userId":null}
{"environment":"development","error":{"details":null,"isOperational":true,"message":"Endpoint not found","name":"NotFoundError","requestId":"req-20260319-120811-ZL1Y","stack":"NotFoundError: Endpoint not found\n    at C:\\Users\\SZ2\\Documents\\13.B\\Projektmunka\\KANYR\\backend\\app.js:289:13\n    at Layer.handleRequest (C:\\Users\\SZ2\\Documents\\13.B\\Projektmunka\\KANYR\\backend\\node_modules\\router\\lib\\layer.js:152:17)\n    at trimPrefix (C:\\Users\\SZ2\\Documents\\13.B\\Projektmunka\\KANYR\\backend\\node_modules\\router\\index.js:342:13)\n    at C:\\Users\\SZ2\\Documents\\13.B\\Projektmunka\\KANYR\\backend\\node_modules\\router\\index.js:297:9\n    at processParams (C:\\Users\\SZ2\\Documents\\13.B\\Projektmunka\\KANYR\\backend\\node_modules\\router\\index.js:582:12)\n    at next (C:\\Users\\SZ2\\Documents\\13.B\\Projektmunka\\KANYR\\backend\\node_modules\\router\\index.js:291:5)\n    at csrfProtectionMiddleware (C:\\Users\\SZ2\\Documents\\13.B\\Projektmunka\\KANYR\\backend\\middleware\\csrfMiddleware.js:154:14)\n    at Layer.handleRequest (C:\\Users\\SZ2\\Documents\\13.B\\Projektmunka\\KANYR\\backend\\node_modules\\router\\lib\\layer.js:152:17)\n    at trimPrefix (C:\\Users\\SZ2\\Documents\\13.B\\Projektmunka\\KANYR\\backend\\node_modules\\router\\index.js:342:13)\n    at C:\\Users\\SZ2\\Documents\\13.B\\Projektmunka\\KANYR\\backend\\node_modules\\router\\index.js:297:9","status":"fail","statusCode":404,"timestamp":"2026-03-19T11:08:11.335Z","userId":null},"ip":"::1","level":"error","message":"Endpoint not found","method":"GET","service":"kanyr-backend","stack":"NotFoundError: Endpoint not found\n    at C:\\Users\\SZ2\\Documents\\13.B\\Projektmunka\\KANYR\\backend\\app.js:289:13\n    at Layer.handleRequest (C:\\Users\\SZ2\\Documents\\13.B\\Projektmunka\\KANYR\\backend\\node_modules\\router\\lib\\layer.js:152:17)\n    at trimPrefix (C:\\Users\\SZ2\\Documents\\13.B\\Projektmunka\\KANYR\\backend\\node_modules\\router\\index.js:342:13)\n    at C:\\Users\\SZ2\\Documents\\13.B\\Projektmunka\\KANYR\\backend\\node_modules\\router\\index.js:297:9\n    at processParams (C:\\Users\\SZ2\\Documents\\13.B\\Projektmunka\\KANYR\\backend\\node_modules\\router\\index.js:582:12)\n    at next (C:\\Users\\SZ2\\Documents\\13.B\\Projektmunka\\KANYR\\backend\\node_modules\\router\\index.js:291:5)\n    at csrfProtectionMiddleware (C:\\Users\\SZ2\\Documents\\13.B\\Projektmunka\\KANYR\\backend\\middleware\\csrfMiddleware.js:154:14)\n    at Layer.handleRequest (C:\\Users\\SZ2\\Documents\\13.B\\Projektmunka\\KANYR\\backend\\node_modules\\router\\lib\\layer.js:152:17)\n    at trimPrefix (C:\\Users\\SZ2\\Documents\\13.B\\Projektmunka\\KANYR\\backend\\node_modules\\router\\index.js:342:13)\n    at C:\\Users\\SZ2\\Documents\\13.B\\Projektmunka\\KANYR\\backend\\node_modules\\router\\index.js:297:9","timestamp":"2026-03-19 12:08:11.336","type":"error","url":"/api/szobas/available","userId":null}
{"duration":"17ms","environment":"development","ip":"::1","level":"info","message":"HTTP Request","method":"GET","service":"kanyr-backend","statusCode":404,"timestamp":"2026-03-19 12:08:11.363","type":"http","url":"/api/szobas/available","userAgent":"Mozilla/5.0 (Windows NT 10.0; Win64; x64) AppleWebKit/537.36 (KHTML, like Gecko) Chrome/146.0.0.0 Safari/537.36","userId":null}
{"environment":"development","error":{"details":null,"isOperational":true,"message":"Endpoint not found","name":"NotFoundError","requestId":"req-20260319-120811-JHJZ","stack":"NotFoundError: Endpoint not found\n    at C:\\Users\\SZ2\\Documents\\13.B\\Projektmunka\\KANYR\\backend\\app.js:289:13\n    at Layer.handleRequest (C:\\Users\\SZ2\\Documents\\13.B\\Projektmunka\\KANYR\\backend\\node_modules\\router\\lib\\layer.js:152:17)\n    at trimPrefix (C:\\Users\\SZ2\\Documents\\13.B\\Projektmunka\\KANYR\\backend\\node_modules\\router\\index.js:342:13)\n    at C:\\Users\\SZ2\\Documents\\13.B\\Projektmunka\\KANYR\\backend\\node_modules\\router\\index.js:297:9\n    at processParams (C:\\Users\\SZ2\\Documents\\13.B\\Projektmunka\\KANYR\\backend\\node_modules\\router\\index.js:582:12)\n    at next (C:\\Users\\SZ2\\Documents\\13.B\\Projektmunka\\KANYR\\backend\\node_modules\\router\\index.js:291:5)\n    at csrfProtectionMiddleware (C:\\Users\\SZ2\\Documents\\13.B\\Projektmunka\\KANYR\\backend\\middleware\\csrfMiddleware.js:154:14)\n    at Layer.handleRequest (C:\\Users\\SZ2\\Documents\\13.B\\Projektmunka\\KANYR\\backend\\node_modules\\router\\lib\\layer.js:152:17)\n    at trimPrefix (C:\\Users\\SZ2\\Documents\\13.B\\Projektmunka\\KANYR\\backend\\node_modules\\router\\index.js:342:13)\n    at C:\\Users\\SZ2\\Documents\\13.B\\Projektmunka\\KANYR\\backend\\node_modules\\router\\index.js:297:9","status":"fail","statusCode":404,"timestamp":"2026-03-19T11:08:11.382Z","userId":null},"ip":"::1","level":"error","message":"Endpoint not found","method":"GET","service":"kanyr-backend","stack":"NotFoundError: Endpoint not found\n    at C:\\Users\\SZ2\\Documents\\13.B\\Projektmunka\\KANYR\\backend\\app.js:289:13\n    at Layer.handleRequest (C:\\Users\\SZ2\\Documents\\13.B\\Projektmunka\\KANYR\\backend\\node_modules\\router\\lib\\layer.js:152:17)\n    at trimPrefix (C:\\Users\\SZ2\\Documents\\13.B\\Projektmunka\\KANYR\\backend\\node_modules\\router\\index.js:342:13)\n    at C:\\Users\\SZ2\\Documents\\13.B\\Projektmunka\\KANYR\\backend\\node_modules\\router\\index.js:297:9\n    at processParams (C:\\Users\\SZ2\\Documents\\13.B\\Projektmunka\\KANYR\\backend\\node_modules\\router\\index.js:582:12)\n    at next (C:\\Users\\SZ2\\Documents\\13.B\\Projektmunka\\KANYR\\backend\\node_modules\\router\\index.js:291:5)\n    at csrfProtectionMiddleware (C:\\Users\\SZ2\\Documents\\13.B\\Projektmunka\\KANYR\\backend\\middleware\\csrfMiddleware.js:154:14)\n    at Layer.handleRequest (C:\\Users\\SZ2\\Documents\\13.B\\Projektmunka\\KANYR\\backend\\node_modules\\router\\lib\\layer.js:152:17)\n    at trimPrefix (C:\\Users\\SZ2\\Documents\\13.B\\Projektmunka\\KANYR\\backend\\node_modules\\router\\index.js:342:13)\n    at C:\\Users\\SZ2\\Documents\\13.B\\Projektmunka\\KANYR\\backend\\node_modules\\router\\index.js:297:9","timestamp":"2026-03-19 12:08:11.383","type":"error","url":"/api/diaks","userId":null}
{"duration":"33ms","environment":"development","ip":"::1","level":"info","message":"HTTP Request","method":"GET","service":"kanyr-backend","statusCode":404,"timestamp":"2026-03-19 12:08:11.402","type":"http","url":"/api/diaks","userAgent":"Mozilla/5.0 (Windows NT 10.0; Win64; x64) AppleWebKit/537.36 (KHTML, like Gecko) Chrome/146.0.0.0 Safari/537.36","userId":null}
{"environment":"development","error":{"details":null,"isOperational":true,"message":"Endpoint not found","name":"NotFoundError","requestId":"req-20260319-120818-XCTQ","stack":"NotFoundError: Endpoint not found\n    at C:\\Users\\SZ2\\Documents\\13.B\\Projektmunka\\KANYR\\backend\\app.js:289:13\n    at Layer.handleRequest (C:\\Users\\SZ2\\Documents\\13.B\\Projektmunka\\KANYR\\backend\\node_modules\\router\\lib\\layer.js:152:17)\n    at trimPrefix (C:\\Users\\SZ2\\Documents\\13.B\\Projektmunka\\KANYR\\backend\\node_modules\\router\\index.js:342:13)\n    at C:\\Users\\SZ2\\Documents\\13.B\\Projektmunka\\KANYR\\backend\\node_modules\\router\\index.js:297:9\n    at processParams (C:\\Users\\SZ2\\Documents\\13.B\\Projektmunka\\KANYR\\backend\\node_modules\\router\\index.js:582:12)\n    at next (C:\\Users\\SZ2\\Documents\\13.B\\Projektmunka\\KANYR\\backend\\node_modules\\router\\index.js:291:5)\n    at csrfProtectionMiddleware (C:\\Users\\SZ2\\Documents\\13.B\\Projektmunka\\KANYR\\backend\\middleware\\csrfMiddleware.js:154:14)\n    at Layer.handleRequest (C:\\Users\\SZ2\\Documents\\13.B\\Projektmunka\\KANYR\\backend\\node_modules\\router\\lib\\layer.js:152:17)\n    at trimPrefix (C:\\Users\\SZ2\\Documents\\13.B\\Projektmunka\\KANYR\\backend\\node_modules\\router\\index.js:342:13)\n    at C:\\Users\\SZ2\\Documents\\13.B\\Projektmunka\\KANYR\\backend\\node_modules\\router\\index.js:297:9","status":"fail","statusCode":404,"timestamp":"2026-03-19T11:08:18.075Z","userId":null},"ip":"::1","level":"error","message":"Endpoint not found","method":"GET","service":"kanyr-backend","stack":"NotFoundError: Endpoint not found\n    at C:\\Users\\SZ2\\Documents\\13.B\\Projektmunka\\KANYR\\backend\\app.js:289:13\n    at Layer.handleRequest (C:\\Users\\SZ2\\Documents\\13.B\\Projektmunka\\KANYR\\backend\\node_modules\\router\\lib\\layer.js:152:17)\n    at trimPrefix (C:\\Users\\SZ2\\Documents\\13.B\\Projektmunka\\KANYR\\backend\\node_modules\\router\\index.js:342:13)\n    at C:\\Users\\SZ2\\Documents\\13.B\\Projektmunka\\KANYR\\backend\\node_modules\\router\\index.js:297:9\n    at processParams (C:\\Users\\SZ2\\Documents\\13.B\\Projektmunka\\KANYR\\backend\\node_modules\\router\\index.js:582:12)\n    at next (C:\\Users\\SZ2\\Documents\\13.B\\Projektmunka\\KANYR\\backend\\node_modules\\router\\index.js:291:5)\n    at csrfProtectionMiddleware (C:\\Users\\SZ2\\Documents\\13.B\\Projektmunka\\KANYR\\backend\\middleware\\csrfMiddleware.js:154:14)\n    at Layer.handleRequest (C:\\Users\\SZ2\\Documents\\13.B\\Projektmunka\\KANYR\\backend\\node_modules\\router\\lib\\layer.js:152:17)\n    at trimPrefix (C:\\Users\\SZ2\\Documents\\13.B\\Projektmunka\\KANYR\\backend\\node_modules\\router\\index.js:342:13)\n    at C:\\Users\\SZ2\\Documents\\13.B\\Projektmunka\\KANYR\\backend\\node_modules\\router\\index.js:297:9","timestamp":"2026-03-19 12:08:18.076","type":"error","url":"/api/diaks/statistics","userId":null}
{"duration":"5ms","environment":"development","ip":"::1","level":"info","message":"HTTP Request","method":"GET","service":"kanyr-backend","statusCode":404,"timestamp":"2026-03-19 12:08:18.079","type":"http","url":"/api/diaks/statistics","userAgent":"Mozilla/5.0 (Windows NT 10.0; Win64; x64) AppleWebKit/537.36 (KHTML, like Gecko) Chrome/146.0.0.0 Safari/537.36","userId":null}
{"environment":"development","level":"debug","message":"SQL Query","service":"kanyr-backend","sql":"Executing (default): SELECT `user_id`, `username`, `email`, `password`, `admin`, `diak_id`, `token_version`, `last_password_change`, `security_flags`, `deleted_at`, `created_at`, `updated_at` FROM `felhasznalos` AS `Felhasznalo` WHERE (`Felhasznalo`.`deleted_at` IS NULL AND `Felhasznalo`.`email` = 'admin@kanyr.hu');","timestamp":"2026-03-19 12:14:46.334","type":"database"}
{"duration":"74ms","environment":"development","ip":"::1","level":"info","message":"HTTP Request","method":"POST","service":"kanyr-backend","statusCode":200,"timestamp":"2026-03-19 12:14:46.406","type":"http","url":"/api/auth/login","userAgent":"Mozilla/5.0 (Windows NT 10.0; Win64; x64) AppleWebKit/537.36 (KHTML, like Gecko) Chrome/146.0.0.0 Safari/537.36","userId":null}
{"environment":"development","error":{"details":null,"isOperational":true,"message":"Endpoint not found","name":"NotFoundError","requestId":"req-20260319-121446-K6AM","stack":"NotFoundError: Endpoint not found\n    at C:\\Users\\SZ2\\Documents\\13.B\\Projektmunka\\KANYR\\backend\\app.js:289:13\n    at Layer.handleRequest (C:\\Users\\SZ2\\Documents\\13.B\\Projektmunka\\KANYR\\backend\\node_modules\\router\\lib\\layer.js:152:17)\n    at trimPrefix (C:\\Users\\SZ2\\Documents\\13.B\\Projektmunka\\KANYR\\backend\\node_modules\\router\\index.js:342:13)\n    at C:\\Users\\SZ2\\Documents\\13.B\\Projektmunka\\KANYR\\backend\\node_modules\\router\\index.js:297:9\n    at processParams (C:\\Users\\SZ2\\Documents\\13.B\\Projektmunka\\KANYR\\backend\\node_modules\\router\\index.js:582:12)\n    at next (C:\\Users\\SZ2\\Documents\\13.B\\Projektmunka\\KANYR\\backend\\node_modules\\router\\index.js:291:5)\n    at csrfProtectionMiddleware (C:\\Users\\SZ2\\Documents\\13.B\\Projektmunka\\KANYR\\backend\\middleware\\csrfMiddleware.js:154:14)\n    at Layer.handleRequest (C:\\Users\\SZ2\\Documents\\13.B\\Projektmunka\\KANYR\\backend\\node_modules\\router\\lib\\layer.js:152:17)\n    at trimPrefix (C:\\Users\\SZ2\\Documents\\13.B\\Projektmunka\\KANYR\\backend\\node_modules\\router\\index.js:342:13)\n    at C:\\Users\\SZ2\\Documents\\13.B\\Projektmunka\\KANYR\\backend\\node_modules\\router\\index.js:297:9","status":"fail","statusCode":404,"timestamp":"2026-03-19T11:14:46.814Z","userId":null},"ip":"::1","level":"error","message":"Endpoint not found","method":"GET","service":"kanyr-backend","stack":"NotFoundError: Endpoint not found\n    at C:\\Users\\SZ2\\Documents\\13.B\\Projektmunka\\KANYR\\backend\\app.js:289:13\n    at Layer.handleRequest (C:\\Users\\SZ2\\Documents\\13.B\\Projektmunka\\KANYR\\backend\\node_modules\\router\\lib\\layer.js:152:17)\n    at trimPrefix (C:\\Users\\SZ2\\Documents\\13.B\\Projektmunka\\KANYR\\backend\\node_modules\\router\\index.js:342:13)\n    at C:\\Users\\SZ2\\Documents\\13.B\\Projektmunka\\KANYR\\backend\\node_modules\\router\\index.js:297:9\n    at processParams (C:\\Users\\SZ2\\Documents\\13.B\\Projektmunka\\KANYR\\backend\\node_modules\\router\\index.js:582:12)\n    at next (C:\\Users\\SZ2\\Documents\\13.B\\Projektmunka\\KANYR\\backend\\node_modules\\router\\index.js:291:5)\n    at csrfProtectionMiddleware (C:\\Users\\SZ2\\Documents\\13.B\\Projektmunka\\KANYR\\backend\\middleware\\csrfMiddleware.js:154:14)\n    at Layer.handleRequest (C:\\Users\\SZ2\\Documents\\13.B\\Projektmunka\\KANYR\\backend\\node_modules\\router\\lib\\layer.js:152:17)\n    at trimPrefix (C:\\Users\\SZ2\\Documents\\13.B\\Projektmunka\\KANYR\\backend\\node_modules\\router\\index.js:342:13)\n    at C:\\Users\\SZ2\\Documents\\13.B\\Projektmunka\\KANYR\\backend\\node_modules\\router\\index.js:297:9","timestamp":"2026-03-19 12:14:46.814","type":"error","url":"/api/diaks/statistics","userId":null}
{"duration":"2ms","environment":"development","ip":"::1","level":"info","message":"HTTP Request","method":"GET","service":"kanyr-backend","statusCode":404,"timestamp":"2026-03-19 12:14:46.816","type":"http","url":"/api/diaks/statistics","userAgent":"Mozilla/5.0 (Windows NT 10.0; Win64; x64) AppleWebKit/537.36 (KHTML, like Gecko) Chrome/146.0.0.0 Safari/537.36","userId":null}
{"environment":"development","level":"debug","message":"SQL Query","service":"kanyr-backend","sql":"Executing (default): SELECT `id`, `token`, `user_id`, `expires_at`, `revoked_at` FROM `revoked_tokens` AS `RevokedToken` WHERE `RevokedToken`.`token` = 'eyJhbGciOiJIUzI1NiIsInR5cCI6IkpXVCJ9.eyJkYXRhIjoiVUhpRlk1UVAxUzVEV1VkZ1VQVjhEUT09Oi9tZXE2enkrd1R6T0hsWTRLWUJtbEE9PTpsTUFTcTkydmp1RmlINUEvZmdHcSs2aHBBaDh0aVRHbUNWOGg2S09WMzVGMWs4Z3hIbmZ4dzVHaE9mRWxrTk1JMDBRQ0l5WXYyZEtmQ1NCQ0dWeVhFYmQrRzYyUTdUTUhXMFZmMXl4blJvZ0xmNDl6TFNzPSIsImlhdCI6MTc3MzkxODg4NiwiZXhwIjoxNzc0MDA1Mjg2fQ.VAIm4WIwcNKJZYRQB5SoyrfI3HATkek21g4ntNKixYI' LIMIT 1;","timestamp":"2026-03-19 12:14:46.848","type":"database"}
{"environment":"development","error":{"details":null,"isOperational":true,"message":"Endpoint not found","name":"NotFoundError","requestId":"req-20260319-121446-WR0J","stack":"NotFoundError: Endpoint not found\n    at C:\\Users\\SZ2\\Documents\\13.B\\Projektmunka\\KANYR\\backend\\app.js:289:13\n    at Layer.handleRequest (C:\\Users\\SZ2\\Documents\\13.B\\Projektmunka\\KANYR\\backend\\node_modules\\router\\lib\\layer.js:152:17)\n    at trimPrefix (C:\\Users\\SZ2\\Documents\\13.B\\Projektmunka\\KANYR\\backend\\node_modules\\router\\index.js:342:13)\n    at C:\\Users\\SZ2\\Documents\\13.B\\Projektmunka\\KANYR\\backend\\node_modules\\router\\index.js:297:9\n    at processParams (C:\\Users\\SZ2\\Documents\\13.B\\Projektmunka\\KANYR\\backend\\node_modules\\router\\index.js:582:12)\n    at next (C:\\Users\\SZ2\\Documents\\13.B\\Projektmunka\\KANYR\\backend\\node_modules\\router\\index.js:291:5)\n    at csrfProtectionMiddleware (C:\\Users\\SZ2\\Documents\\13.B\\Projektmunka\\KANYR\\backend\\middleware\\csrfMiddleware.js:154:14)\n    at Layer.handleRequest (C:\\Users\\SZ2\\Documents\\13.B\\Projektmunka\\KANYR\\backend\\node_modules\\router\\lib\\layer.js:152:17)\n    at trimPrefix (C:\\Users\\SZ2\\Documents\\13.B\\Projektmunka\\KANYR\\backend\\node_modules\\router\\index.js:342:13)\n    at C:\\Users\\SZ2\\Documents\\13.B\\Projektmunka\\KANYR\\backend\\node_modules\\router\\index.js:297:9","status":"fail","statusCode":404,"timestamp":"2026-03-19T11:14:46.864Z","userId":null},"ip":"::1","level":"error","message":"Endpoint not found","method":"GET","service":"kanyr-backend","stack":"NotFoundError: Endpoint not found\n    at C:\\Users\\SZ2\\Documents\\13.B\\Projektmunka\\KANYR\\backend\\app.js:289:13\n    at Layer.handleRequest (C:\\Users\\SZ2\\Documents\\13.B\\Projektmunka\\KANYR\\backend\\node_modules\\router\\lib\\layer.js:152:17)\n    at trimPrefix (C:\\Users\\SZ2\\Documents\\13.B\\Projektmunka\\KANYR\\backend\\node_modules\\router\\index.js:342:13)\n    at C:\\Users\\SZ2\\Documents\\13.B\\Projektmunka\\KANYR\\backend\\node_modules\\router\\index.js:297:9\n    at processParams (C:\\Users\\SZ2\\Documents\\13.B\\Projektmunka\\KANYR\\backend\\node_modules\\router\\index.js:582:12)\n    at next (C:\\Users\\SZ2\\Documents\\13.B\\Projektmunka\\KANYR\\backend\\node_modules\\router\\index.js:291:5)\n    at csrfProtectionMiddleware (C:\\Users\\SZ2\\Documents\\13.B\\Projektmunka\\KANYR\\backend\\middleware\\csrfMiddleware.js:154:14)\n    at Layer.handleRequest (C:\\Users\\SZ2\\Documents\\13.B\\Projektmunka\\KANYR\\backend\\node_modules\\router\\lib\\layer.js:152:17)\n    at trimPrefix (C:\\Users\\SZ2\\Documents\\13.B\\Projektmunka\\KANYR\\backend\\node_modules\\router\\index.js:342:13)\n    at C:\\Users\\SZ2\\Documents\\13.B\\Projektmunka\\KANYR\\backend\\node_modules\\router\\index.js:297:9","timestamp":"2026-03-19 12:14:46.865","type":"error","url":"/api/szobavaltoztatas/admin/notifications","userId":null}
{"duration":"5ms","environment":"development","ip":"::1","level":"info","message":"HTTP Request","method":"GET","service":"kanyr-backend","statusCode":404,"timestamp":"2026-03-19 12:14:46.881","type":"http","url":"/api/szobavaltoztatas/admin/notifications","userAgent":"Mozilla/5.0 (Windows NT 10.0; Win64; x64) AppleWebKit/537.36 (KHTML, like Gecko) Chrome/146.0.0.0 Safari/537.36","userId":null}
{"environment":"development","level":"debug","message":"SQL Query","service":"kanyr-backend","sql":"Executing (default): SELECT `user_id`, `username`, `email`, `password`, `admin`, `diak_id`, `token_version`, `last_password_change`, `security_flags`, `deleted_at`, `created_at`, `updated_at` FROM `felhasznalos` AS `Felhasznalo` WHERE (`Felhasznalo`.`deleted_at` IS NULL AND `Felhasznalo`.`user_id` = 1);","timestamp":"2026-03-19 12:14:46.899","type":"database"}
{"duration":"92ms","environment":"development","ip":"::1","level":"info","message":"HTTP Request","method":"GET","service":"kanyr-backend","statusCode":304,"timestamp":"2026-03-19 12:14:46.914","type":"http","url":"/api/auth/me","userAgent":"Mozilla/5.0 (Windows NT 10.0; Win64; x64) AppleWebKit/537.36 (KHTML, like Gecko) Chrome/146.0.0.0 Safari/537.36","userId":null}
{"environment":"development","level":"debug","message":"SQL Query","service":"kanyr-backend","sql":"Executing (default): SELECT `id`, `token`, `user_id`, `expires_at`, `revoked_at` FROM `revoked_tokens` AS `RevokedToken` WHERE `RevokedToken`.`token` = 'eyJhbGciOiJIUzI1NiIsInR5cCI6IkpXVCJ9.eyJkYXRhIjoiVUhpRlk1UVAxUzVEV1VkZ1VQVjhEUT09Oi9tZXE2enkrd1R6T0hsWTRLWUJtbEE9PTpsTUFTcTkydmp1RmlINUEvZmdHcSs2aHBBaDh0aVRHbUNWOGg2S09WMzVGMWs4Z3hIbmZ4dzVHaE9mRWxrTk1JMDBRQ0l5WXYyZEtmQ1NCQ0dWeVhFYmQrRzYyUTdUTUhXMFZmMXl4blJvZ0xmNDl6TFNzPSIsImlhdCI6MTc3MzkxODg4NiwiZXhwIjoxNzc0MDA1Mjg2fQ.VAIm4WIwcNKJZYRQB5SoyrfI3HATkek21g4ntNKixYI' LIMIT 1;","timestamp":"2026-03-19 12:14:48.294","type":"database"}
{"environment":"development","level":"debug","message":"SQL Query","service":"kanyr-backend","sql":"Executing (default): SELECT `user_id`, `username`, `email`, `password`, `admin`, `diak_id`, `token_version`, `last_password_change`, `security_flags`, `deleted_at`, `created_at`, `updated_at` FROM `felhasznalos` AS `Felhasznalo` WHERE (`Felhasznalo`.`deleted_at` IS NULL AND `Felhasznalo`.`user_id` = 1);","timestamp":"2026-03-19 12:14:48.311","type":"database"}
{"environment":"development","level":"debug","message":"SQL Query","service":"kanyr-backend","sql":"Executing (default): SELECT `Notification`.`notification_id`, `Notification`.`diak_id`, `Notification`.`szoba_valtoztatas_id`, `Notification`.`tipus`, `Notification`.`uzenet`, `Notification`.`elolvasva`, `Notification`.`deleted_at`, `Notification`.`created_at`, `Notification`.`updated_at`, `diak`.`diak_id` AS `diak.diak_id`, `diak`.`nev` AS `diak.nev`, `diak`.`email` AS `diak.email`, `diak`.`telefonszam` AS `diak.telefonszam`, `szoba_valtoztatas`.`valtoztatas_id` AS `szoba_valtoztatas.valtoztatas_id`, `szoba_valtoztatas`.`diak_id` AS `szoba_valtoztatas.diak_id`, `szoba_valtoztatas`.`jelenlegi_szoba_id` AS `szoba_valtoztatas.jelenlegi_szoba_id`, `szoba_valtoztatas`.`kivant_szoba_id` AS `szoba_valtoztatas.kivant_szoba_id`, `szoba_valtoztatas`.`statusz` AS `szoba_valtoztatas.statusz`, `szoba_valtoztatas`.`indok` AS `szoba_valtoztatas.indok`, `szoba_valtoztatas`.`academic_year` AS `szoba_valtoztatas.academic_year`, `szoba_valtoztatas`.`semester_count` AS `szoba_valtoztatas.semester_count`, `szoba_valtoztatas`.`deleted_at` AS `szoba_valtoztatas.deleted_at`, `szoba_valtoztatas`.`created_at` AS `szoba_valtoztatas.created_at`, `szoba_valtoztatas`.`updated_at` AS `szoba_valtoztatas.updated_at`, `szoba_valtoztatas->jelenlegi_szoba`.`szoba_id` AS `szoba_valtoztatas.jelenlegi_szoba.szoba_id`, `szoba_valtoztatas->jelenlegi_szoba`.`szoba_szama` AS `szoba_valtoztatas.jelenlegi_szoba.szoba_szama`, `szoba_valtoztatas->kivant_szoba`.`szoba_id` AS `szoba_valtoztatas.kivant_szoba.szoba_id`, `szoba_valtoztatas->kivant_szoba`.`szoba_szama` AS `szoba_valtoztatas.kivant_szoba.szoba_szama` FROM `notifications` AS `Notification` LEFT OUTER JOIN `diaks` AS `diak` ON `Notification`.`diak_id` = `diak`.`diak_id` AND (`diak`.`deleted_at` IS NULL) LEFT OUTER JOIN `szobavaltoztatas` AS `szoba_valtoztatas` ON `Notification`.`szoba_valtoztatas_id` = `szoba_valtoztatas`.`valtoztatas_id` AND (`szoba_valtoztatas`.`deleted_at` IS NULL) LEFT OUTER JOIN `szobas` AS `szoba_valtoztatas->jelenlegi_szoba` ON `szoba_valtoztatas`.`jelenlegi_szoba_id` = `szoba_valtoztatas->jelenlegi_szoba`.`szoba_id` AND (`szoba_valtoztatas->jelenlegi_szoba`.`deleted_at` IS NULL) LEFT OUTER JOIN `szobas` AS `szoba_valtoztatas->kivant_szoba` ON `szoba_valtoztatas`.`kivant_szoba_id` = `szoba_valtoztatas->kivant_szoba`.`szoba_id` AND (`szoba_valtoztatas->kivant_szoba`.`deleted_at` IS NULL) WHERE (`Notification`.`deleted_at` IS NULL) ORDER BY `Notification`.`created_at` DESC;","timestamp":"2026-03-19 12:14:48.396","type":"database"}
{"duration":"170ms","environment":"development","ip":"::1","level":"info","message":"HTTP Request","method":"GET","service":"kanyr-backend","statusCode":200,"timestamp":"2026-03-19 12:14:48.449","type":"http","url":"/api/room-changes/admin/notifications","userAgent":"Mozilla/5.0 (Windows NT 10.0; Win64; x64) AppleWebKit/537.36 (KHTML, like Gecko) Chrome/146.0.0.0 Safari/537.36","userId":null}
{"environment":"development","level":"debug","message":"SQL Query","service":"kanyr-backend","sql":"Executing (default): SELECT `id`, `token`, `user_id`, `expires_at`, `revoked_at` FROM `revoked_tokens` AS `RevokedToken` WHERE `RevokedToken`.`token` = 'eyJhbGciOiJIUzI1NiIsInR5cCI6IkpXVCJ9.eyJkYXRhIjoiVUhpRlk1UVAxUzVEV1VkZ1VQVjhEUT09Oi9tZXE2enkrd1R6T0hsWTRLWUJtbEE9PTpsTUFTcTkydmp1RmlINUEvZmdHcSs2aHBBaDh0aVRHbUNWOGg2S09WMzVGMWs4Z3hIbmZ4dzVHaE9mRWxrTk1JMDBRQ0l5WXYyZEtmQ1NCQ0dWeVhFYmQrRzYyUTdUTUhXMFZmMXl4blJvZ0xmNDl6TFNzPSIsImlhdCI6MTc3MzkxODg4NiwiZXhwIjoxNzc0MDA1Mjg2fQ.VAIm4WIwcNKJZYRQB5SoyrfI3HATkek21g4ntNKixYI' LIMIT 1;","timestamp":"2026-03-19 12:14:50.678","type":"database"}
{"environment":"development","level":"debug","message":"SQL Query","service":"kanyr-backend","sql":"Executing (default): SELECT `user_id`, `username`, `email`, `password`, `admin`, `diak_id`, `token_version`, `last_password_change`, `security_flags`, `deleted_at`, `created_at`, `updated_at` FROM `felhasznalos` AS `Felhasznalo` WHERE (`Felhasznalo`.`deleted_at` IS NULL AND `Felhasznalo`.`user_id` = 1);","timestamp":"2026-03-19 12:14:50.748","type":"database"}
{"environment":"development","level":"debug","message":"SQL Query","service":"kanyr-backend","sql":"Executing (default): SELECT count(*) AS `count` FROM `diaks` AS `Diak` WHERE (`Diak`.`deleted_at` IS NULL);","timestamp":"2026-03-19 12:14:50.852","type":"database"}
{"environment":"development","level":"debug","message":"SQL Query","service":"kanyr-backend","sql":"Executing (default): SELECT `Diak`.*, `szulo`.`szulo_id` AS `szulo.szulo_id`, `szulo`.`nev` AS `szulo.nev`, `szulo`.`email` AS `szulo.email`, `szulo`.`telefonszam` AS `szulo.telefonszam`, `szulo`.`szemelyi_igazolvany_szam` AS `szulo.szemelyi_igazolvany_szam`, `szulo`.`cim_id` AS `szulo.cim_id`, `szulo`.`deleted_at` AS `szulo.deleted_at`, `szulo`.`created_at` AS `szulo.created_at`, `szulo`.`updated_at` AS `szulo.updated_at`, `szulo->lakcim`.`cim_id` AS `szulo.lakcim.cim_id`, `szulo->lakcim`.`orszag` AS `szulo.lakcim.orszag`, `szulo->lakcim`.`iranyitoszam` AS `szulo.lakcim.iranyitoszam`, `szulo->lakcim`.`varos` AS `szulo.lakcim.varos`, `szulo->lakcim`.`utca_hazszam` AS `szulo.lakcim.utca_hazszam`, `szulo->lakcim`.`deleted_at` AS `szulo.lakcim.deleted_at`, `szulo->lakcim`.`created_at` AS `szulo.lakcim.created_at`, `szulo->lakcim`.`updated_at` AS `szulo.lakcim.updated_at`, `lakcim`.`cim_id` AS `lakcim.cim_id`, `lakcim`.`orszag` AS `lakcim.orszag`, `lakcim`.`iranyitoszam` AS `lakcim.iranyitoszam`, `lakcim`.`varos` AS `lakcim.varos`, `lakcim`.`utca_hazszam` AS `lakcim.utca_hazszam`, `lakcim`.`deleted_at` AS `lakcim.deleted_at`, `lakcim`.`created_at` AS `lakcim.created_at`, `lakcim`.`updated_at` AS `lakcim.updated_at`, `bekoltozesek`.`bekoltozes_id` AS `bekoltozesek.bekoltozes_id`, `bekoltozesek`.`diak_id` AS `bekoltozesek.diak_id`, `bekoltozesek`.`szoba_id` AS `bekoltozesek.szoba_id`, `bekoltozesek`.`bekoltozes_datum` AS `bekoltozesek.bekoltozes_datum`, `bekoltozesek`.`kikoltozes_datum` AS `bekoltozesek.kikoltozes_datum`, `bekoltozesek`.`deleted_at` AS `bekoltozesek.deleted_at`, `bekoltozesek`.`created_at` AS `bekoltozesek.created_at`, `bekoltozesek`.`updated_at` AS `bekoltozesek.updated_at`, `bekoltozesek->szoba`.`szoba_id` AS `bekoltozesek.szoba.szoba_id`, `bekoltozesek->szoba`.`szoba_szama` AS `bekoltozesek.szoba.szoba_szama`, `bekoltozesek->szoba`.`osszes_hely` AS `bekoltozesek.szoba.osszes_hely`, `bekoltozesek->szoba`.`deleted_at` AS `bekoltozesek.szoba.deleted_at`, `bekoltozesek->szoba`.`created_at` AS `bekoltozesek.szoba.created_at`, `bekoltozesek->szoba`.`updated_at` AS `bekoltozesek.szoba.updated_at` FROM (SELECT `Diak`.`diak_id`, `Diak`.`nev`, `Diak`.`email`, `Diak`.`telefonszam`, `Diak`.`szuletesi_datum`, `Diak`.`szemelyi_igazolvany_szam`, `Diak`.`taj_szam`, `Diak`.`diakigazolvany_szam`, `Diak`.`szulo_id`, `Diak`.`kapcsolat_tipusa`, `Diak`.`cim_id`, `Diak`.`nem`, `Diak`.`deleted_at`, `Diak`.`created_at`, `Diak`.`updated_at` FROM `diaks` AS `Diak` WHERE `Diak`.`deleted_at` IS NULL ORDER BY `Diak`.`nev` ASC LIMIT 0, 50) AS `Diak` LEFT OUTER JOIN `szulos` AS `szulo` ON `Diak`.`szulo_id` = `szulo`.`szulo_id` AND (`szulo`.`deleted_at` IS NULL) LEFT OUTER JOIN `lakcims` AS `szulo->lakcim` ON `szulo`.`cim_id` = `szulo->lakcim`.`cim_id` AND (`szulo->lakcim`.`deleted_at` IS NULL) LEFT OUTER JOIN `lakcims` AS `lakcim` ON `Diak`.`cim_id` = `lakcim`.`cim_id` AND (`lakcim`.`deleted_at` IS NULL) LEFT OUTER JOIN `szoba_bekoltozes` AS `bekoltozesek` ON `Diak`.`diak_id` = `bekoltozesek`.`diak_id` AND (`bekoltozesek`.`deleted_at` IS NULL) LEFT OUTER JOIN `szobas` AS `bekoltozesek->szoba` ON `bekoltozesek`.`szoba_id` = `bekoltozesek->szoba`.`szoba_id` AND (`bekoltozesek->szoba`.`deleted_at` IS NULL) ORDER BY `Diak`.`nev` ASC;","timestamp":"2026-03-19 12:14:50.900","type":"database"}
{"duration":"269ms","environment":"development","ip":"::1","level":"info","message":"HTTP Request","method":"GET","service":"kanyr-backend","statusCode":200,"timestamp":"2026-03-19 12:14:50.936","type":"http","url":"/api/students?includeRelations=true","userAgent":"Mozilla/5.0 (Windows NT 10.0; Win64; x64) AppleWebKit/537.36 (KHTML, like Gecko) Chrome/146.0.0.0 Safari/537.36","userId":null}
{"environment":"development","error":{"details":null,"isOperational":true,"message":"Endpoint not found","name":"NotFoundError","requestId":"req-20260319-121500-22R6","stack":"NotFoundError: Endpoint not found\n    at C:\\Users\\SZ2\\Documents\\13.B\\Projektmunka\\KANYR\\backend\\app.js:289:13\n    at Layer.handleRequest (C:\\Users\\SZ2\\Documents\\13.B\\Projektmunka\\KANYR\\backend\\node_modules\\router\\lib\\layer.js:152:17)\n    at trimPrefix (C:\\Users\\SZ2\\Documents\\13.B\\Projektmunka\\KANYR\\backend\\node_modules\\router\\index.js:342:13)\n    at C:\\Users\\SZ2\\Documents\\13.B\\Projektmunka\\KANYR\\backend\\node_modules\\router\\index.js:297:9\n    at processParams (C:\\Users\\SZ2\\Documents\\13.B\\Projektmunka\\KANYR\\backend\\node_modules\\router\\index.js:582:12)\n    at next (C:\\Users\\SZ2\\Documents\\13.B\\Projektmunka\\KANYR\\backend\\node_modules\\router\\index.js:291:5)\n    at csrfProtectionMiddleware (C:\\Users\\SZ2\\Documents\\13.B\\Projektmunka\\KANYR\\backend\\middleware\\csrfMiddleware.js:154:14)\n    at Layer.handleRequest (C:\\Users\\SZ2\\Documents\\13.B\\Projektmunka\\KANYR\\backend\\node_modules\\router\\lib\\layer.js:152:17)\n    at trimPrefix (C:\\Users\\SZ2\\Documents\\13.B\\Projektmunka\\KANYR\\backend\\node_modules\\router\\index.js:342:13)\n    at C:\\Users\\SZ2\\Documents\\13.B\\Projektmunka\\KANYR\\backend\\node_modules\\router\\index.js:297:9","status":"fail","statusCode":404,"timestamp":"2026-03-19T11:15:00.158Z","userId":null},"ip":"::1","level":"error","message":"Endpoint not found","method":"GET","service":"kanyr-backend","stack":"NotFoundError: Endpoint not found\n    at C:\\Users\\SZ2\\Documents\\13.B\\Projektmunka\\KANYR\\backend\\app.js:289:13\n    at Layer.handleRequest (C:\\Users\\SZ2\\Documents\\13.B\\Projektmunka\\KANYR\\backend\\node_modules\\router\\lib\\layer.js:152:17)\n    at trimPrefix (C:\\Users\\SZ2\\Documents\\13.B\\Projektmunka\\KANYR\\backend\\node_modules\\router\\index.js:342:13)\n    at C:\\Users\\SZ2\\Documents\\13.B\\Projektmunka\\KANYR\\backend\\node_modules\\router\\index.js:297:9\n    at processParams (C:\\Users\\SZ2\\Documents\\13.B\\Projektmunka\\KANYR\\backend\\node_modules\\router\\index.js:582:12)\n    at next (C:\\Users\\SZ2\\Documents\\13.B\\Projektmunka\\KANYR\\backend\\node_modules\\router\\index.js:291:5)\n    at csrfProtectionMiddleware (C:\\Users\\SZ2\\Documents\\13.B\\Projektmunka\\KANYR\\backend\\middleware\\csrfMiddleware.js:154:14)\n    at Layer.handleRequest (C:\\Users\\SZ2\\Documents\\13.B\\Projektmunka\\KANYR\\backend\\node_modules\\router\\lib\\layer.js:152:17)\n    at trimPrefix (C:\\Users\\SZ2\\Documents\\13.B\\Projektmunka\\KANYR\\backend\\node_modules\\router\\index.js:342:13)\n    at C:\\Users\\SZ2\\Documents\\13.B\\Projektmunka\\KANYR\\backend\\node_modules\\router\\index.js:297:9","timestamp":"2026-03-19 12:15:00.159","type":"error","url":"/api/szulos","userId":null}
{"duration":"17ms","environment":"development","ip":"::1","level":"info","message":"HTTP Request","method":"GET","service":"kanyr-backend","statusCode":404,"timestamp":"2026-03-19 12:15:00.176","type":"http","url":"/api/szulos","userAgent":"Mozilla/5.0 (Windows NT 10.0; Win64; x64) AppleWebKit/537.36 (KHTML, like Gecko) Chrome/146.0.0.0 Safari/537.36","userId":null}
{"environment":"development","level":"debug","message":"SQL Query","service":"kanyr-backend","sql":"Executing (default): SELECT `id`, `token`, `user_id`, `expires_at`, `revoked_at` FROM `revoked_tokens` AS `RevokedToken` WHERE `RevokedToken`.`token` = 'eyJhbGciOiJIUzI1NiIsInR5cCI6IkpXVCJ9.eyJkYXRhIjoiVUhpRlk1UVAxUzVEV1VkZ1VQVjhEUT09Oi9tZXE2enkrd1R6T0hsWTRLWUJtbEE9PTpsTUFTcTkydmp1RmlINUEvZmdHcSs2aHBBaDh0aVRHbUNWOGg2S09WMzVGMWs4Z3hIbmZ4dzVHaE9mRWxrTk1JMDBRQ0l5WXYyZEtmQ1NCQ0dWeVhFYmQrRzYyUTdUTUhXMFZmMXl4blJvZ0xmNDl6TFNzPSIsImlhdCI6MTc3MzkxODg4NiwiZXhwIjoxNzc0MDA1Mjg2fQ.VAIm4WIwcNKJZYRQB5SoyrfI3HATkek21g4ntNKixYI' LIMIT 1;","timestamp":"2026-03-19 12:15:08.343","type":"database"}
{"environment":"development","error":{"details":null,"isOperational":true,"message":"Endpoint not found","name":"NotFoundError","requestId":"req-20260319-121508-0ZGH","stack":"NotFoundError: Endpoint not found\n    at C:\\Users\\SZ2\\Documents\\13.B\\Projektmunka\\KANYR\\backend\\app.js:289:13\n    at Layer.handleRequest (C:\\Users\\SZ2\\Documents\\13.B\\Projektmunka\\KANYR\\backend\\node_modules\\router\\lib\\layer.js:152:17)\n    at trimPrefix (C:\\Users\\SZ2\\Documents\\13.B\\Projektmunka\\KANYR\\backend\\node_modules\\router\\index.js:342:13)\n    at C:\\Users\\SZ2\\Documents\\13.B\\Projektmunka\\KANYR\\backend\\node_modules\\router\\index.js:297:9\n    at processParams (C:\\Users\\SZ2\\Documents\\13.B\\Projektmunka\\KANYR\\backend\\node_modules\\router\\index.js:582:12)\n    at next (C:\\Users\\SZ2\\Documents\\13.B\\Projektmunka\\KANYR\\backend\\node_modules\\router\\index.js:291:5)\n    at csrfProtectionMiddleware (C:\\Users\\SZ2\\Documents\\13.B\\Projektmunka\\KANYR\\backend\\middleware\\csrfMiddleware.js:154:14)\n    at Layer.handleRequest (C:\\Users\\SZ2\\Documents\\13.B\\Projektmunka\\KANYR\\backend\\node_modules\\router\\lib\\layer.js:152:17)\n    at trimPrefix (C:\\Users\\SZ2\\Documents\\13.B\\Projektmunka\\KANYR\\backend\\node_modules\\router\\index.js:342:13)\n    at C:\\Users\\SZ2\\Documents\\13.B\\Projektmunka\\KANYR\\backend\\node_modules\\router\\index.js:297:9","status":"fail","statusCode":404,"timestamp":"2026-03-19T11:15:08.346Z","userId":null},"ip":"::1","level":"error","message":"Endpoint not found","method":"GET","service":"kanyr-backend","stack":"NotFoundError: Endpoint not found\n    at C:\\Users\\SZ2\\Documents\\13.B\\Projektmunka\\KANYR\\backend\\app.js:289:13\n    at Layer.handleRequest (C:\\Users\\SZ2\\Documents\\13.B\\Projektmunka\\KANYR\\backend\\node_modules\\router\\lib\\layer.js:152:17)\n    at trimPrefix (C:\\Users\\SZ2\\Documents\\13.B\\Projektmunka\\KANYR\\backend\\node_modules\\router\\index.js:342:13)\n    at C:\\Users\\SZ2\\Documents\\13.B\\Projektmunka\\KANYR\\backend\\node_modules\\router\\index.js:297:9\n    at processParams (C:\\Users\\SZ2\\Documents\\13.B\\Projektmunka\\KANYR\\backend\\node_modules\\router\\index.js:582:12)\n    at next (C:\\Users\\SZ2\\Documents\\13.B\\Projektmunka\\KANYR\\backend\\node_modules\\router\\index.js:291:5)\n    at csrfProtectionMiddleware (C:\\Users\\SZ2\\Documents\\13.B\\Projektmunka\\KANYR\\backend\\middleware\\csrfMiddleware.js:154:14)\n    at Layer.handleRequest (C:\\Users\\SZ2\\Documents\\13.B\\Projektmunka\\KANYR\\backend\\node_modules\\router\\lib\\layer.js:152:17)\n    at trimPrefix (C:\\Users\\SZ2\\Documents\\13.B\\Projektmunka\\KANYR\\backend\\node_modules\\router\\index.js:342:13)\n    at C:\\Users\\SZ2\\Documents\\13.B\\Projektmunka\\KANYR\\backend\\node_modules\\router\\index.js:297:9","timestamp":"2026-03-19 12:15:08.346","type":"error","url":"/api/diaks/statistics","userId":null}
{"duration":"3ms","environment":"development","ip":"::1","level":"info","message":"HTTP Request","method":"GET","service":"kanyr-backend","statusCode":404,"timestamp":"2026-03-19 12:15:08.348","type":"http","url":"/api/diaks/statistics","userAgent":"Mozilla/5.0 (Windows NT 10.0; Win64; x64) AppleWebKit/537.36 (KHTML, like Gecko) Chrome/146.0.0.0 Safari/537.36","userId":null}
{"environment":"development","level":"debug","message":"SQL Query","service":"kanyr-backend","sql":"Executing (default): SELECT `id`, `token`, `user_id`, `expires_at`, `revoked_at` FROM `revoked_tokens` AS `RevokedToken` WHERE `RevokedToken`.`token` = 'eyJhbGciOiJIUzI1NiIsInR5cCI6IkpXVCJ9.eyJkYXRhIjoiVUhpRlk1UVAxUzVEV1VkZ1VQVjhEUT09Oi9tZXE2enkrd1R6T0hsWTRLWUJtbEE9PTpsTUFTcTkydmp1RmlINUEvZmdHcSs2aHBBaDh0aVRHbUNWOGg2S09WMzVGMWs4Z3hIbmZ4dzVHaE9mRWxrTk1JMDBRQ0l5WXYyZEtmQ1NCQ0dWeVhFYmQrRzYyUTdUTUhXMFZmMXl4blJvZ0xmNDl6TFNzPSIsImlhdCI6MTc3MzkxODg4NiwiZXhwIjoxNzc0MDA1Mjg2fQ.VAIm4WIwcNKJZYRQB5SoyrfI3HATkek21g4ntNKixYI' LIMIT 1;","timestamp":"2026-03-19 12:15:08.427","type":"database"}
{"environment":"development","level":"debug","message":"SQL Query","service":"kanyr-backend","sql":"Executing (default): SELECT `user_id`, `username`, `email`, `password`, `admin`, `diak_id`, `token_version`, `last_password_change`, `security_flags`, `deleted_at`, `created_at`, `updated_at` FROM `felhasznalos` AS `Felhasznalo` WHERE (`Felhasznalo`.`deleted_at` IS NULL AND `Felhasznalo`.`user_id` = 1);","timestamp":"2026-03-19 12:15:08.432","type":"database"}
{"environment":"development","level":"debug","message":"SQL Query","service":"kanyr-backend","sql":"Executing (default): SELECT `user_id`, `username`, `email`, `password`, `admin`, `diak_id`, `token_version`, `last_password_change`, `security_flags`, `deleted_at`, `created_at`, `updated_at` FROM `felhasznalos` AS `Felhasznalo` WHERE (`Felhasznalo`.`deleted_at` IS NULL AND `Felhasznalo`.`user_id` = 1);","timestamp":"2026-03-19 12:15:08.448","type":"database"}
{"environment":"development","level":"debug","message":"SQL Query","service":"kanyr-backend","sql":"Executing (default): SELECT `Notification`.`notification_id`, `Notification`.`diak_id`, `Notification`.`szoba_valtoztatas_id`, `Notification`.`tipus`, `Notification`.`uzenet`, `Notification`.`elolvasva`, `Notification`.`deleted_at`, `Notification`.`created_at`, `Notification`.`updated_at`, `diak`.`diak_id` AS `diak.diak_id`, `diak`.`nev` AS `diak.nev`, `diak`.`email` AS `diak.email`, `diak`.`telefonszam` AS `diak.telefonszam`, `szoba_valtoztatas`.`valtoztatas_id` AS `szoba_valtoztatas.valtoztatas_id`, `szoba_valtoztatas`.`diak_id` AS `szoba_valtoztatas.diak_id`, `szoba_valtoztatas`.`jelenlegi_szoba_id` AS `szoba_valtoztatas.jelenlegi_szoba_id`, `szoba_valtoztatas`.`kivant_szoba_id` AS `szoba_valtoztatas.kivant_szoba_id`, `szoba_valtoztatas`.`statusz` AS `szoba_valtoztatas.statusz`, `szoba_valtoztatas`.`indok` AS `szoba_valtoztatas.indok`, `szoba_valtoztatas`.`academic_year` AS `szoba_valtoztatas.academic_year`, `szoba_valtoztatas`.`semester_count` AS `szoba_valtoztatas.semester_count`, `szoba_valtoztatas`.`deleted_at` AS `szoba_valtoztatas.deleted_at`, `szoba_valtoztatas`.`created_at` AS `szoba_valtoztatas.created_at`, `szoba_valtoztatas`.`updated_at` AS `szoba_valtoztatas.updated_at`, `szoba_valtoztatas->jelenlegi_szoba`.`szoba_id` AS `szoba_valtoztatas.jelenlegi_szoba.szoba_id`, `szoba_valtoztatas->jelenlegi_szoba`.`szoba_szama` AS `szoba_valtoztatas.jelenlegi_szoba.szoba_szama`, `szoba_valtoztatas->kivant_szoba`.`szoba_id` AS `szoba_valtoztatas.kivant_szoba.szoba_id`, `szoba_valtoztatas->kivant_szoba`.`szoba_szama` AS `szoba_valtoztatas.kivant_szoba.szoba_szama` FROM `notifications` AS `Notification` LEFT OUTER JOIN `diaks` AS `diak` ON `Notification`.`diak_id` = `diak`.`diak_id` AND (`diak`.`deleted_at` IS NULL) LEFT OUTER JOIN `szobavaltoztatas` AS `szoba_valtoztatas` ON `Notification`.`szoba_valtoztatas_id` = `szoba_valtoztatas`.`valtoztatas_id` AND (`szoba_valtoztatas`.`deleted_at` IS NULL) LEFT OUTER JOIN `szobas` AS `szoba_valtoztatas->jelenlegi_szoba` ON `szoba_valtoztatas`.`jelenlegi_szoba_id` = `szoba_valtoztatas->jelenlegi_szoba`.`szoba_id` AND (`szoba_valtoztatas->jelenlegi_szoba`.`deleted_at` IS NULL) LEFT OUTER JOIN `szobas` AS `szoba_valtoztatas->kivant_szoba` ON `szoba_valtoztatas`.`kivant_szoba_id` = `szoba_valtoztatas->kivant_szoba`.`szoba_id` AND (`szoba_valtoztatas->kivant_szoba`.`deleted_at` IS NULL) WHERE (`Notification`.`deleted_at` IS NULL) ORDER BY `Notification`.`created_at` DESC;","timestamp":"2026-03-19 12:15:08.528","type":"database"}
{"duration":"143ms","environment":"development","ip":"::1","level":"info","message":"HTTP Request","method":"GET","service":"kanyr-backend","statusCode":304,"timestamp":"2026-03-19 12:15:08.530","type":"http","url":"/api/auth/me","userAgent":"Mozilla/5.0 (Windows NT 10.0; Win64; x64) AppleWebKit/537.36 (KHTML, like Gecko) Chrome/146.0.0.0 Safari/537.36","userId":null}
{"duration":"240ms","environment":"development","ip":"::1","level":"info","message":"HTTP Request","method":"GET","service":"kanyr-backend","statusCode":304,"timestamp":"2026-03-19 12:15:08.578","type":"http","url":"/api/room-changes/admin/notifications","userAgent":"Mozilla/5.0 (Windows NT 10.0; Win64; x64) AppleWebKit/537.36 (KHTML, like Gecko) Chrome/146.0.0.0 Safari/537.36","userId":null}
{"environment":"development","ip":"::1","key":"ip:::1","level":"warn","message":"Suspicious activity detected","method":"GET","path":"/api/room-changes/admin/notifications","requestCount":11,"service":"kanyr-backend","timestamp":"2026-03-19 12:15:09.378","userAgent":"Mozilla/5.0 (Windows NT 10.0; Win64; x64) AppleWebKit/537.36 (KHTML, like Gecko) Chrome/146.0.0.0 Safari/537.36"}
{"environment":"development","level":"debug","message":"SQL Query","service":"kanyr-backend","sql":"Executing (default): SELECT `id`, `token`, `user_id`, `expires_at`, `revoked_at` FROM `revoked_tokens` AS `RevokedToken` WHERE `RevokedToken`.`token` = 'eyJhbGciOiJIUzI1NiIsInR5cCI6IkpXVCJ9.eyJkYXRhIjoiVUhpRlk1UVAxUzVEV1VkZ1VQVjhEUT09Oi9tZXE2enkrd1R6T0hsWTRLWUJtbEE9PTpsTUFTcTkydmp1RmlINUEvZmdHcSs2aHBBaDh0aVRHbUNWOGg2S09WMzVGMWs4Z3hIbmZ4dzVHaE9mRWxrTk1JMDBRQ0l5WXYyZEtmQ1NCQ0dWeVhFYmQrRzYyUTdUTUhXMFZmMXl4blJvZ0xmNDl6TFNzPSIsImlhdCI6MTc3MzkxODg4NiwiZXhwIjoxNzc0MDA1Mjg2fQ.VAIm4WIwcNKJZYRQB5SoyrfI3HATkek21g4ntNKixYI' LIMIT 1;","timestamp":"2026-03-19 12:15:09.394","type":"database"}
{"environment":"development","level":"debug","message":"SQL Query","service":"kanyr-backend","sql":"Executing (default): SELECT `user_id`, `username`, `email`, `password`, `admin`, `diak_id`, `token_version`, `last_password_change`, `security_flags`, `deleted_at`, `created_at`, `updated_at` FROM `felhasznalos` AS `Felhasznalo` WHERE (`Felhasznalo`.`deleted_at` IS NULL AND `Felhasznalo`.`user_id` = 1);","timestamp":"2026-03-19 12:15:09.427","type":"database"}
{"environment":"development","level":"debug","message":"SQL Query","service":"kanyr-backend","sql":"Executing (default): SELECT `Notification`.`notification_id`, `Notification`.`diak_id`, `Notification`.`szoba_valtoztatas_id`, `Notification`.`tipus`, `Notification`.`uzenet`, `Notification`.`elolvasva`, `Notification`.`deleted_at`, `Notification`.`created_at`, `Notification`.`updated_at`, `diak`.`diak_id` AS `diak.diak_id`, `diak`.`nev` AS `diak.nev`, `diak`.`email` AS `diak.email`, `diak`.`telefonszam` AS `diak.telefonszam`, `szoba_valtoztatas`.`valtoztatas_id` AS `szoba_valtoztatas.valtoztatas_id`, `szoba_valtoztatas`.`diak_id` AS `szoba_valtoztatas.diak_id`, `szoba_valtoztatas`.`jelenlegi_szoba_id` AS `szoba_valtoztatas.jelenlegi_szoba_id`, `szoba_valtoztatas`.`kivant_szoba_id` AS `szoba_valtoztatas.kivant_szoba_id`, `szoba_valtoztatas`.`statusz` AS `szoba_valtoztatas.statusz`, `szoba_valtoztatas`.`indok` AS `szoba_valtoztatas.indok`, `szoba_valtoztatas`.`academic_year` AS `szoba_valtoztatas.academic_year`, `szoba_valtoztatas`.`semester_count` AS `szoba_valtoztatas.semester_count`, `szoba_valtoztatas`.`deleted_at` AS `szoba_valtoztatas.deleted_at`, `szoba_valtoztatas`.`created_at` AS `szoba_valtoztatas.created_at`, `szoba_valtoztatas`.`updated_at` AS `szoba_valtoztatas.updated_at`, `szoba_valtoztatas->jelenlegi_szoba`.`szoba_id` AS `szoba_valtoztatas.jelenlegi_szoba.szoba_id`, `szoba_valtoztatas->jelenlegi_szoba`.`szoba_szama` AS `szoba_valtoztatas.jelenlegi_szoba.szoba_szama`, `szoba_valtoztatas->kivant_szoba`.`szoba_id` AS `szoba_valtoztatas.kivant_szoba.szoba_id`, `szoba_valtoztatas->kivant_szoba`.`szoba_szama` AS `szoba_valtoztatas.kivant_szoba.szoba_szama` FROM `notifications` AS `Notification` LEFT OUTER JOIN `diaks` AS `diak` ON `Notification`.`diak_id` = `diak`.`diak_id` AND (`diak`.`deleted_at` IS NULL) LEFT OUTER JOIN `szobavaltoztatas` AS `szoba_valtoztatas` ON `Notification`.`szoba_valtoztatas_id` = `szoba_valtoztatas`.`valtoztatas_id` AND (`szoba_valtoztatas`.`deleted_at` IS NULL) LEFT OUTER JOIN `szobas` AS `szoba_valtoztatas->jelenlegi_szoba` ON `szoba_valtoztatas`.`jelenlegi_szoba_id` = `szoba_valtoztatas->jelenlegi_szoba`.`szoba_id` AND (`szoba_valtoztatas->jelenlegi_szoba`.`deleted_at` IS NULL) LEFT OUTER JOIN `szobas` AS `szoba_valtoztatas->kivant_szoba` ON `szoba_valtoztatas`.`kivant_szoba_id` = `szoba_valtoztatas->kivant_szoba`.`szoba_id` AND (`szoba_valtoztatas->kivant_szoba`.`deleted_at` IS NULL) WHERE (`Notification`.`deleted_at` IS NULL) ORDER BY `Notification`.`created_at` DESC;","timestamp":"2026-03-19 12:15:09.470","type":"database"}
{"duration":"171ms","environment":"development","ip":"::1","level":"info","message":"HTTP Request","method":"GET","service":"kanyr-backend","statusCode":304,"timestamp":"2026-03-19 12:15:09.549","type":"http","url":"/api/room-changes/admin/notifications","userAgent":"Mozilla/5.0 (Windows NT 10.0; Win64; x64) AppleWebKit/537.36 (KHTML, like Gecko) Chrome/146.0.0.0 Safari/537.36","userId":null}
{"environment":"development","ip":"::1","key":"ip:::1","level":"warn","message":"Suspicious activity detected","method":"GET","path":"/api/room-changes/admin/notifications","requestCount":12,"service":"kanyr-backend","timestamp":"2026-03-19 12:15:25.868","userAgent":"Mozilla/5.0 (Windows NT 10.0; Win64; x64) AppleWebKit/537.36 (KHTML, like Gecko) Chrome/146.0.0.0 Safari/537.36"}
{"environment":"development","level":"debug","message":"SQL Query","service":"kanyr-backend","sql":"Executing (default): SELECT `id`, `token`, `user_id`, `expires_at`, `revoked_at` FROM `revoked_tokens` AS `RevokedToken` WHERE `RevokedToken`.`token` = 'eyJhbGciOiJIUzI1NiIsInR5cCI6IkpXVCJ9.eyJkYXRhIjoiVUhpRlk1UVAxUzVEV1VkZ1VQVjhEUT09Oi9tZXE2enkrd1R6T0hsWTRLWUJtbEE9PTpsTUFTcTkydmp1RmlINUEvZmdHcSs2aHBBaDh0aVRHbUNWOGg2S09WMzVGMWs4Z3hIbmZ4dzVHaE9mRWxrTk1JMDBRQ0l5WXYyZEtmQ1NCQ0dWeVhFYmQrRzYyUTdUTUhXMFZmMXl4blJvZ0xmNDl6TFNzPSIsImlhdCI6MTc3MzkxODg4NiwiZXhwIjoxNzc0MDA1Mjg2fQ.VAIm4WIwcNKJZYRQB5SoyrfI3HATkek21g4ntNKixYI' LIMIT 1;","timestamp":"2026-03-19 12:15:25.872","type":"database"}
{"environment":"development","level":"debug","message":"SQL Query","service":"kanyr-backend","sql":"Executing (default): SELECT `user_id`, `username`, `email`, `password`, `admin`, `diak_id`, `token_version`, `last_password_change`, `security_flags`, `deleted_at`, `created_at`, `updated_at` FROM `felhasznalos` AS `Felhasznalo` WHERE (`Felhasznalo`.`deleted_at` IS NULL AND `Felhasznalo`.`user_id` = 1);","timestamp":"2026-03-19 12:15:25.875","type":"database"}
{"environment":"development","level":"debug","message":"SQL Query","service":"kanyr-backend","sql":"Executing (default): SELECT `Notification`.`notification_id`, `Notification`.`diak_id`, `Notification`.`szoba_valtoztatas_id`, `Notification`.`tipus`, `Notification`.`uzenet`, `Notification`.`elolvasva`, `Notification`.`deleted_at`, `Notification`.`created_at`, `Notification`.`updated_at`, `diak`.`diak_id` AS `diak.diak_id`, `diak`.`nev` AS `diak.nev`, `diak`.`email` AS `diak.email`, `diak`.`telefonszam` AS `diak.telefonszam`, `szoba_valtoztatas`.`valtoztatas_id` AS `szoba_valtoztatas.valtoztatas_id`, `szoba_valtoztatas`.`diak_id` AS `szoba_valtoztatas.diak_id`, `szoba_valtoztatas`.`jelenlegi_szoba_id` AS `szoba_valtoztatas.jelenlegi_szoba_id`, `szoba_valtoztatas`.`kivant_szoba_id` AS `szoba_valtoztatas.kivant_szoba_id`, `szoba_valtoztatas`.`statusz` AS `szoba_valtoztatas.statusz`, `szoba_valtoztatas`.`indok` AS `szoba_valtoztatas.indok`, `szoba_valtoztatas`.`academic_year` AS `szoba_valtoztatas.academic_year`, `szoba_valtoztatas`.`semester_count` AS `szoba_valtoztatas.semester_count`, `szoba_valtoztatas`.`deleted_at` AS `szoba_valtoztatas.deleted_at`, `szoba_valtoztatas`.`created_at` AS `szoba_valtoztatas.created_at`, `szoba_valtoztatas`.`updated_at` AS `szoba_valtoztatas.updated_at`, `szoba_valtoztatas->jelenlegi_szoba`.`szoba_id` AS `szoba_valtoztatas.jelenlegi_szoba.szoba_id`, `szoba_valtoztatas->jelenlegi_szoba`.`szoba_szama` AS `szoba_valtoztatas.jelenlegi_szoba.szoba_szama`, `szoba_valtoztatas->kivant_szoba`.`szoba_id` AS `szoba_valtoztatas.kivant_szoba.szoba_id`, `szoba_valtoztatas->kivant_szoba`.`szoba_szama` AS `szoba_valtoztatas.kivant_szoba.szoba_szama` FROM `notifications` AS `Notification` LEFT OUTER JOIN `diaks` AS `diak` ON `Notification`.`diak_id` = `diak`.`diak_id` AND (`diak`.`deleted_at` IS NULL) LEFT OUTER JOIN `szobavaltoztatas` AS `szoba_valtoztatas` ON `Notification`.`szoba_valtoztatas_id` = `szoba_valtoztatas`.`valtoztatas_id` AND (`szoba_valtoztatas`.`deleted_at` IS NULL) LEFT OUTER JOIN `szobas` AS `szoba_valtoztatas->jelenlegi_szoba` ON `szoba_valtoztatas`.`jelenlegi_szoba_id` = `szoba_valtoztatas->jelenlegi_szoba`.`szoba_id` AND (`szoba_valtoztatas->jelenlegi_szoba`.`deleted_at` IS NULL) LEFT OUTER JOIN `szobas` AS `szoba_valtoztatas->kivant_szoba` ON `szoba_valtoztatas`.`kivant_szoba_id` = `szoba_valtoztatas->kivant_szoba`.`szoba_id` AND (`szoba_valtoztatas->kivant_szoba`.`deleted_at` IS NULL) WHERE (`Notification`.`deleted_at` IS NULL) ORDER BY `Notification`.`created_at` DESC;","timestamp":"2026-03-19 12:15:25.879","type":"database"}
{"duration":"17ms","environment":"development","ip":"::1","level":"info","message":"HTTP Request","method":"GET","service":"kanyr-backend","statusCode":304,"timestamp":"2026-03-19 12:15:25.885","type":"http","url":"/api/room-changes/admin/notifications","userAgent":"Mozilla/5.0 (Windows NT 10.0; Win64; x64) AppleWebKit/537.36 (KHTML, like Gecko) Chrome/146.0.0.0 Safari/537.36","userId":null}
{"environment":"development","ip":"::1","key":"ip:::1","level":"warn","message":"Suspicious activity detected","method":"GET","path":"/api/students/statistics","requestCount":13,"service":"kanyr-backend","timestamp":"2026-03-19 12:15:43.103","userAgent":"Mozilla/5.0 (Windows NT 10.0; Win64; x64) AppleWebKit/537.36 (KHTML, like Gecko) Chrome/146.0.0.0 Safari/537.36"}
{"environment":"development","level":"debug","message":"SQL Query","service":"kanyr-backend","sql":"Executing (default): SELECT `id`, `token`, `user_id`, `expires_at`, `revoked_at` FROM `revoked_tokens` AS `RevokedToken` WHERE `RevokedToken`.`token` = 'eyJhbGciOiJIUzI1NiIsInR5cCI6IkpXVCJ9.eyJkYXRhIjoiVUhpRlk1UVAxUzVEV1VkZ1VQVjhEUT09Oi9tZXE2enkrd1R6T0hsWTRLWUJtbEE9PTpsTUFTcTkydmp1RmlINUEvZmdHcSs2aHBBaDh0aVRHbUNWOGg2S09WMzVGMWs4Z3hIbmZ4dzVHaE9mRWxrTk1JMDBRQ0l5WXYyZEtmQ1NCQ0dWeVhFYmQrRzYyUTdUTUhXMFZmMXl4blJvZ0xmNDl6TFNzPSIsImlhdCI6MTc3MzkxODg4NiwiZXhwIjoxNzc0MDA1Mjg2fQ.VAIm4WIwcNKJZYRQB5SoyrfI3HATkek21g4ntNKixYI' LIMIT 1;","timestamp":"2026-03-19 12:15:43.109","type":"database"}
{"environment":"development","level":"debug","message":"SQL Query","service":"kanyr-backend","sql":"Executing (default): SELECT `user_id`, `username`, `email`, `password`, `admin`, `diak_id`, `token_version`, `last_password_change`, `security_flags`, `deleted_at`, `created_at`, `updated_at` FROM `felhasznalos` AS `Felhasznalo` WHERE (`Felhasznalo`.`deleted_at` IS NULL AND `Felhasznalo`.`user_id` = 1);","timestamp":"2026-03-19 12:15:43.112","type":"database"}
{"environment":"development","level":"debug","message":"SQL Query","service":"kanyr-backend","sql":"Executing (default): SELECT count(*) AS `count` FROM `diaks` AS `Diak` WHERE (`Diak`.`deleted_at` IS NULL);","timestamp":"2026-03-19 12:15:43.119","type":"database"}
{"environment":"development","level":"debug","message":"SQL Query","service":"kanyr-backend","sql":"Executing (default): SELECT count(`Diak`.`diak_id`) AS `count` FROM `diaks` AS `Diak` INNER JOIN `szoba_bekoltozes` AS `bekoltozesek` ON `Diak`.`diak_id` = `bekoltozesek`.`diak_id` AND (`bekoltozesek`.`deleted_at` IS NULL AND `bekoltozesek`.`kikoltozes_datum` IS NULL) WHERE (`Diak`.`deleted_at` IS NULL);","timestamp":"2026-03-19 12:15:43.120","type":"database"}
{"environment":"development","level":"debug","message":"SQL Query","service":"kanyr-backend","sql":"Executing (default): SELECT count(*) AS `count` FROM `szobas` AS `Szoba` WHERE (`Szoba`.`deleted_at` IS NULL);","timestamp":"2026-03-19 12:15:43.121","type":"database"}
{"environment":"development","level":"debug","message":"SQL Query","service":"kanyr-backend","sql":"Executing (default): SELECT `szoba_id`, `szoba_szama`, `osszes_hely` FROM `szobas` AS `Szoba` WHERE (`Szoba`.`deleted_at` IS NULL);","timestamp":"2026-03-19 12:15:43.125","type":"database"}
{"environment":"development","level":"debug","message":"SQL Query","service":"kanyr-backend","sql":"Executing (default): SELECT `szoba_id`, COUNT(`bekoltozes_id`) AS `occupancy` FROM `szoba_bekoltozes` AS `SzobaBekoltozes` WHERE (`SzobaBekoltozes`.`deleted_at` IS NULL AND `SzobaBekoltozes`.`kikoltozes_datum` IS NULL) GROUP BY `szoba_id`;","timestamp":"2026-03-19 12:15:43.126","type":"database"}
{"environment":"development","level":"debug","message":"SQL Query","service":"kanyr-backend","sql":"Executing (default): SELECT `bekoltozes_id`, `diak_id`, `szoba_id`, `bekoltozes_datum`, `kikoltozes_datum`, `deleted_at`, `created_at`, `updated_at` FROM `szoba_bekoltozes` AS `SzobaBekoltozes` WHERE (`SzobaBekoltozes`.`deleted_at` IS NULL) ORDER BY `SzobaBekoltozes`.`bekoltozes_datum` DESC LIMIT 1;","timestamp":"2026-03-19 12:15:43.126","type":"database"}
{"environment":"development","level":"debug","message":"SQL Query","service":"kanyr-backend","sql":"Executing (default): SELECT `bekoltozes_id`, `diak_id`, `szoba_id`, `bekoltozes_datum`, `kikoltozes_datum`, `deleted_at`, `created_at`, `updated_at` FROM `szoba_bekoltozes` AS `SzobaBekoltozes` WHERE (`SzobaBekoltozes`.`deleted_at` IS NULL AND `SzobaBekoltozes`.`kikoltozes_datum` IS NOT NULL) ORDER BY `SzobaBekoltozes`.`kikoltozes_datum` DESC LIMIT 1;","timestamp":"2026-03-19 12:15:43.127","type":"database"}
{"duration":"96ms","environment":"development","ip":"::1","level":"info","message":"HTTP Request","method":"GET","service":"kanyr-backend","statusCode":200,"timestamp":"2026-03-19 12:15:43.199","type":"http","url":"/api/students/statistics","userAgent":"Mozilla/5.0 (Windows NT 10.0; Win64; x64) AppleWebKit/537.36 (KHTML, like Gecko) Chrome/146.0.0.0 Safari/537.36","userId":null}
{"environment":"development","ip":"::1","key":"ip:::1","level":"warn","message":"Suspicious activity detected","method":"GET","path":"/api/auth/me","requestCount":14,"service":"kanyr-backend","timestamp":"2026-03-19 12:15:43.201","userAgent":"Mozilla/5.0 (Windows NT 10.0; Win64; x64) AppleWebKit/537.36 (KHTML, like Gecko) Chrome/146.0.0.0 Safari/537.36"}
{"environment":"development","level":"debug","message":"SQL Query","service":"kanyr-backend","sql":"Executing (default): SELECT `id`, `token`, `user_id`, `expires_at`, `revoked_at` FROM `revoked_tokens` AS `RevokedToken` WHERE `RevokedToken`.`token` = 'eyJhbGciOiJIUzI1NiIsInR5cCI6IkpXVCJ9.eyJkYXRhIjoiVUhpRlk1UVAxUzVEV1VkZ1VQVjhEUT09Oi9tZXE2enkrd1R6T0hsWTRLWUJtbEE9PTpsTUFTcTkydmp1RmlINUEvZmdHcSs2aHBBaDh0aVRHbUNWOGg2S09WMzVGMWs4Z3hIbmZ4dzVHaE9mRWxrTk1JMDBRQ0l5WXYyZEtmQ1NCQ0dWeVhFYmQrRzYyUTdUTUhXMFZmMXl4blJvZ0xmNDl6TFNzPSIsImlhdCI6MTc3MzkxODg4NiwiZXhwIjoxNzc0MDA1Mjg2fQ.VAIm4WIwcNKJZYRQB5SoyrfI3HATkek21g4ntNKixYI' LIMIT 1;","timestamp":"2026-03-19 12:15:43.206","type":"database"}
{"environment":"development","level":"debug","message":"SQL Query","service":"kanyr-backend","sql":"Executing (default): SELECT `user_id`, `username`, `email`, `password`, `admin`, `diak_id`, `token_version`, `last_password_change`, `security_flags`, `deleted_at`, `created_at`, `updated_at` FROM `felhasznalos` AS `Felhasznalo` WHERE (`Felhasznalo`.`deleted_at` IS NULL AND `Felhasznalo`.`user_id` = 1);","timestamp":"2026-03-19 12:15:43.211","type":"database"}
{"duration":"14ms","environment":"development","ip":"::1","level":"info","message":"HTTP Request","method":"GET","service":"kanyr-backend","statusCode":304,"timestamp":"2026-03-19 12:15:43.214","type":"http","url":"/api/auth/me","userAgent":"Mozilla/5.0 (Windows NT 10.0; Win64; x64) AppleWebKit/537.36 (KHTML, like Gecko) Chrome/146.0.0.0 Safari/537.36","userId":null}
{"environment":"development","ip":"::1","key":"ip:::1","level":"warn","message":"Suspicious activity detected","method":"GET","path":"/api/room-changes/admin/notifications","requestCount":15,"service":"kanyr-backend","timestamp":"2026-03-19 12:15:43.485","userAgent":"Mozilla/5.0 (Windows NT 10.0; Win64; x64) AppleWebKit/537.36 (KHTML, like Gecko) Chrome/146.0.0.0 Safari/537.36"}
{"environment":"development","level":"debug","message":"SQL Query","service":"kanyr-backend","sql":"Executing (default): SELECT `id`, `token`, `user_id`, `expires_at`, `revoked_at` FROM `revoked_tokens` AS `RevokedToken` WHERE `RevokedToken`.`token` = 'eyJhbGciOiJIUzI1NiIsInR5cCI6IkpXVCJ9.eyJkYXRhIjoiVUhpRlk1UVAxUzVEV1VkZ1VQVjhEUT09Oi9tZXE2enkrd1R6T0hsWTRLWUJtbEE9PTpsTUFTcTkydmp1RmlINUEvZmdHcSs2aHBBaDh0aVRHbUNWOGg2S09WMzVGMWs4Z3hIbmZ4dzVHaE9mRWxrTk1JMDBRQ0l5WXYyZEtmQ1NCQ0dWeVhFYmQrRzYyUTdUTUhXMFZmMXl4blJvZ0xmNDl6TFNzPSIsImlhdCI6MTc3MzkxODg4NiwiZXhwIjoxNzc0MDA1Mjg2fQ.VAIm4WIwcNKJZYRQB5SoyrfI3HATkek21g4ntNKixYI' LIMIT 1;","timestamp":"2026-03-19 12:15:43.488","type":"database"}
{"environment":"development","level":"debug","message":"SQL Query","service":"kanyr-backend","sql":"Executing (default): SELECT `user_id`, `username`, `email`, `password`, `admin`, `diak_id`, `token_version`, `last_password_change`, `security_flags`, `deleted_at`, `created_at`, `updated_at` FROM `felhasznalos` AS `Felhasznalo` WHERE (`Felhasznalo`.`deleted_at` IS NULL AND `Felhasznalo`.`user_id` = 1);","timestamp":"2026-03-19 12:15:43.493","type":"database"}
{"environment":"development","level":"debug","message":"SQL Query","service":"kanyr-backend","sql":"Executing (default): SELECT `Notification`.`notification_id`, `Notification`.`diak_id`, `Notification`.`szoba_valtoztatas_id`, `Notification`.`tipus`, `Notification`.`uzenet`, `Notification`.`elolvasva`, `Notification`.`deleted_at`, `Notification`.`created_at`, `Notification`.`updated_at`, `diak`.`diak_id` AS `diak.diak_id`, `diak`.`nev` AS `diak.nev`, `diak`.`email` AS `diak.email`, `diak`.`telefonszam` AS `diak.telefonszam`, `szoba_valtoztatas`.`valtoztatas_id` AS `szoba_valtoztatas.valtoztatas_id`, `szoba_valtoztatas`.`diak_id` AS `szoba_valtoztatas.diak_id`, `szoba_valtoztatas`.`jelenlegi_szoba_id` AS `szoba_valtoztatas.jelenlegi_szoba_id`, `szoba_valtoztatas`.`kivant_szoba_id` AS `szoba_valtoztatas.kivant_szoba_id`, `szoba_valtoztatas`.`statusz` AS `szoba_valtoztatas.statusz`, `szoba_valtoztatas`.`indok` AS `szoba_valtoztatas.indok`, `szoba_valtoztatas`.`academic_year` AS `szoba_valtoztatas.academic_year`, `szoba_valtoztatas`.`semester_count` AS `szoba_valtoztatas.semester_count`, `szoba_valtoztatas`.`deleted_at` AS `szoba_valtoztatas.deleted_at`, `szoba_valtoztatas`.`created_at` AS `szoba_valtoztatas.created_at`, `szoba_valtoztatas`.`updated_at` AS `szoba_valtoztatas.updated_at`, `szoba_valtoztatas->jelenlegi_szoba`.`szoba_id` AS `szoba_valtoztatas.jelenlegi_szoba.szoba_id`, `szoba_valtoztatas->jelenlegi_szoba`.`szoba_szama` AS `szoba_valtoztatas.jelenlegi_szoba.szoba_szama`, `szoba_valtoztatas->kivant_szoba`.`szoba_id` AS `szoba_valtoztatas.kivant_szoba.szoba_id`, `szoba_valtoztatas->kivant_szoba`.`szoba_szama` AS `szoba_valtoztatas.kivant_szoba.szoba_szama` FROM `notifications` AS `Notification` LEFT OUTER JOIN `diaks` AS `diak` ON `Notification`.`diak_id` = `diak`.`diak_id` AND (`diak`.`deleted_at` IS NULL) LEFT OUTER JOIN `szobavaltoztatas` AS `szoba_valtoztatas` ON `Notification`.`szoba_valtoztatas_id` = `szoba_valtoztatas`.`valtoztatas_id` AND (`szoba_valtoztatas`.`deleted_at` IS NULL) LEFT OUTER JOIN `szobas` AS `szoba_valtoztatas->jelenlegi_szoba` ON `szoba_valtoztatas`.`jelenlegi_szoba_id` = `szoba_valtoztatas->jelenlegi_szoba`.`szoba_id` AND (`szoba_valtoztatas->jelenlegi_szoba`.`deleted_at` IS NULL) LEFT OUTER JOIN `szobas` AS `szoba_valtoztatas->kivant_szoba` ON `szoba_valtoztatas`.`kivant_szoba_id` = `szoba_valtoztatas->kivant_szoba`.`szoba_id` AND (`szoba_valtoztatas->kivant_szoba`.`deleted_at` IS NULL) WHERE (`Notification`.`deleted_at` IS NULL) ORDER BY `Notification`.`created_at` DESC;","timestamp":"2026-03-19 12:15:43.498","type":"database"}
{"duration":"18ms","environment":"development","ip":"::1","level":"info","message":"HTTP Request","method":"GET","service":"kanyr-backend","statusCode":304,"timestamp":"2026-03-19 12:15:43.502","type":"http","url":"/api/room-changes/admin/notifications","userAgent":"Mozilla/5.0 (Windows NT 10.0; Win64; x64) AppleWebKit/537.36 (KHTML, like Gecko) Chrome/146.0.0.0 Safari/537.36","userId":null}
{"environment":"development","ip":"::1","key":"ip:::1","level":"warn","message":"Suspicious activity detected","method":"GET","path":"/api/room-changes/admin/notifications","requestCount":16,"service":"kanyr-backend","timestamp":"2026-03-19 12:16:14.974","userAgent":"Mozilla/5.0 (Windows NT 10.0; Win64; x64) AppleWebKit/537.36 (KHTML, like Gecko) Chrome/146.0.0.0 Safari/537.36"}
{"environment":"development","level":"debug","message":"SQL Query","service":"kanyr-backend","sql":"Executing (default): SELECT `id`, `token`, `user_id`, `expires_at`, `revoked_at` FROM `revoked_tokens` AS `RevokedToken` WHERE `RevokedToken`.`token` = 'eyJhbGciOiJIUzI1NiIsInR5cCI6IkpXVCJ9.eyJkYXRhIjoiVUhpRlk1UVAxUzVEV1VkZ1VQVjhEUT09Oi9tZXE2enkrd1R6T0hsWTRLWUJtbEE9PTpsTUFTcTkydmp1RmlINUEvZmdHcSs2aHBBaDh0aVRHbUNWOGg2S09WMzVGMWs4Z3hIbmZ4dzVHaE9mRWxrTk1JMDBRQ0l5WXYyZEtmQ1NCQ0dWeVhFYmQrRzYyUTdUTUhXMFZmMXl4blJvZ0xmNDl6TFNzPSIsImlhdCI6MTc3MzkxODg4NiwiZXhwIjoxNzc0MDA1Mjg2fQ.VAIm4WIwcNKJZYRQB5SoyrfI3HATkek21g4ntNKixYI' LIMIT 1;","timestamp":"2026-03-19 12:16:14.978","type":"database"}
{"environment":"development","level":"debug","message":"SQL Query","service":"kanyr-backend","sql":"Executing (default): SELECT `user_id`, `username`, `email`, `password`, `admin`, `diak_id`, `token_version`, `last_password_change`, `security_flags`, `deleted_at`, `created_at`, `updated_at` FROM `felhasznalos` AS `Felhasznalo` WHERE (`Felhasznalo`.`deleted_at` IS NULL AND `Felhasznalo`.`user_id` = 1);","timestamp":"2026-03-19 12:16:14.981","type":"database"}
{"environment":"development","level":"debug","message":"SQL Query","service":"kanyr-backend","sql":"Executing (default): SELECT `Notification`.`notification_id`, `Notification`.`diak_id`, `Notification`.`szoba_valtoztatas_id`, `Notification`.`tipus`, `Notification`.`uzenet`, `Notification`.`elolvasva`, `Notification`.`deleted_at`, `Notification`.`created_at`, `Notification`.`updated_at`, `diak`.`diak_id` AS `diak.diak_id`, `diak`.`nev` AS `diak.nev`, `diak`.`email` AS `diak.email`, `diak`.`telefonszam` AS `diak.telefonszam`, `szoba_valtoztatas`.`valtoztatas_id` AS `szoba_valtoztatas.valtoztatas_id`, `szoba_valtoztatas`.`diak_id` AS `szoba_valtoztatas.diak_id`, `szoba_valtoztatas`.`jelenlegi_szoba_id` AS `szoba_valtoztatas.jelenlegi_szoba_id`, `szoba_valtoztatas`.`kivant_szoba_id` AS `szoba_valtoztatas.kivant_szoba_id`, `szoba_valtoztatas`.`statusz` AS `szoba_valtoztatas.statusz`, `szoba_valtoztatas`.`indok` AS `szoba_valtoztatas.indok`, `szoba_valtoztatas`.`academic_year` AS `szoba_valtoztatas.academic_year`, `szoba_valtoztatas`.`semester_count` AS `szoba_valtoztatas.semester_count`, `szoba_valtoztatas`.`deleted_at` AS `szoba_valtoztatas.deleted_at`, `szoba_valtoztatas`.`created_at` AS `szoba_valtoztatas.created_at`, `szoba_valtoztatas`.`updated_at` AS `szoba_valtoztatas.updated_at`, `szoba_valtoztatas->jelenlegi_szoba`.`szoba_id` AS `szoba_valtoztatas.jelenlegi_szoba.szoba_id`, `szoba_valtoztatas->jelenlegi_szoba`.`szoba_szama` AS `szoba_valtoztatas.jelenlegi_szoba.szoba_szama`, `szoba_valtoztatas->kivant_szoba`.`szoba_id` AS `szoba_valtoztatas.kivant_szoba.szoba_id`, `szoba_valtoztatas->kivant_szoba`.`szoba_szama` AS `szoba_valtoztatas.kivant_szoba.szoba_szama` FROM `notifications` AS `Notification` LEFT OUTER JOIN `diaks` AS `diak` ON `Notification`.`diak_id` = `diak`.`diak_id` AND (`diak`.`deleted_at` IS NULL) LEFT OUTER JOIN `szobavaltoztatas` AS `szoba_valtoztatas` ON `Notification`.`szoba_valtoztatas_id` = `szoba_valtoztatas`.`valtoztatas_id` AND (`szoba_valtoztatas`.`deleted_at` IS NULL) LEFT OUTER JOIN `szobas` AS `szoba_valtoztatas->jelenlegi_szoba` ON `szoba_valtoztatas`.`jelenlegi_szoba_id` = `szoba_valtoztatas->jelenlegi_szoba`.`szoba_id` AND (`szoba_valtoztatas->jelenlegi_szoba`.`deleted_at` IS NULL) LEFT OUTER JOIN `szobas` AS `szoba_valtoztatas->kivant_szoba` ON `szoba_valtoztatas`.`kivant_szoba_id` = `szoba_valtoztatas->kivant_szoba`.`szoba_id` AND (`szoba_valtoztatas->kivant_szoba`.`deleted_at` IS NULL) WHERE (`Notification`.`deleted_at` IS NULL) ORDER BY `Notification`.`created_at` DESC;","timestamp":"2026-03-19 12:16:14.985","type":"database"}
{"duration":"17ms","environment":"development","ip":"::1","level":"info","message":"HTTP Request","method":"GET","service":"kanyr-backend","statusCode":304,"timestamp":"2026-03-19 12:16:14.990","type":"http","url":"/api/room-changes/admin/notifications","userAgent":"Mozilla/5.0 (Windows NT 10.0; Win64; x64) AppleWebKit/537.36 (KHTML, like Gecko) Chrome/146.0.0.0 Safari/537.36","userId":null}
{"environment":"development","ip":"::1","key":"ip:::1","level":"warn","message":"Suspicious activity detected","method":"GET","path":"/api/room-changes/admin/notifications","requestCount":17,"service":"kanyr-backend","timestamp":"2026-03-19 12:16:44.757","userAgent":"Mozilla/5.0 (Windows NT 10.0; Win64; x64) AppleWebKit/537.36 (KHTML, like Gecko) Chrome/146.0.0.0 Safari/537.36"}
{"environment":"development","level":"debug","message":"SQL Query","service":"kanyr-backend","sql":"Executing (default): SELECT `id`, `token`, `user_id`, `expires_at`, `revoked_at` FROM `revoked_tokens` AS `RevokedToken` WHERE `RevokedToken`.`token` = 'eyJhbGciOiJIUzI1NiIsInR5cCI6IkpXVCJ9.eyJkYXRhIjoiVUhpRlk1UVAxUzVEV1VkZ1VQVjhEUT09Oi9tZXE2enkrd1R6T0hsWTRLWUJtbEE9PTpsTUFTcTkydmp1RmlINUEvZmdHcSs2aHBBaDh0aVRHbUNWOGg2S09WMzVGMWs4Z3hIbmZ4dzVHaE9mRWxrTk1JMDBRQ0l5WXYyZEtmQ1NCQ0dWeVhFYmQrRzYyUTdUTUhXMFZmMXl4blJvZ0xmNDl6TFNzPSIsImlhdCI6MTc3MzkxODg4NiwiZXhwIjoxNzc0MDA1Mjg2fQ.VAIm4WIwcNKJZYRQB5SoyrfI3HATkek21g4ntNKixYI' LIMIT 1;","timestamp":"2026-03-19 12:16:44.761","type":"database"}
{"environment":"development","level":"debug","message":"SQL Query","service":"kanyr-backend","sql":"Executing (default): SELECT `user_id`, `username`, `email`, `password`, `admin`, `diak_id`, `token_version`, `last_password_change`, `security_flags`, `deleted_at`, `created_at`, `updated_at` FROM `felhasznalos` AS `Felhasznalo` WHERE (`Felhasznalo`.`deleted_at` IS NULL AND `Felhasznalo`.`user_id` = 1);","timestamp":"2026-03-19 12:16:44.763","type":"database"}
{"environment":"development","level":"debug","message":"SQL Query","service":"kanyr-backend","sql":"Executing (default): SELECT `Notification`.`notification_id`, `Notification`.`diak_id`, `Notification`.`szoba_valtoztatas_id`, `Notification`.`tipus`, `Notification`.`uzenet`, `Notification`.`elolvasva`, `Notification`.`deleted_at`, `Notification`.`created_at`, `Notification`.`updated_at`, `diak`.`diak_id` AS `diak.diak_id`, `diak`.`nev` AS `diak.nev`, `diak`.`email` AS `diak.email`, `diak`.`telefonszam` AS `diak.telefonszam`, `szoba_valtoztatas`.`valtoztatas_id` AS `szoba_valtoztatas.valtoztatas_id`, `szoba_valtoztatas`.`diak_id` AS `szoba_valtoztatas.diak_id`, `szoba_valtoztatas`.`jelenlegi_szoba_id` AS `szoba_valtoztatas.jelenlegi_szoba_id`, `szoba_valtoztatas`.`kivant_szoba_id` AS `szoba_valtoztatas.kivant_szoba_id`, `szoba_valtoztatas`.`statusz` AS `szoba_valtoztatas.statusz`, `szoba_valtoztatas`.`indok` AS `szoba_valtoztatas.indok`, `szoba_valtoztatas`.`academic_year` AS `szoba_valtoztatas.academic_year`, `szoba_valtoztatas`.`semester_count` AS `szoba_valtoztatas.semester_count`, `szoba_valtoztatas`.`deleted_at` AS `szoba_valtoztatas.deleted_at`, `szoba_valtoztatas`.`created_at` AS `szoba_valtoztatas.created_at`, `szoba_valtoztatas`.`updated_at` AS `szoba_valtoztatas.updated_at`, `szoba_valtoztatas->jelenlegi_szoba`.`szoba_id` AS `szoba_valtoztatas.jelenlegi_szoba.szoba_id`, `szoba_valtoztatas->jelenlegi_szoba`.`szoba_szama` AS `szoba_valtoztatas.jelenlegi_szoba.szoba_szama`, `szoba_valtoztatas->kivant_szoba`.`szoba_id` AS `szoba_valtoztatas.kivant_szoba.szoba_id`, `szoba_valtoztatas->kivant_szoba`.`szoba_szama` AS `szoba_valtoztatas.kivant_szoba.szoba_szama` FROM `notifications` AS `Notification` LEFT OUTER JOIN `diaks` AS `diak` ON `Notification`.`diak_id` = `diak`.`diak_id` AND (`diak`.`deleted_at` IS NULL) LEFT OUTER JOIN `szobavaltoztatas` AS `szoba_valtoztatas` ON `Notification`.`szoba_valtoztatas_id` = `szoba_valtoztatas`.`valtoztatas_id` AND (`szoba_valtoztatas`.`deleted_at` IS NULL) LEFT OUTER JOIN `szobas` AS `szoba_valtoztatas->jelenlegi_szoba` ON `szoba_valtoztatas`.`jelenlegi_szoba_id` = `szoba_valtoztatas->jelenlegi_szoba`.`szoba_id` AND (`szoba_valtoztatas->jelenlegi_szoba`.`deleted_at` IS NULL) LEFT OUTER JOIN `szobas` AS `szoba_valtoztatas->kivant_szoba` ON `szoba_valtoztatas`.`kivant_szoba_id` = `szoba_valtoztatas->kivant_szoba`.`szoba_id` AND (`szoba_valtoztatas->kivant_szoba`.`deleted_at` IS NULL) WHERE (`Notification`.`deleted_at` IS NULL) ORDER BY `Notification`.`created_at` DESC;","timestamp":"2026-03-19 12:16:44.766","type":"database"}
{"duration":"28ms","environment":"development","ip":"::1","level":"info","message":"HTTP Request","method":"GET","service":"kanyr-backend","statusCode":304,"timestamp":"2026-03-19 12:16:44.785","type":"http","url":"/api/room-changes/admin/notifications","userAgent":"Mozilla/5.0 (Windows NT 10.0; Win64; x64) AppleWebKit/537.36 (KHTML, like Gecko) Chrome/146.0.0.0 Safari/537.36","userId":null}
{"environment":"development","ip":"::1","key":"ip:::1","level":"warn","message":"Suspicious activity detected","method":"GET","path":"/api/room-changes/admin/notifications","requestCount":18,"service":"kanyr-backend","timestamp":"2026-03-19 12:17:14.950","userAgent":"Mozilla/5.0 (Windows NT 10.0; Win64; x64) AppleWebKit/537.36 (KHTML, like Gecko) Chrome/146.0.0.0 Safari/537.36"}
{"environment":"development","level":"debug","message":"SQL Query","service":"kanyr-backend","sql":"Executing (default): SELECT `id`, `token`, `user_id`, `expires_at`, `revoked_at` FROM `revoked_tokens` AS `RevokedToken` WHERE `RevokedToken`.`token` = 'eyJhbGciOiJIUzI1NiIsInR5cCI6IkpXVCJ9.eyJkYXRhIjoiVUhpRlk1UVAxUzVEV1VkZ1VQVjhEUT09Oi9tZXE2enkrd1R6T0hsWTRLWUJtbEE9PTpsTUFTcTkydmp1RmlINUEvZmdHcSs2aHBBaDh0aVRHbUNWOGg2S09WMzVGMWs4Z3hIbmZ4dzVHaE9mRWxrTk1JMDBRQ0l5WXYyZEtmQ1NCQ0dWeVhFYmQrRzYyUTdUTUhXMFZmMXl4blJvZ0xmNDl6TFNzPSIsImlhdCI6MTc3MzkxODg4NiwiZXhwIjoxNzc0MDA1Mjg2fQ.VAIm4WIwcNKJZYRQB5SoyrfI3HATkek21g4ntNKixYI' LIMIT 1;","timestamp":"2026-03-19 12:17:14.953","type":"database"}
{"environment":"development","level":"debug","message":"SQL Query","service":"kanyr-backend","sql":"Executing (default): SELECT `user_id`, `username`, `email`, `password`, `admin`, `diak_id`, `token_version`, `last_password_change`, `security_flags`, `deleted_at`, `created_at`, `updated_at` FROM `felhasznalos` AS `Felhasznalo` WHERE (`Felhasznalo`.`deleted_at` IS NULL AND `Felhasznalo`.`user_id` = 1);","timestamp":"2026-03-19 12:17:14.954","type":"database"}
{"environment":"development","level":"debug","message":"SQL Query","service":"kanyr-backend","sql":"Executing (default): SELECT `Notification`.`notification_id`, `Notification`.`diak_id`, `Notification`.`szoba_valtoztatas_id`, `Notification`.`tipus`, `Notification`.`uzenet`, `Notification`.`elolvasva`, `Notification`.`deleted_at`, `Notification`.`created_at`, `Notification`.`updated_at`, `diak`.`diak_id` AS `diak.diak_id`, `diak`.`nev` AS `diak.nev`, `diak`.`email` AS `diak.email`, `diak`.`telefonszam` AS `diak.telefonszam`, `szoba_valtoztatas`.`valtoztatas_id` AS `szoba_valtoztatas.valtoztatas_id`, `szoba_valtoztatas`.`diak_id` AS `szoba_valtoztatas.diak_id`, `szoba_valtoztatas`.`jelenlegi_szoba_id` AS `szoba_valtoztatas.jelenlegi_szoba_id`, `szoba_valtoztatas`.`kivant_szoba_id` AS `szoba_valtoztatas.kivant_szoba_id`, `szoba_valtoztatas`.`statusz` AS `szoba_valtoztatas.statusz`, `szoba_valtoztatas`.`indok` AS `szoba_valtoztatas.indok`, `szoba_valtoztatas`.`academic_year` AS `szoba_valtoztatas.academic_year`, `szoba_valtoztatas`.`semester_count` AS `szoba_valtoztatas.semester_count`, `szoba_valtoztatas`.`deleted_at` AS `szoba_valtoztatas.deleted_at`, `szoba_valtoztatas`.`created_at` AS `szoba_valtoztatas.created_at`, `szoba_valtoztatas`.`updated_at` AS `szoba_valtoztatas.updated_at`, `szoba_valtoztatas->jelenlegi_szoba`.`szoba_id` AS `szoba_valtoztatas.jelenlegi_szoba.szoba_id`, `szoba_valtoztatas->jelenlegi_szoba`.`szoba_szama` AS `szoba_valtoztatas.jelenlegi_szoba.szoba_szama`, `szoba_valtoztatas->kivant_szoba`.`szoba_id` AS `szoba_valtoztatas.kivant_szoba.szoba_id`, `szoba_valtoztatas->kivant_szoba`.`szoba_szama` AS `szoba_valtoztatas.kivant_szoba.szoba_szama` FROM `notifications` AS `Notification` LEFT OUTER JOIN `diaks` AS `diak` ON `Notification`.`diak_id` = `diak`.`diak_id` AND (`diak`.`deleted_at` IS NULL) LEFT OUTER JOIN `szobavaltoztatas` AS `szoba_valtoztatas` ON `Notification`.`szoba_valtoztatas_id` = `szoba_valtoztatas`.`valtoztatas_id` AND (`szoba_valtoztatas`.`deleted_at` IS NULL) LEFT OUTER JOIN `szobas` AS `szoba_valtoztatas->jelenlegi_szoba` ON `szoba_valtoztatas`.`jelenlegi_szoba_id` = `szoba_valtoztatas->jelenlegi_szoba`.`szoba_id` AND (`szoba_valtoztatas->jelenlegi_szoba`.`deleted_at` IS NULL) LEFT OUTER JOIN `szobas` AS `szoba_valtoztatas->kivant_szoba` ON `szoba_valtoztatas`.`kivant_szoba_id` = `szoba_valtoztatas->kivant_szoba`.`szoba_id` AND (`szoba_valtoztatas->kivant_szoba`.`deleted_at` IS NULL) WHERE (`Notification`.`deleted_at` IS NULL) ORDER BY `Notification`.`created_at` DESC;","timestamp":"2026-03-19 12:17:14.959","type":"database"}
{"duration":"14ms","environment":"development","ip":"::1","level":"info","message":"HTTP Request","method":"GET","service":"kanyr-backend","statusCode":304,"timestamp":"2026-03-19 12:17:14.964","type":"http","url":"/api/room-changes/admin/notifications","userAgent":"Mozilla/5.0 (Windows NT 10.0; Win64; x64) AppleWebKit/537.36 (KHTML, like Gecko) Chrome/146.0.0.0 Safari/537.36","userId":null}
{"environment":"development","ip":"::1","key":"ip:::1","level":"warn","message":"Suspicious activity detected","method":"GET","path":"/api/room-changes/admin/notifications","requestCount":19,"service":"kanyr-backend","timestamp":"2026-03-19 12:17:44.657","userAgent":"Mozilla/5.0 (Windows NT 10.0; Win64; x64) AppleWebKit/537.36 (KHTML, like Gecko) Chrome/146.0.0.0 Safari/537.36"}
{"environment":"development","level":"debug","message":"SQL Query","service":"kanyr-backend","sql":"Executing (default): SELECT `id`, `token`, `user_id`, `expires_at`, `revoked_at` FROM `revoked_tokens` AS `RevokedToken` WHERE `RevokedToken`.`token` = 'eyJhbGciOiJIUzI1NiIsInR5cCI6IkpXVCJ9.eyJkYXRhIjoiVUhpRlk1UVAxUzVEV1VkZ1VQVjhEUT09Oi9tZXE2enkrd1R6T0hsWTRLWUJtbEE9PTpsTUFTcTkydmp1RmlINUEvZmdHcSs2aHBBaDh0aVRHbUNWOGg2S09WMzVGMWs4Z3hIbmZ4dzVHaE9mRWxrTk1JMDBRQ0l5WXYyZEtmQ1NCQ0dWeVhFYmQrRzYyUTdUTUhXMFZmMXl4blJvZ0xmNDl6TFNzPSIsImlhdCI6MTc3MzkxODg4NiwiZXhwIjoxNzc0MDA1Mjg2fQ.VAIm4WIwcNKJZYRQB5SoyrfI3HATkek21g4ntNKixYI' LIMIT 1;","timestamp":"2026-03-19 12:17:44.664","type":"database"}
{"environment":"development","level":"debug","message":"SQL Query","service":"kanyr-backend","sql":"Executing (default): SELECT `user_id`, `username`, `email`, `password`, `admin`, `diak_id`, `token_version`, `last_password_change`, `security_flags`, `deleted_at`, `created_at`, `updated_at` FROM `felhasznalos` AS `Felhasznalo` WHERE (`Felhasznalo`.`deleted_at` IS NULL AND `Felhasznalo`.`user_id` = 1);","timestamp":"2026-03-19 12:17:44.668","type":"database"}
{"environment":"development","level":"debug","message":"SQL Query","service":"kanyr-backend","sql":"Executing (default): SELECT `Notification`.`notification_id`, `Notification`.`diak_id`, `Notification`.`szoba_valtoztatas_id`, `Notification`.`tipus`, `Notification`.`uzenet`, `Notification`.`elolvasva`, `Notification`.`deleted_at`, `Notification`.`created_at`, `Notification`.`updated_at`, `diak`.`diak_id` AS `diak.diak_id`, `diak`.`nev` AS `diak.nev`, `diak`.`email` AS `diak.email`, `diak`.`telefonszam` AS `diak.telefonszam`, `szoba_valtoztatas`.`valtoztatas_id` AS `szoba_valtoztatas.valtoztatas_id`, `szoba_valtoztatas`.`diak_id` AS `szoba_valtoztatas.diak_id`, `szoba_valtoztatas`.`jelenlegi_szoba_id` AS `szoba_valtoztatas.jelenlegi_szoba_id`, `szoba_valtoztatas`.`kivant_szoba_id` AS `szoba_valtoztatas.kivant_szoba_id`, `szoba_valtoztatas`.`statusz` AS `szoba_valtoztatas.statusz`, `szoba_valtoztatas`.`indok` AS `szoba_valtoztatas.indok`, `szoba_valtoztatas`.`academic_year` AS `szoba_valtoztatas.academic_year`, `szoba_valtoztatas`.`semester_count` AS `szoba_valtoztatas.semester_count`, `szoba_valtoztatas`.`deleted_at` AS `szoba_valtoztatas.deleted_at`, `szoba_valtoztatas`.`created_at` AS `szoba_valtoztatas.created_at`, `szoba_valtoztatas`.`updated_at` AS `szoba_valtoztatas.updated_at`, `szoba_valtoztatas->jelenlegi_szoba`.`szoba_id` AS `szoba_valtoztatas.jelenlegi_szoba.szoba_id`, `szoba_valtoztatas->jelenlegi_szoba`.`szoba_szama` AS `szoba_valtoztatas.jelenlegi_szoba.szoba_szama`, `szoba_valtoztatas->kivant_szoba`.`szoba_id` AS `szoba_valtoztatas.kivant_szoba.szoba_id`, `szoba_valtoztatas->kivant_szoba`.`szoba_szama` AS `szoba_valtoztatas.kivant_szoba.szoba_szama` FROM `notifications` AS `Notification` LEFT OUTER JOIN `diaks` AS `diak` ON `Notification`.`diak_id` = `diak`.`diak_id` AND (`diak`.`deleted_at` IS NULL) LEFT OUTER JOIN `szobavaltoztatas` AS `szoba_valtoztatas` ON `Notification`.`szoba_valtoztatas_id` = `szoba_valtoztatas`.`valtoztatas_id` AND (`szoba_valtoztatas`.`deleted_at` IS NULL) LEFT OUTER JOIN `szobas` AS `szoba_valtoztatas->jelenlegi_szoba` ON `szoba_valtoztatas`.`jelenlegi_szoba_id` = `szoba_valtoztatas->jelenlegi_szoba`.`szoba_id` AND (`szoba_valtoztatas->jelenlegi_szoba`.`deleted_at` IS NULL) LEFT OUTER JOIN `szobas` AS `szoba_valtoztatas->kivant_szoba` ON `szoba_valtoztatas`.`kivant_szoba_id` = `szoba_valtoztatas->kivant_szoba`.`szoba_id` AND (`szoba_valtoztatas->kivant_szoba`.`deleted_at` IS NULL) WHERE (`Notification`.`deleted_at` IS NULL) ORDER BY `Notification`.`created_at` DESC;","timestamp":"2026-03-19 12:17:44.676","type":"database"}
{"duration":"28ms","environment":"development","ip":"::1","level":"info","message":"HTTP Request","method":"GET","service":"kanyr-backend","statusCode":304,"timestamp":"2026-03-19 12:17:44.684","type":"http","url":"/api/room-changes/admin/notifications","userAgent":"Mozilla/5.0 (Windows NT 10.0; Win64; x64) AppleWebKit/537.36 (KHTML, like Gecko) Chrome/146.0.0.0 Safari/537.36","userId":null}
{"environment":"development","ip":"::1","key":"ip:::1","level":"warn","message":"Suspicious activity detected","method":"GET","path":"/api/room-changes/admin/notifications","requestCount":20,"service":"kanyr-backend","timestamp":"2026-03-19 12:18:14.638","userAgent":"Mozilla/5.0 (Windows NT 10.0; Win64; x64) AppleWebKit/537.36 (KHTML, like Gecko) Chrome/146.0.0.0 Safari/537.36"}
{"environment":"development","level":"debug","message":"SQL Query","service":"kanyr-backend","sql":"Executing (default): SELECT `id`, `token`, `user_id`, `expires_at`, `revoked_at` FROM `revoked_tokens` AS `RevokedToken` WHERE `RevokedToken`.`token` = 'eyJhbGciOiJIUzI1NiIsInR5cCI6IkpXVCJ9.eyJkYXRhIjoiVUhpRlk1UVAxUzVEV1VkZ1VQVjhEUT09Oi9tZXE2enkrd1R6T0hsWTRLWUJtbEE9PTpsTUFTcTkydmp1RmlINUEvZmdHcSs2aHBBaDh0aVRHbUNWOGg2S09WMzVGMWs4Z3hIbmZ4dzVHaE9mRWxrTk1JMDBRQ0l5WXYyZEtmQ1NCQ0dWeVhFYmQrRzYyUTdUTUhXMFZmMXl4blJvZ0xmNDl6TFNzPSIsImlhdCI6MTc3MzkxODg4NiwiZXhwIjoxNzc0MDA1Mjg2fQ.VAIm4WIwcNKJZYRQB5SoyrfI3HATkek21g4ntNKixYI' LIMIT 1;","timestamp":"2026-03-19 12:18:14.641","type":"database"}
{"environment":"development","level":"debug","message":"SQL Query","service":"kanyr-backend","sql":"Executing (default): SELECT `user_id`, `username`, `email`, `password`, `admin`, `diak_id`, `token_version`, `last_password_change`, `security_flags`, `deleted_at`, `created_at`, `updated_at` FROM `felhasznalos` AS `Felhasznalo` WHERE (`Felhasznalo`.`deleted_at` IS NULL AND `Felhasznalo`.`user_id` = 1);","timestamp":"2026-03-19 12:18:14.643","type":"database"}
{"environment":"development","level":"debug","message":"SQL Query","service":"kanyr-backend","sql":"Executing (default): SELECT `Notification`.`notification_id`, `Notification`.`diak_id`, `Notification`.`szoba_valtoztatas_id`, `Notification`.`tipus`, `Notification`.`uzenet`, `Notification`.`elolvasva`, `Notification`.`deleted_at`, `Notification`.`created_at`, `Notification`.`updated_at`, `diak`.`diak_id` AS `diak.diak_id`, `diak`.`nev` AS `diak.nev`, `diak`.`email` AS `diak.email`, `diak`.`telefonszam` AS `diak.telefonszam`, `szoba_valtoztatas`.`valtoztatas_id` AS `szoba_valtoztatas.valtoztatas_id`, `szoba_valtoztatas`.`diak_id` AS `szoba_valtoztatas.diak_id`, `szoba_valtoztatas`.`jelenlegi_szoba_id` AS `szoba_valtoztatas.jelenlegi_szoba_id`, `szoba_valtoztatas`.`kivant_szoba_id` AS `szoba_valtoztatas.kivant_szoba_id`, `szoba_valtoztatas`.`statusz` AS `szoba_valtoztatas.statusz`, `szoba_valtoztatas`.`indok` AS `szoba_valtoztatas.indok`, `szoba_valtoztatas`.`academic_year` AS `szoba_valtoztatas.academic_year`, `szoba_valtoztatas`.`semester_count` AS `szoba_valtoztatas.semester_count`, `szoba_valtoztatas`.`deleted_at` AS `szoba_valtoztatas.deleted_at`, `szoba_valtoztatas`.`created_at` AS `szoba_valtoztatas.created_at`, `szoba_valtoztatas`.`updated_at` AS `szoba_valtoztatas.updated_at`, `szoba_valtoztatas->jelenlegi_szoba`.`szoba_id` AS `szoba_valtoztatas.jelenlegi_szoba.szoba_id`, `szoba_valtoztatas->jelenlegi_szoba`.`szoba_szama` AS `szoba_valtoztatas.jelenlegi_szoba.szoba_szama`, `szoba_valtoztatas->kivant_szoba`.`szoba_id` AS `szoba_valtoztatas.kivant_szoba.szoba_id`, `szoba_valtoztatas->kivant_szoba`.`szoba_szama` AS `szoba_valtoztatas.kivant_szoba.szoba_szama` FROM `notifications` AS `Notification` LEFT OUTER JOIN `diaks` AS `diak` ON `Notification`.`diak_id` = `diak`.`diak_id` AND (`diak`.`deleted_at` IS NULL) LEFT OUTER JOIN `szobavaltoztatas` AS `szoba_valtoztatas` ON `Notification`.`szoba_valtoztatas_id` = `szoba_valtoztatas`.`valtoztatas_id` AND (`szoba_valtoztatas`.`deleted_at` IS NULL) LEFT OUTER JOIN `szobas` AS `szoba_valtoztatas->jelenlegi_szoba` ON `szoba_valtoztatas`.`jelenlegi_szoba_id` = `szoba_valtoztatas->jelenlegi_szoba`.`szoba_id` AND (`szoba_valtoztatas->jelenlegi_szoba`.`deleted_at` IS NULL) LEFT OUTER JOIN `szobas` AS `szoba_valtoztatas->kivant_szoba` ON `szoba_valtoztatas`.`kivant_szoba_id` = `szoba_valtoztatas->kivant_szoba`.`szoba_id` AND (`szoba_valtoztatas->kivant_szoba`.`deleted_at` IS NULL) WHERE (`Notification`.`deleted_at` IS NULL) ORDER BY `Notification`.`created_at` DESC;","timestamp":"2026-03-19 12:18:14.646","type":"database"}
{"duration":"14ms","environment":"development","ip":"::1","level":"info","message":"HTTP Request","method":"GET","service":"kanyr-backend","statusCode":304,"timestamp":"2026-03-19 12:18:14.651","type":"http","url":"/api/room-changes/admin/notifications","userAgent":"Mozilla/5.0 (Windows NT 10.0; Win64; x64) AppleWebKit/537.36 (KHTML, like Gecko) Chrome/146.0.0.0 Safari/537.36","userId":null}
{"environment":"development","ip":"::1","key":"ip:::1","level":"warn","message":"Suspicious activity detected","method":"GET","path":"/api/room-changes/admin/notifications","requestCount":21,"service":"kanyr-backend","timestamp":"2026-03-19 12:19:00.677","userAgent":"Mozilla/5.0 (Windows NT 10.0; Win64; x64) AppleWebKit/537.36 (KHTML, like Gecko) Chrome/146.0.0.0 Safari/537.36"}
{"environment":"development","level":"debug","message":"SQL Query","service":"kanyr-backend","sql":"Executing (default): SELECT `id`, `token`, `user_id`, `expires_at`, `revoked_at` FROM `revoked_tokens` AS `RevokedToken` WHERE `RevokedToken`.`token` = 'eyJhbGciOiJIUzI1NiIsInR5cCI6IkpXVCJ9.eyJkYXRhIjoiVUhpRlk1UVAxUzVEV1VkZ1VQVjhEUT09Oi9tZXE2enkrd1R6T0hsWTRLWUJtbEE9PTpsTUFTcTkydmp1RmlINUEvZmdHcSs2aHBBaDh0aVRHbUNWOGg2S09WMzVGMWs4Z3hIbmZ4dzVHaE9mRWxrTk1JMDBRQ0l5WXYyZEtmQ1NCQ0dWeVhFYmQrRzYyUTdUTUhXMFZmMXl4blJvZ0xmNDl6TFNzPSIsImlhdCI6MTc3MzkxODg4NiwiZXhwIjoxNzc0MDA1Mjg2fQ.VAIm4WIwcNKJZYRQB5SoyrfI3HATkek21g4ntNKixYI' LIMIT 1;","timestamp":"2026-03-19 12:19:00.679","type":"database"}
{"environment":"development","level":"debug","message":"SQL Query","service":"kanyr-backend","sql":"Executing (default): SELECT `user_id`, `username`, `email`, `password`, `admin`, `diak_id`, `token_version`, `last_password_change`, `security_flags`, `deleted_at`, `created_at`, `updated_at` FROM `felhasznalos` AS `Felhasznalo` WHERE (`Felhasznalo`.`deleted_at` IS NULL AND `Felhasznalo`.`user_id` = 1);","timestamp":"2026-03-19 12:19:00.682","type":"database"}
{"environment":"development","level":"debug","message":"SQL Query","service":"kanyr-backend","sql":"Executing (default): SELECT `Notification`.`notification_id`, `Notification`.`diak_id`, `Notification`.`szoba_valtoztatas_id`, `Notification`.`tipus`, `Notification`.`uzenet`, `Notification`.`elolvasva`, `Notification`.`deleted_at`, `Notification`.`created_at`, `Notification`.`updated_at`, `diak`.`diak_id` AS `diak.diak_id`, `diak`.`nev` AS `diak.nev`, `diak`.`email` AS `diak.email`, `diak`.`telefonszam` AS `diak.telefonszam`, `szoba_valtoztatas`.`valtoztatas_id` AS `szoba_valtoztatas.valtoztatas_id`, `szoba_valtoztatas`.`diak_id` AS `szoba_valtoztatas.diak_id`, `szoba_valtoztatas`.`jelenlegi_szoba_id` AS `szoba_valtoztatas.jelenlegi_szoba_id`, `szoba_valtoztatas`.`kivant_szoba_id` AS `szoba_valtoztatas.kivant_szoba_id`, `szoba_valtoztatas`.`statusz` AS `szoba_valtoztatas.statusz`, `szoba_valtoztatas`.`indok` AS `szoba_valtoztatas.indok`, `szoba_valtoztatas`.`academic_year` AS `szoba_valtoztatas.academic_year`, `szoba_valtoztatas`.`semester_count` AS `szoba_valtoztatas.semester_count`, `szoba_valtoztatas`.`deleted_at` AS `szoba_valtoztatas.deleted_at`, `szoba_valtoztatas`.`created_at` AS `szoba_valtoztatas.created_at`, `szoba_valtoztatas`.`updated_at` AS `szoba_valtoztatas.updated_at`, `szoba_valtoztatas->jelenlegi_szoba`.`szoba_id` AS `szoba_valtoztatas.jelenlegi_szoba.szoba_id`, `szoba_valtoztatas->jelenlegi_szoba`.`szoba_szama` AS `szoba_valtoztatas.jelenlegi_szoba.szoba_szama`, `szoba_valtoztatas->kivant_szoba`.`szoba_id` AS `szoba_valtoztatas.kivant_szoba.szoba_id`, `szoba_valtoztatas->kivant_szoba`.`szoba_szama` AS `szoba_valtoztatas.kivant_szoba.szoba_szama` FROM `notifications` AS `Notification` LEFT OUTER JOIN `diaks` AS `diak` ON `Notification`.`diak_id` = `diak`.`diak_id` AND (`diak`.`deleted_at` IS NULL) LEFT OUTER JOIN `szobavaltoztatas` AS `szoba_valtoztatas` ON `Notification`.`szoba_valtoztatas_id` = `szoba_valtoztatas`.`valtoztatas_id` AND (`szoba_valtoztatas`.`deleted_at` IS NULL) LEFT OUTER JOIN `szobas` AS `szoba_valtoztatas->jelenlegi_szoba` ON `szoba_valtoztatas`.`jelenlegi_szoba_id` = `szoba_valtoztatas->jelenlegi_szoba`.`szoba_id` AND (`szoba_valtoztatas->jelenlegi_szoba`.`deleted_at` IS NULL) LEFT OUTER JOIN `szobas` AS `szoba_valtoztatas->kivant_szoba` ON `szoba_valtoztatas`.`kivant_szoba_id` = `szoba_valtoztatas->kivant_szoba`.`szoba_id` AND (`szoba_valtoztatas->kivant_szoba`.`deleted_at` IS NULL) WHERE (`Notification`.`deleted_at` IS NULL) ORDER BY `Notification`.`created_at` DESC;","timestamp":"2026-03-19 12:19:00.685","type":"database"}
{"duration":"14ms","environment":"development","ip":"::1","level":"info","message":"HTTP Request","method":"GET","service":"kanyr-backend","statusCode":304,"timestamp":"2026-03-19 12:19:00.691","type":"http","url":"/api/room-changes/admin/notifications","userAgent":"Mozilla/5.0 (Windows NT 10.0; Win64; x64) AppleWebKit/537.36 (KHTML, like Gecko) Chrome/146.0.0.0 Safari/537.36","userId":null}
{"environment":"development","level":"debug","message":"SQL Query","service":"kanyr-backend","sql":"Executing (default): SELECT `id`, `token`, `user_id`, `expires_at`, `revoked_at` FROM `revoked_tokens` AS `RevokedToken` WHERE `RevokedToken`.`token` = 'eyJhbGciOiJIUzI1NiIsInR5cCI6IkpXVCJ9.eyJkYXRhIjoiVUhpRlk1UVAxUzVEV1VkZ1VQVjhEUT09Oi9tZXE2enkrd1R6T0hsWTRLWUJtbEE9PTpsTUFTcTkydmp1RmlINUEvZmdHcSs2aHBBaDh0aVRHbUNWOGg2S09WMzVGMWs4Z3hIbmZ4dzVHaE9mRWxrTk1JMDBRQ0l5WXYyZEtmQ1NCQ0dWeVhFYmQrRzYyUTdUTUhXMFZmMXl4blJvZ0xmNDl6TFNzPSIsImlhdCI6MTc3MzkxODg4NiwiZXhwIjoxNzc0MDA1Mjg2fQ.VAIm4WIwcNKJZYRQB5SoyrfI3HATkek21g4ntNKixYI' LIMIT 1;","timestamp":"2026-03-19 12:20:52.972","type":"database"}
{"environment":"development","level":"debug","message":"SQL Query","service":"kanyr-backend","sql":"Executing (default): SELECT `user_id`, `username`, `email`, `password`, `admin`, `diak_id`, `token_version`, `last_password_change`, `security_flags`, `deleted_at`, `created_at`, `updated_at` FROM `felhasznalos` AS `Felhasznalo` WHERE (`Felhasznalo`.`deleted_at` IS NULL AND `Felhasznalo`.`user_id` = 1);","timestamp":"2026-03-19 12:20:53.122","type":"database"}
{"environment":"development","level":"debug","message":"SQL Query","service":"kanyr-backend","sql":"Executing (default): SELECT `Notification`.`notification_id`, `Notification`.`diak_id`, `Notification`.`szoba_valtoztatas_id`, `Notification`.`tipus`, `Notification`.`uzenet`, `Notification`.`elolvasva`, `Notification`.`deleted_at`, `Notification`.`created_at`, `Notification`.`updated_at`, `diak`.`diak_id` AS `diak.diak_id`, `diak`.`nev` AS `diak.nev`, `diak`.`email` AS `diak.email`, `diak`.`telefonszam` AS `diak.telefonszam`, `szoba_valtoztatas`.`valtoztatas_id` AS `szoba_valtoztatas.valtoztatas_id`, `szoba_valtoztatas`.`diak_id` AS `szoba_valtoztatas.diak_id`, `szoba_valtoztatas`.`jelenlegi_szoba_id` AS `szoba_valtoztatas.jelenlegi_szoba_id`, `szoba_valtoztatas`.`kivant_szoba_id` AS `szoba_valtoztatas.kivant_szoba_id`, `szoba_valtoztatas`.`statusz` AS `szoba_valtoztatas.statusz`, `szoba_valtoztatas`.`indok` AS `szoba_valtoztatas.indok`, `szoba_valtoztatas`.`academic_year` AS `szoba_valtoztatas.academic_year`, `szoba_valtoztatas`.`semester_count` AS `szoba_valtoztatas.semester_count`, `szoba_valtoztatas`.`deleted_at` AS `szoba_valtoztatas.deleted_at`, `szoba_valtoztatas`.`created_at` AS `szoba_valtoztatas.created_at`, `szoba_valtoztatas`.`updated_at` AS `szoba_valtoztatas.updated_at`, `szoba_valtoztatas->jelenlegi_szoba`.`szoba_id` AS `szoba_valtoztatas.jelenlegi_szoba.szoba_id`, `szoba_valtoztatas->jelenlegi_szoba`.`szoba_szama` AS `szoba_valtoztatas.jelenlegi_szoba.szoba_szama`, `szoba_valtoztatas->kivant_szoba`.`szoba_id` AS `szoba_valtoztatas.kivant_szoba.szoba_id`, `szoba_valtoztatas->kivant_szoba`.`szoba_szama` AS `szoba_valtoztatas.kivant_szoba.szoba_szama` FROM `notifications` AS `Notification` LEFT OUTER JOIN `diaks` AS `diak` ON `Notification`.`diak_id` = `diak`.`diak_id` AND (`diak`.`deleted_at` IS NULL) LEFT OUTER JOIN `szobavaltoztatas` AS `szoba_valtoztatas` ON `Notification`.`szoba_valtoztatas_id` = `szoba_valtoztatas`.`valtoztatas_id` AND (`szoba_valtoztatas`.`deleted_at` IS NULL) LEFT OUTER JOIN `szobas` AS `szoba_valtoztatas->jelenlegi_szoba` ON `szoba_valtoztatas`.`jelenlegi_szoba_id` = `szoba_valtoztatas->jelenlegi_szoba`.`szoba_id` AND (`szoba_valtoztatas->jelenlegi_szoba`.`deleted_at` IS NULL) LEFT OUTER JOIN `szobas` AS `szoba_valtoztatas->kivant_szoba` ON `szoba_valtoztatas`.`kivant_szoba_id` = `szoba_valtoztatas->kivant_szoba`.`szoba_id` AND (`szoba_valtoztatas->kivant_szoba`.`deleted_at` IS NULL) WHERE (`Notification`.`deleted_at` IS NULL) ORDER BY `Notification`.`created_at` DESC;","timestamp":"2026-03-19 12:20:53.187","type":"database"}
{"duration":"225ms","environment":"development","ip":"::1","level":"info","message":"HTTP Request","method":"GET","service":"kanyr-backend","statusCode":304,"timestamp":"2026-03-19 12:20:53.205","type":"http","url":"/api/room-changes/admin/notifications","userAgent":"Mozilla/5.0 (Windows NT 10.0; Win64; x64) AppleWebKit/537.36 (KHTML, like Gecko) Chrome/146.0.0.0 Safari/537.36","userId":null}
{"environment":"development","level":"debug","message":"SQL Query","service":"kanyr-backend","sql":"Executing (default): SELECT `id`, `token`, `user_id`, `expires_at`, `revoked_at` FROM `revoked_tokens` AS `RevokedToken` WHERE `RevokedToken`.`token` = 'eyJhbGciOiJIUzI1NiIsInR5cCI6IkpXVCJ9.eyJkYXRhIjoiVUhpRlk1UVAxUzVEV1VkZ1VQVjhEUT09Oi9tZXE2enkrd1R6T0hsWTRLWUJtbEE9PTpsTUFTcTkydmp1RmlINUEvZmdHcSs2aHBBaDh0aVRHbUNWOGg2S09WMzVGMWs4Z3hIbmZ4dzVHaE9mRWxrTk1JMDBRQ0l5WXYyZEtmQ1NCQ0dWeVhFYmQrRzYyUTdUTUhXMFZmMXl4blJvZ0xmNDl6TFNzPSIsImlhdCI6MTc3MzkxODg4NiwiZXhwIjoxNzc0MDA1Mjg2fQ.VAIm4WIwcNKJZYRQB5SoyrfI3HATkek21g4ntNKixYI' LIMIT 1;","timestamp":"2026-03-19 12:20:55.924","type":"database"}
{"environment":"development","level":"debug","message":"SQL Query","service":"kanyr-backend","sql":"Executing (default): SELECT `user_id`, `username`, `email`, `password`, `admin`, `diak_id`, `token_version`, `last_password_change`, `security_flags`, `deleted_at`, `created_at`, `updated_at` FROM `felhasznalos` AS `Felhasznalo` WHERE (`Felhasznalo`.`deleted_at` IS NULL AND `Felhasznalo`.`user_id` = 1);","timestamp":"2026-03-19 12:20:55.927","type":"database"}
{"environment":"development","level":"debug","message":"SQL Query","service":"kanyr-backend","sql":"Executing (default): SELECT `notification_id`, `diak_id`, `szoba_valtoztatas_id`, `tipus`, `uzenet`, `elolvasva`, `deleted_at`, `created_at`, `updated_at` FROM `notifications` AS `Notification` WHERE (`Notification`.`deleted_at` IS NULL AND `Notification`.`notification_id` = '1');","timestamp":"2026-03-19 12:20:55.931","type":"database"}
{"environment":"development","level":"debug","message":"SQL Query","service":"kanyr-backend","sql":"Executing (default): UPDATE `notifications` SET `elolvasva`=$1,`updated_at`=$2 WHERE `notification_id` = $3","timestamp":"2026-03-19 12:20:55.941","type":"database"}
{"duration":"40ms","environment":"development","ip":"::1","level":"info","message":"HTTP Request","method":"PUT","service":"kanyr-backend","statusCode":200,"timestamp":"2026-03-19 12:20:55.960","type":"http","url":"/api/room-changes/admin/notifications/1/read","userAgent":"Mozilla/5.0 (Windows NT 10.0; Win64; x64) AppleWebKit/537.36 (KHTML, like Gecko) Chrome/146.0.0.0 Safari/537.36","userId":null}
{"environment":"development","level":"debug","message":"SQL Query","service":"kanyr-backend","sql":"Executing (default): SELECT `id`, `token`, `user_id`, `expires_at`, `revoked_at` FROM `revoked_tokens` AS `RevokedToken` WHERE `RevokedToken`.`token` = 'eyJhbGciOiJIUzI1NiIsInR5cCI6IkpXVCJ9.eyJkYXRhIjoiVUhpRlk1UVAxUzVEV1VkZ1VQVjhEUT09Oi9tZXE2enkrd1R6T0hsWTRLWUJtbEE9PTpsTUFTcTkydmp1RmlINUEvZmdHcSs2aHBBaDh0aVRHbUNWOGg2S09WMzVGMWs4Z3hIbmZ4dzVHaE9mRWxrTk1JMDBRQ0l5WXYyZEtmQ1NCQ0dWeVhFYmQrRzYyUTdUTUhXMFZmMXl4blJvZ0xmNDl6TFNzPSIsImlhdCI6MTc3MzkxODg4NiwiZXhwIjoxNzc0MDA1Mjg2fQ.VAIm4WIwcNKJZYRQB5SoyrfI3HATkek21g4ntNKixYI' LIMIT 1;","timestamp":"2026-03-19 12:20:59.716","type":"database"}
{"environment":"development","level":"debug","message":"SQL Query","service":"kanyr-backend","sql":"Executing (default): SELECT `user_id`, `username`, `email`, `password`, `admin`, `diak_id`, `token_version`, `last_password_change`, `security_flags`, `deleted_at`, `created_at`, `updated_at` FROM `felhasznalos` AS `Felhasznalo` WHERE (`Felhasznalo`.`deleted_at` IS NULL AND `Felhasznalo`.`user_id` = 1);","timestamp":"2026-03-19 12:20:59.740","type":"database"}
{"environment":"development","level":"debug","message":"SQL Query","service":"kanyr-backend","sql":"Executing (default): SELECT count(*) AS `count` FROM `diaks` AS `Diak` WHERE (`Diak`.`deleted_at` IS NULL);","timestamp":"2026-03-19 12:20:59.790","type":"database"}
{"environment":"development","level":"debug","message":"SQL Query","service":"kanyr-backend","sql":"Executing (default): SELECT `Diak`.*, `szulo`.`szulo_id` AS `szulo.szulo_id`, `szulo`.`nev` AS `szulo.nev`, `szulo`.`email` AS `szulo.email`, `szulo`.`telefonszam` AS `szulo.telefonszam`, `szulo`.`szemelyi_igazolvany_szam` AS `szulo.szemelyi_igazolvany_szam`, `szulo`.`cim_id` AS `szulo.cim_id`, `szulo`.`deleted_at` AS `szulo.deleted_at`, `szulo`.`created_at` AS `szulo.created_at`, `szulo`.`updated_at` AS `szulo.updated_at`, `szulo->lakcim`.`cim_id` AS `szulo.lakcim.cim_id`, `szulo->lakcim`.`orszag` AS `szulo.lakcim.orszag`, `szulo->lakcim`.`iranyitoszam` AS `szulo.lakcim.iranyitoszam`, `szulo->lakcim`.`varos` AS `szulo.lakcim.varos`, `szulo->lakcim`.`utca_hazszam` AS `szulo.lakcim.utca_hazszam`, `szulo->lakcim`.`deleted_at` AS `szulo.lakcim.deleted_at`, `szulo->lakcim`.`created_at` AS `szulo.lakcim.created_at`, `szulo->lakcim`.`updated_at` AS `szulo.lakcim.updated_at`, `lakcim`.`cim_id` AS `lakcim.cim_id`, `lakcim`.`orszag` AS `lakcim.orszag`, `lakcim`.`iranyitoszam` AS `lakcim.iranyitoszam`, `lakcim`.`varos` AS `lakcim.varos`, `lakcim`.`utca_hazszam` AS `lakcim.utca_hazszam`, `lakcim`.`deleted_at` AS `lakcim.deleted_at`, `lakcim`.`created_at` AS `lakcim.created_at`, `lakcim`.`updated_at` AS `lakcim.updated_at`, `bekoltozesek`.`bekoltozes_id` AS `bekoltozesek.bekoltozes_id`, `bekoltozesek`.`diak_id` AS `bekoltozesek.diak_id`, `bekoltozesek`.`szoba_id` AS `bekoltozesek.szoba_id`, `bekoltozesek`.`bekoltozes_datum` AS `bekoltozesek.bekoltozes_datum`, `bekoltozesek`.`kikoltozes_datum` AS `bekoltozesek.kikoltozes_datum`, `bekoltozesek`.`deleted_at` AS `bekoltozesek.deleted_at`, `bekoltozesek`.`created_at` AS `bekoltozesek.created_at`, `bekoltozesek`.`updated_at` AS `bekoltozesek.updated_at`, `bekoltozesek->szoba`.`szoba_id` AS `bekoltozesek.szoba.szoba_id`, `bekoltozesek->szoba`.`szoba_szama` AS `bekoltozesek.szoba.szoba_szama`, `bekoltozesek->szoba`.`osszes_hely` AS `bekoltozesek.szoba.osszes_hely`, `bekoltozesek->szoba`.`deleted_at` AS `bekoltozesek.szoba.deleted_at`, `bekoltozesek->szoba`.`created_at` AS `bekoltozesek.szoba.created_at`, `bekoltozesek->szoba`.`updated_at` AS `bekoltozesek.szoba.updated_at` FROM (SELECT `Diak`.`diak_id`, `Diak`.`nev`, `Diak`.`email`, `Diak`.`telefonszam`, `Diak`.`szuletesi_datum`, `Diak`.`szemelyi_igazolvany_szam`, `Diak`.`taj_szam`, `Diak`.`diakigazolvany_szam`, `Diak`.`szulo_id`, `Diak`.`kapcsolat_tipusa`, `Diak`.`cim_id`, `Diak`.`nem`, `Diak`.`deleted_at`, `Diak`.`created_at`, `Diak`.`updated_at` FROM `diaks` AS `Diak` WHERE `Diak`.`deleted_at` IS NULL ORDER BY `Diak`.`nev` ASC LIMIT 0, 50) AS `Diak` LEFT OUTER JOIN `szulos` AS `szulo` ON `Diak`.`szulo_id` = `szulo`.`szulo_id` AND (`szulo`.`deleted_at` IS NULL) LEFT OUTER JOIN `lakcims` AS `szulo->lakcim` ON `szulo`.`cim_id` = `szulo->lakcim`.`cim_id` AND (`szulo->lakcim`.`deleted_at` IS NULL) LEFT OUTER JOIN `lakcims` AS `lakcim` ON `Diak`.`cim_id` = `lakcim`.`cim_id` AND (`lakcim`.`deleted_at` IS NULL) LEFT OUTER JOIN `szoba_bekoltozes` AS `bekoltozesek` ON `Diak`.`diak_id` = `bekoltozesek`.`diak_id` AND (`bekoltozesek`.`deleted_at` IS NULL) LEFT OUTER JOIN `szobas` AS `bekoltozesek->szoba` ON `bekoltozesek`.`szoba_id` = `bekoltozesek->szoba`.`szoba_id` AND (`bekoltozesek->szoba`.`deleted_at` IS NULL) ORDER BY `Diak`.`nev` ASC;","timestamp":"2026-03-19 12:20:59.838","type":"database"}
{"duration":"205ms","environment":"development","ip":"::1","level":"info","message":"HTTP Request","method":"GET","service":"kanyr-backend","statusCode":304,"timestamp":"2026-03-19 12:20:59.892","type":"http","url":"/api/students?includeRelations=true","userAgent":"Mozilla/5.0 (Windows NT 10.0; Win64; x64) AppleWebKit/537.36 (KHTML, like Gecko) Chrome/146.0.0.0 Safari/537.36","userId":null}
{"environment":"development","error":{"details":null,"isOperational":true,"message":"Endpoint not found","name":"NotFoundError","requestId":"req-20260319-122100-J37I","stack":"NotFoundError: Endpoint not found\n    at C:\\Users\\SZ2\\Documents\\13.B\\Projektmunka\\KANYR\\backend\\app.js:289:13\n    at Layer.handleRequest (C:\\Users\\SZ2\\Documents\\13.B\\Projektmunka\\KANYR\\backend\\node_modules\\router\\lib\\layer.js:152:17)\n    at trimPrefix (C:\\Users\\SZ2\\Documents\\13.B\\Projektmunka\\KANYR\\backend\\node_modules\\router\\index.js:342:13)\n    at C:\\Users\\SZ2\\Documents\\13.B\\Projektmunka\\KANYR\\backend\\node_modules\\router\\index.js:297:9\n    at processParams (C:\\Users\\SZ2\\Documents\\13.B\\Projektmunka\\KANYR\\backend\\node_modules\\router\\index.js:582:12)\n    at next (C:\\Users\\SZ2\\Documents\\13.B\\Projektmunka\\KANYR\\backend\\node_modules\\router\\index.js:291:5)\n    at csrfProtectionMiddleware (C:\\Users\\SZ2\\Documents\\13.B\\Projektmunka\\KANYR\\backend\\middleware\\csrfMiddleware.js:154:14)\n    at Layer.handleRequest (C:\\Users\\SZ2\\Documents\\13.B\\Projektmunka\\KANYR\\backend\\node_modules\\router\\lib\\layer.js:152:17)\n    at trimPrefix (C:\\Users\\SZ2\\Documents\\13.B\\Projektmunka\\KANYR\\backend\\node_modules\\router\\index.js:342:13)\n    at C:\\Users\\SZ2\\Documents\\13.B\\Projektmunka\\KANYR\\backend\\node_modules\\router\\index.js:297:9","status":"fail","statusCode":404,"timestamp":"2026-03-19T11:21:00.602Z","userId":null},"ip":"::1","level":"error","message":"Endpoint not found","method":"GET","service":"kanyr-backend","stack":"NotFoundError: Endpoint not found\n    at C:\\Users\\SZ2\\Documents\\13.B\\Projektmunka\\KANYR\\backend\\app.js:289:13\n    at Layer.handleRequest (C:\\Users\\SZ2\\Documents\\13.B\\Projektmunka\\KANYR\\backend\\node_modules\\router\\lib\\layer.js:152:17)\n    at trimPrefix (C:\\Users\\SZ2\\Documents\\13.B\\Projektmunka\\KANYR\\backend\\node_modules\\router\\index.js:342:13)\n    at C:\\Users\\SZ2\\Documents\\13.B\\Projektmunka\\KANYR\\backend\\node_modules\\router\\index.js:297:9\n    at processParams (C:\\Users\\SZ2\\Documents\\13.B\\Projektmunka\\KANYR\\backend\\node_modules\\router\\index.js:582:12)\n    at next (C:\\Users\\SZ2\\Documents\\13.B\\Projektmunka\\KANYR\\backend\\node_modules\\router\\index.js:291:5)\n    at csrfProtectionMiddleware (C:\\Users\\SZ2\\Documents\\13.B\\Projektmunka\\KANYR\\backend\\middleware\\csrfMiddleware.js:154:14)\n    at Layer.handleRequest (C:\\Users\\SZ2\\Documents\\13.B\\Projektmunka\\KANYR\\backend\\node_modules\\router\\lib\\layer.js:152:17)\n    at trimPrefix (C:\\Users\\SZ2\\Documents\\13.B\\Projektmunka\\KANYR\\backend\\node_modules\\router\\index.js:342:13)\n    at C:\\Users\\SZ2\\Documents\\13.B\\Projektmunka\\KANYR\\backend\\node_modules\\router\\index.js:297:9","timestamp":"2026-03-19 12:21:00.603","type":"error","url":"/api/szulos","userId":null}
{"duration":"3ms","environment":"development","ip":"::1","level":"info","message":"HTTP Request","method":"GET","service":"kanyr-backend","statusCode":404,"timestamp":"2026-03-19 12:21:00.605","type":"http","url":"/api/szulos","userAgent":"Mozilla/5.0 (Windows NT 10.0; Win64; x64) AppleWebKit/537.36 (KHTML, like Gecko) Chrome/146.0.0.0 Safari/537.36","userId":null}
{"environment":"development","ip":"::1","key":"ip:::1","level":"warn","message":"Suspicious activity detected","method":"GET","path":"/api/rooms","requestCount":11,"service":"kanyr-backend","timestamp":"2026-03-19 12:21:01.586","userAgent":"Mozilla/5.0 (Windows NT 10.0; Win64; x64) AppleWebKit/537.36 (KHTML, like Gecko) Chrome/146.0.0.0 Safari/537.36"}
{"environment":"development","level":"debug","message":"SQL Query","service":"kanyr-backend","sql":"Executing (default): SELECT `id`, `token`, `user_id`, `expires_at`, `revoked_at` FROM `revoked_tokens` AS `RevokedToken` WHERE `RevokedToken`.`token` = 'eyJhbGciOiJIUzI1NiIsInR5cCI6IkpXVCJ9.eyJkYXRhIjoiVUhpRlk1UVAxUzVEV1VkZ1VQVjhEUT09Oi9tZXE2enkrd1R6T0hsWTRLWUJtbEE9PTpsTUFTcTkydmp1RmlINUEvZmdHcSs2aHBBaDh0aVRHbUNWOGg2S09WMzVGMWs4Z3hIbmZ4dzVHaE9mRWxrTk1JMDBRQ0l5WXYyZEtmQ1NCQ0dWeVhFYmQrRzYyUTdUTUhXMFZmMXl4blJvZ0xmNDl6TFNzPSIsImlhdCI6MTc3MzkxODg4NiwiZXhwIjoxNzc0MDA1Mjg2fQ.VAIm4WIwcNKJZYRQB5SoyrfI3HATkek21g4ntNKixYI' LIMIT 1;","timestamp":"2026-03-19 12:21:01.589","type":"database"}
{"environment":"development","ip":"::1","key":"ip:::1","level":"warn","message":"Suspicious activity detected","method":"GET","path":"/api/rooms/available","requestCount":12,"service":"kanyr-backend","timestamp":"2026-03-19 12:21:01.604","userAgent":"Mozilla/5.0 (Windows NT 10.0; Win64; x64) AppleWebKit/537.36 (KHTML, like Gecko) Chrome/146.0.0.0 Safari/537.36"}
{"environment":"development","level":"debug","message":"SQL Query","service":"kanyr-backend","sql":"Executing (default): SELECT `id`, `token`, `user_id`, `expires_at`, `revoked_at` FROM `revoked_tokens` AS `RevokedToken` WHERE `RevokedToken`.`token` = 'eyJhbGciOiJIUzI1NiIsInR5cCI6IkpXVCJ9.eyJkYXRhIjoiVUhpRlk1UVAxUzVEV1VkZ1VQVjhEUT09Oi9tZXE2enkrd1R6T0hsWTRLWUJtbEE9PTpsTUFTcTkydmp1RmlINUEvZmdHcSs2aHBBaDh0aVRHbUNWOGg2S09WMzVGMWs4Z3hIbmZ4dzVHaE9mRWxrTk1JMDBRQ0l5WXYyZEtmQ1NCQ0dWeVhFYmQrRzYyUTdUTUhXMFZmMXl4blJvZ0xmNDl6TFNzPSIsImlhdCI6MTc3MzkxODg4NiwiZXhwIjoxNzc0MDA1Mjg2fQ.VAIm4WIwcNKJZYRQB5SoyrfI3HATkek21g4ntNKixYI' LIMIT 1;","timestamp":"2026-03-19 12:21:01.634","type":"database"}
{"environment":"development","ip":"::1","key":"ip:::1","level":"warn","message":"Suspicious activity detected","method":"GET","path":"/api/students","requestCount":13,"service":"kanyr-backend","timestamp":"2026-03-19 12:21:01.636","userAgent":"Mozilla/5.0 (Windows NT 10.0; Win64; x64) AppleWebKit/537.36 (KHTML, like Gecko) Chrome/146.0.0.0 Safari/537.36"}
{"environment":"development","level":"debug","message":"SQL Query","service":"kanyr-backend","sql":"Executing (default): SELECT `id`, `token`, `user_id`, `expires_at`, `revoked_at` FROM `revoked_tokens` AS `RevokedToken` WHERE `RevokedToken`.`token` = 'eyJhbGciOiJIUzI1NiIsInR5cCI6IkpXVCJ9.eyJkYXRhIjoiVUhpRlk1UVAxUzVEV1VkZ1VQVjhEUT09Oi9tZXE2enkrd1R6T0hsWTRLWUJtbEE9PTpsTUFTcTkydmp1RmlINUEvZmdHcSs2aHBBaDh0aVRHbUNWOGg2S09WMzVGMWs4Z3hIbmZ4dzVHaE9mRWxrTk1JMDBRQ0l5WXYyZEtmQ1NCQ0dWeVhFYmQrRzYyUTdUTUhXMFZmMXl4blJvZ0xmNDl6TFNzPSIsImlhdCI6MTc3MzkxODg4NiwiZXhwIjoxNzc0MDA1Mjg2fQ.VAIm4WIwcNKJZYRQB5SoyrfI3HATkek21g4ntNKixYI' LIMIT 1;","timestamp":"2026-03-19 12:21:01.651","type":"database"}
{"environment":"development","level":"debug","message":"SQL Query","service":"kanyr-backend","sql":"Executing (default): SELECT `user_id`, `username`, `email`, `password`, `admin`, `diak_id`, `token_version`, `last_password_change`, `security_flags`, `deleted_at`, `created_at`, `updated_at` FROM `felhasznalos` AS `Felhasznalo` WHERE (`Felhasznalo`.`deleted_at` IS NULL AND `Felhasznalo`.`user_id` = 1);","timestamp":"2026-03-19 12:21:01.654","type":"database"}
{"environment":"development","level":"debug","message":"SQL Query","service":"kanyr-backend","sql":"Executing (default): SELECT `user_id`, `username`, `email`, `password`, `admin`, `diak_id`, `token_version`, `last_password_change`, `security_flags`, `deleted_at`, `created_at`, `updated_at` FROM `felhasznalos` AS `Felhasznalo` WHERE (`Felhasznalo`.`deleted_at` IS NULL AND `Felhasznalo`.`user_id` = 1);","timestamp":"2026-03-19 12:21:01.693","type":"database"}
{"environment":"development","level":"debug","message":"SQL Query","service":"kanyr-backend","sql":"Executing (default): SELECT `user_id`, `username`, `email`, `password`, `admin`, `diak_id`, `token_version`, `last_password_change`, `security_flags`, `deleted_at`, `created_at`, `updated_at` FROM `felhasznalos` AS `Felhasznalo` WHERE (`Felhasznalo`.`deleted_at` IS NULL AND `Felhasznalo`.`user_id` = 1);","timestamp":"2026-03-19 12:21:01.705","type":"database"}
{"environment":"development","level":"debug","message":"SQL Query","service":"kanyr-backend","sql":"Executing (default): SELECT `Szoba`.*, `bekoltozesek`.`bekoltozes_id` AS `bekoltozesek.bekoltozes_id`, `bekoltozesek`.`diak_id` AS `bekoltozesek.diak_id`, `bekoltozesek`.`szoba_id` AS `bekoltozesek.szoba_id`, `bekoltozesek`.`bekoltozes_datum` AS `bekoltozesek.bekoltozes_datum`, `bekoltozesek`.`kikoltozes_datum` AS `bekoltozesek.kikoltozes_datum`, `bekoltozesek`.`deleted_at` AS `bekoltozesek.deleted_at`, `bekoltozesek`.`created_at` AS `bekoltozesek.created_at`, `bekoltozesek`.`updated_at` AS `bekoltozesek.updated_at`, `bekoltozesek->diak`.`diak_id` AS `bekoltozesek.diak.diak_id`, `bekoltozesek->diak`.`nev` AS `bekoltozesek.diak.nev`, `bekoltozesek->diak`.`email` AS `bekoltozesek.diak.email`, `bekoltozesek->diak`.`telefonszam` AS `bekoltozesek.diak.telefonszam`, `bekoltozesek->diak`.`szuletesi_datum` AS `bekoltozesek.diak.szuletesi_datum`, `bekoltozesek->diak`.`szemelyi_igazolvany_szam` AS `bekoltozesek.diak.szemelyi_igazolvany_szam`, `bekoltozesek->diak`.`taj_szam` AS `bekoltozesek.diak.taj_szam`, `bekoltozesek->diak`.`diakigazolvany_szam` AS `bekoltozesek.diak.diakigazolvany_szam`, `bekoltozesek->diak`.`szulo_id` AS `bekoltozesek.diak.szulo_id`, `bekoltozesek->diak`.`kapcsolat_tipusa` AS `bekoltozesek.diak.kapcsolat_tipusa`, `bekoltozesek->diak`.`cim_id` AS `bekoltozesek.diak.cim_id`, `bekoltozesek->diak`.`nem` AS `bekoltozesek.diak.nem`, `bekoltozesek->diak`.`deleted_at` AS `bekoltozesek.diak.deleted_at`, `bekoltozesek->diak`.`created_at` AS `bekoltozesek.diak.created_at`, `bekoltozesek->diak`.`updated_at` AS `bekoltozesek.diak.updated_at` FROM (SELECT `Szoba`.`szoba_id`, `Szoba`.`szoba_szama`, `Szoba`.`osszes_hely`, `Szoba`.`deleted_at`, `Szoba`.`created_at`, `Szoba`.`updated_at` FROM `szobas` AS `Szoba` WHERE `Szoba`.`deleted_at` IS NULL ORDER BY `Szoba`.`szoba_id` ASC LIMIT 0, 10) AS `Szoba` LEFT OUTER JOIN `szoba_bekoltozes` AS `bekoltozesek` ON `Szoba`.`szoba_id` = `bekoltozesek`.`szoba_id` AND (`bekoltozesek`.`deleted_at` IS NULL AND `bekoltozesek`.`kikoltozes_datum` IS NULL) LEFT OUTER JOIN `diaks` AS `bekoltozesek->diak` ON `bekoltozesek`.`diak_id` = `bekoltozesek->diak`.`diak_id` AND (`bekoltozesek->diak`.`deleted_at` IS NULL) ORDER BY `Szoba`.`szoba_id` ASC;","timestamp":"2026-03-19 12:21:01.737","type":"database"}
{"environment":"development","level":"debug","message":"SQL Query","service":"kanyr-backend","sql":"Executing (default): SELECT `szoba_id`, `szoba_szama`, `osszes_hely`, `deleted_at`, `created_at`, `updated_at` FROM `szobas` AS `Szoba` WHERE `Szoba`.`deleted_at` IS NULL ORDER BY `Szoba`.`szoba_id` ASC LIMIT 0, 10;","timestamp":"2026-03-19 12:21:01.752","type":"database"}
{"environment":"development","level":"debug","message":"SQL Query","service":"kanyr-backend","sql":"Executing (default): SELECT count(*) AS `count` FROM `diaks` AS `Diak` WHERE (`Diak`.`deleted_at` IS NULL);","timestamp":"2026-03-19 12:21:01.801","type":"database"}
{"duration":"252ms","environment":"development","ip":"::1","level":"info","message":"HTTP Request","method":"GET","service":"kanyr-backend","statusCode":200,"timestamp":"2026-03-19 12:21:01.838","type":"http","url":"/api/rooms","userAgent":"Mozilla/5.0 (Windows NT 10.0; Win64; x64) AppleWebKit/537.36 (KHTML, like Gecko) Chrome/146.0.0.0 Safari/537.36","userId":null}
{"environment":"development","ip":"::1","key":"ip:::1","level":"warn","message":"Suspicious activity detected","method":"GET","path":"/api/rooms/1/occupancy","requestCount":14,"service":"kanyr-backend","timestamp":"2026-03-19 12:21:01.871","userAgent":"Mozilla/5.0 (Windows NT 10.0; Win64; x64) AppleWebKit/537.36 (KHTML, like Gecko) Chrome/146.0.0.0 Safari/537.36"}
{"environment":"development","level":"debug","message":"SQL Query","service":"kanyr-backend","sql":"Executing (default): SELECT `id`, `token`, `user_id`, `expires_at`, `revoked_at` FROM `revoked_tokens` AS `RevokedToken` WHERE `RevokedToken`.`token` = 'eyJhbGciOiJIUzI1NiIsInR5cCI6IkpXVCJ9.eyJkYXRhIjoiVUhpRlk1UVAxUzVEV1VkZ1VQVjhEUT09Oi9tZXE2enkrd1R6T0hsWTRLWUJtbEE9PTpsTUFTcTkydmp1RmlINUEvZmdHcSs2aHBBaDh0aVRHbUNWOGg2S09WMzVGMWs4Z3hIbmZ4dzVHaE9mRWxrTk1JMDBRQ0l5WXYyZEtmQ1NCQ0dWeVhFYmQrRzYyUTdUTUhXMFZmMXl4blJvZ0xmNDl6TFNzPSIsImlhdCI6MTc3MzkxODg4NiwiZXhwIjoxNzc0MDA1Mjg2fQ.VAIm4WIwcNKJZYRQB5SoyrfI3HATkek21g4ntNKixYI' LIMIT 1;","timestamp":"2026-03-19 12:21:01.883","type":"database"}
{"environment":"development","ip":"::1","key":"ip:::1","level":"warn","message":"Suspicious activity detected","method":"GET","path":"/api/rooms/2/occupancy","requestCount":15,"service":"kanyr-backend","timestamp":"2026-03-19 12:21:01.886","userAgent":"Mozilla/5.0 (Windows NT 10.0; Win64; x64) AppleWebKit/537.36 (KHTML, like Gecko) Chrome/146.0.0.0 Safari/537.36"}
{"environment":"development","level":"debug","message":"SQL Query","service":"kanyr-backend","sql":"Executing (default): SELECT `id`, `token`, `user_id`, `expires_at`, `revoked_at` FROM `revoked_tokens` AS `RevokedToken` WHERE `RevokedToken`.`token` = 'eyJhbGciOiJIUzI1NiIsInR5cCI6IkpXVCJ9.eyJkYXRhIjoiVUhpRlk1UVAxUzVEV1VkZ1VQVjhEUT09Oi9tZXE2enkrd1R6T0hsWTRLWUJtbEE9PTpsTUFTcTkydmp1RmlINUEvZmdHcSs2aHBBaDh0aVRHbUNWOGg2S09WMzVGMWs4Z3hIbmZ4dzVHaE9mRWxrTk1JMDBRQ0l5WXYyZEtmQ1NCQ0dWeVhFYmQrRzYyUTdUTUhXMFZmMXl4blJvZ0xmNDl6TFNzPSIsImlhdCI6MTc3MzkxODg4NiwiZXhwIjoxNzc0MDA1Mjg2fQ.VAIm4WIwcNKJZYRQB5SoyrfI3HATkek21g4ntNKixYI' LIMIT 1;","timestamp":"2026-03-19 12:21:01.893","type":"database"}
{"environment":"development","ip":"::1","key":"ip:::1","level":"warn","message":"Suspicious activity detected","method":"GET","path":"/api/rooms/3/occupancy","requestCount":16,"service":"kanyr-backend","timestamp":"2026-03-19 12:21:01.899","userAgent":"Mozilla/5.0 (Windows NT 10.0; Win64; x64) AppleWebKit/537.36 (KHTML, like Gecko) Chrome/146.0.0.0 Safari/537.36"}
{"environment":"development","level":"debug","message":"SQL Query","service":"kanyr-backend","sql":"Executing (default): SELECT `id`, `token`, `user_id`, `expires_at`, `revoked_at` FROM `revoked_tokens` AS `RevokedToken` WHERE `RevokedToken`.`token` = 'eyJhbGciOiJIUzI1NiIsInR5cCI6IkpXVCJ9.eyJkYXRhIjoiVUhpRlk1UVAxUzVEV1VkZ1VQVjhEUT09Oi9tZXE2enkrd1R6T0hsWTRLWUJtbEE9PTpsTUFTcTkydmp1RmlINUEvZmdHcSs2aHBBaDh0aVRHbUNWOGg2S09WMzVGMWs4Z3hIbmZ4dzVHaE9mRWxrTk1JMDBRQ0l5WXYyZEtmQ1NCQ0dWeVhFYmQrRzYyUTdUTUhXMFZmMXl4blJvZ0xmNDl6TFNzPSIsImlhdCI6MTc3MzkxODg4NiwiZXhwIjoxNzc0MDA1Mjg2fQ.VAIm4WIwcNKJZYRQB5SoyrfI3HATkek21g4ntNKixYI' LIMIT 1;","timestamp":"2026-03-19 12:21:01.903","type":"database"}
{"environment":"development","ip":"::1","key":"ip:::1","level":"warn","message":"Suspicious activity detected","method":"GET","path":"/api/rooms/4/occupancy","requestCount":17,"service":"kanyr-backend","timestamp":"2026-03-19 12:21:01.905","userAgent":"Mozilla/5.0 (Windows NT 10.0; Win64; x64) AppleWebKit/537.36 (KHTML, like Gecko) Chrome/146.0.0.0 Safari/537.36"}
{"environment":"development","level":"debug","message":"SQL Query","service":"kanyr-backend","sql":"Executing (default): SELECT `id`, `token`, `user_id`, `expires_at`, `revoked_at` FROM `revoked_tokens` AS `RevokedToken` WHERE `RevokedToken`.`token` = 'eyJhbGciOiJIUzI1NiIsInR5cCI6IkpXVCJ9.eyJkYXRhIjoiVUhpRlk1UVAxUzVEV1VkZ1VQVjhEUT09Oi9tZXE2enkrd1R6T0hsWTRLWUJtbEE9PTpsTUFTcTkydmp1RmlINUEvZmdHcSs2aHBBaDh0aVRHbUNWOGg2S09WMzVGMWs4Z3hIbmZ4dzVHaE9mRWxrTk1JMDBRQ0l5WXYyZEtmQ1NCQ0dWeVhFYmQrRzYyUTdUTUhXMFZmMXl4blJvZ0xmNDl6TFNzPSIsImlhdCI6MTc3MzkxODg4NiwiZXhwIjoxNzc0MDA1Mjg2fQ.VAIm4WIwcNKJZYRQB5SoyrfI3HATkek21g4ntNKixYI' LIMIT 1;","timestamp":"2026-03-19 12:21:01.916","type":"database"}
{"environment":"development","level":"debug","message":"SQL Query","service":"kanyr-backend","sql":"Executing (default): SELECT `szoba_id`, COUNT(`bekoltozes_id`) AS `occupancy` FROM `szoba_bekoltozes` AS `SzobaBekoltozes` WHERE (`SzobaBekoltozes`.`deleted_at` IS NULL AND (`SzobaBekoltozes`.`szoba_id` IN (1, 2, 3, 4, 5, 6) AND `SzobaBekoltozes`.`kikoltozes_datum` IS NULL)) GROUP BY `szoba_id`;","timestamp":"2026-03-19 12:21:01.932","type":"database"}
{"environment":"development","level":"debug","message":"SQL Query","service":"kanyr-backend","sql":"Executing (default): SELECT `user_id`, `username`, `email`, `password`, `admin`, `diak_id`, `token_version`, `last_password_change`, `security_flags`, `deleted_at`, `created_at`, `updated_at` FROM `felhasznalos` AS `Felhasznalo` WHERE (`Felhasznalo`.`deleted_at` IS NULL AND `Felhasznalo`.`user_id` = 1);","timestamp":"2026-03-19 12:21:01.934","type":"database"}
{"environment":"development","level":"debug","message":"SQL Query","service":"kanyr-backend","sql":"Executing (default): SELECT `Diak`.*, `szulo`.`szulo_id` AS `szulo.szulo_id`, `szulo`.`nev` AS `szulo.nev`, `szulo`.`email` AS `szulo.email`, `szulo`.`telefonszam` AS `szulo.telefonszam`, `szulo`.`szemelyi_igazolvany_szam` AS `szulo.szemelyi_igazolvany_szam`, `szulo`.`cim_id` AS `szulo.cim_id`, `szulo`.`deleted_at` AS `szulo.deleted_at`, `szulo`.`created_at` AS `szulo.created_at`, `szulo`.`updated_at` AS `szulo.updated_at`, `szulo->lakcim`.`cim_id` AS `szulo.lakcim.cim_id`, `szulo->lakcim`.`orszag` AS `szulo.lakcim.orszag`, `szulo->lakcim`.`iranyitoszam` AS `szulo.lakcim.iranyitoszam`, `szulo->lakcim`.`varos` AS `szulo.lakcim.varos`, `szulo->lakcim`.`utca_hazszam` AS `szulo.lakcim.utca_hazszam`, `szulo->lakcim`.`deleted_at` AS `szulo.lakcim.deleted_at`, `szulo->lakcim`.`created_at` AS `szulo.lakcim.created_at`, `szulo->lakcim`.`updated_at` AS `szulo.lakcim.updated_at`, `lakcim`.`cim_id` AS `lakcim.cim_id`, `lakcim`.`orszag` AS `lakcim.orszag`, `lakcim`.`iranyitoszam` AS `lakcim.iranyitoszam`, `lakcim`.`varos` AS `lakcim.varos`, `lakcim`.`utca_hazszam` AS `lakcim.utca_hazszam`, `lakcim`.`deleted_at` AS `lakcim.deleted_at`, `lakcim`.`created_at` AS `lakcim.created_at`, `lakcim`.`updated_at` AS `lakcim.updated_at`, `bekoltozesek`.`bekoltozes_id` AS `bekoltozesek.bekoltozes_id`, `bekoltozesek`.`diak_id` AS `bekoltozesek.diak_id`, `bekoltozesek`.`szoba_id` AS `bekoltozesek.szoba_id`, `bekoltozesek`.`bekoltozes_datum` AS `bekoltozesek.bekoltozes_datum`, `bekoltozesek`.`kikoltozes_datum` AS `bekoltozesek.kikoltozes_datum`, `bekoltozesek`.`deleted_at` AS `bekoltozesek.deleted_at`, `bekoltozesek`.`created_at` AS `bekoltozesek.created_at`, `bekoltozesek`.`updated_at` AS `bekoltozesek.updated_at`, `bekoltozesek->szoba`.`szoba_id` AS `bekoltozesek.szoba.szoba_id`, `bekoltozesek->szoba`.`szoba_szama` AS `bekoltozesek.szoba.szoba_szama`, `bekoltozesek->szoba`.`osszes_hely` AS `bekoltozesek.szoba.osszes_hely`, `bekoltozesek->szoba`.`deleted_at` AS `bekoltozesek.szoba.deleted_at`, `bekoltozesek->szoba`.`created_at` AS `bekoltozesek.szoba.created_at`, `bekoltozesek->szoba`.`updated_at` AS `bekoltozesek.szoba.updated_at` FROM (SELECT `Diak`.`diak_id`, `Diak`.`nev`, `Diak`.`email`, `Diak`.`telefonszam`, `Diak`.`szuletesi_datum`, `Diak`.`szemelyi_igazolvany_szam`, `Diak`.`taj_szam`, `Diak`.`diakigazolvany_szam`, `Diak`.`szulo_id`, `Diak`.`kapcsolat_tipusa`, `Diak`.`cim_id`, `Diak`.`nem`, `Diak`.`deleted_at`, `Diak`.`created_at`, `Diak`.`updated_at` FROM `diaks` AS `Diak` WHERE `Diak`.`deleted_at` IS NULL ORDER BY `Diak`.`nev` ASC LIMIT 0, 50) AS `Diak` LEFT OUTER JOIN `szulos` AS `szulo` ON `Diak`.`szulo_id` = `szulo`.`szulo_id` AND (`szulo`.`deleted_at` IS NULL) LEFT OUTER JOIN `lakcims` AS `szulo->lakcim` ON `szulo`.`cim_id` = `szulo->lakcim`.`cim_id` AND (`szulo->lakcim`.`deleted_at` IS NULL) LEFT OUTER JOIN `lakcims` AS `lakcim` ON `Diak`.`cim_id` = `lakcim`.`cim_id` AND (`lakcim`.`deleted_at` IS NULL) LEFT OUTER JOIN `szoba_bekoltozes` AS `bekoltozesek` ON `Diak`.`diak_id` = `bekoltozesek`.`diak_id` AND (`bekoltozesek`.`deleted_at` IS NULL) LEFT OUTER JOIN `szobas` AS `bekoltozesek->szoba` ON `bekoltozesek`.`szoba_id` = `bekoltozesek->szoba`.`szoba_id` AND (`bekoltozesek->szoba`.`deleted_at` IS NULL) ORDER BY `Diak`.`nev` ASC;","timestamp":"2026-03-19 12:21:01.945","type":"database"}
{"environment":"development","level":"debug","message":"SQL Query","service":"kanyr-backend","sql":"Executing (default): SELECT `user_id`, `username`, `email`, `password`, `admin`, `diak_id`, `token_version`, `last_password_change`, `security_flags`, `deleted_at`, `created_at`, `updated_at` FROM `felhasznalos` AS `Felhasznalo` WHERE (`Felhasznalo`.`deleted_at` IS NULL AND `Felhasznalo`.`user_id` = 1);","timestamp":"2026-03-19 12:21:01.950","type":"database"}
{"environment":"development","level":"debug","message":"SQL Query","service":"kanyr-backend","sql":"Executing (default): SELECT `user_id`, `username`, `email`, `password`, `admin`, `diak_id`, `token_version`, `last_password_change`, `security_flags`, `deleted_at`, `created_at`, `updated_at` FROM `felhasznalos` AS `Felhasznalo` WHERE (`Felhasznalo`.`deleted_at` IS NULL AND `Felhasznalo`.`user_id` = 1);","timestamp":"2026-03-19 12:21:01.955","type":"database"}
{"environment":"development","level":"debug","message":"SQL Query","service":"kanyr-backend","sql":"Executing (default): SELECT `user_id`, `username`, `email`, `password`, `admin`, `diak_id`, `token_version`, `last_password_change`, `security_flags`, `deleted_at`, `created_at`, `updated_at` FROM `felhasznalos` AS `Felhasznalo` WHERE (`Felhasznalo`.`deleted_at` IS NULL AND `Felhasznalo`.`user_id` = 1);","timestamp":"2026-03-19 12:21:01.966","type":"database"}
{"environment":"development","level":"debug","message":"SQL Query","service":"kanyr-backend","sql":"Executing (default): SELECT `szoba_id`, `szoba_szama`, `osszes_hely`, `deleted_at`, `created_at`, `updated_at` FROM `szobas` AS `Szoba` WHERE (`Szoba`.`deleted_at` IS NULL AND `Szoba`.`szoba_id` = 1);","timestamp":"2026-03-19 12:21:01.973","type":"database"}
{"duration":"407ms","environment":"development","ip":"::1","level":"info","message":"HTTP Request","method":"GET","service":"kanyr-backend","statusCode":200,"timestamp":"2026-03-19 12:21:02.011","type":"http","url":"/api/rooms/available","userAgent":"Mozilla/5.0 (Windows NT 10.0; Win64; x64) AppleWebKit/537.36 (KHTML, like Gecko) Chrome/146.0.0.0 Safari/537.36","userId":null}
{"environment":"development","level":"debug","message":"SQL Query","service":"kanyr-backend","sql":"Executing (default): SELECT `szoba_id`, `szoba_szama`, `osszes_hely`, `deleted_at`, `created_at`, `updated_at` FROM `szobas` AS `Szoba` WHERE (`Szoba`.`deleted_at` IS NULL AND `Szoba`.`szoba_id` = 4);","timestamp":"2026-03-19 12:21:02.024","type":"database"}
{"environment":"development","ip":"::1","key":"ip:::1","level":"warn","message":"Suspicious activity detected","method":"GET","path":"/api/rooms/5/occupancy","requestCount":18,"service":"kanyr-backend","timestamp":"2026-03-19 12:21:02.028","userAgent":"Mozilla/5.0 (Windows NT 10.0; Win64; x64) AppleWebKit/537.36 (KHTML, like Gecko) Chrome/146.0.0.0 Safari/537.36"}
{"environment":"development","level":"debug","message":"SQL Query","service":"kanyr-backend","sql":"Executing (default): SELECT `id`, `token`, `user_id`, `expires_at`, `revoked_at` FROM `revoked_tokens` AS `RevokedToken` WHERE `RevokedToken`.`token` = 'eyJhbGciOiJIUzI1NiIsInR5cCI6IkpXVCJ9.eyJkYXRhIjoiVUhpRlk1UVAxUzVEV1VkZ1VQVjhEUT09Oi9tZXE2enkrd1R6T0hsWTRLWUJtbEE9PTpsTUFTcTkydmp1RmlINUEvZmdHcSs2aHBBaDh0aVRHbUNWOGg2S09WMzVGMWs4Z3hIbmZ4dzVHaE9mRWxrTk1JMDBRQ0l5WXYyZEtmQ1NCQ0dWeVhFYmQrRzYyUTdUTUhXMFZmMXl4blJvZ0xmNDl6TFNzPSIsImlhdCI6MTc3MzkxODg4NiwiZXhwIjoxNzc0MDA1Mjg2fQ.VAIm4WIwcNKJZYRQB5SoyrfI3HATkek21g4ntNKixYI' LIMIT 1;","timestamp":"2026-03-19 12:21:02.038","type":"database"}
{"duration":"422ms","environment":"development","ip":"::1","level":"info","message":"HTTP Request","method":"GET","service":"kanyr-backend","statusCode":200,"timestamp":"2026-03-19 12:21:02.058","type":"http","url":"/api/students","userAgent":"Mozilla/5.0 (Windows NT 10.0; Win64; x64) AppleWebKit/537.36 (KHTML, like Gecko) Chrome/146.0.0.0 Safari/537.36","userId":null}
{"environment":"development","level":"debug","message":"SQL Query","service":"kanyr-backend","sql":"Executing (default): SELECT count(*) AS `count` FROM `szoba_bekoltozes` AS `SzobaBekoltozes` WHERE (`SzobaBekoltozes`.`deleted_at` IS NULL AND (`SzobaBekoltozes`.`szoba_id` = 1 AND `SzobaBekoltozes`.`kikoltozes_datum` IS NULL));","timestamp":"2026-03-19 12:21:02.081","type":"database"}
{"environment":"development","ip":"::1","key":"ip:::1","level":"warn","message":"Suspicious activity detected","method":"GET","path":"/api/rooms/6/occupancy","requestCount":19,"service":"kanyr-backend","timestamp":"2026-03-19 12:21:02.086","userAgent":"Mozilla/5.0 (Windows NT 10.0; Win64; x64) AppleWebKit/537.36 (KHTML, like Gecko) Chrome/146.0.0.0 Safari/537.36"}
{"environment":"development","level":"debug","message":"SQL Query","service":"kanyr-backend","sql":"Executing (default): SELECT `id`, `token`, `user_id`, `expires_at`, `revoked_at` FROM `revoked_tokens` AS `RevokedToken` WHERE `RevokedToken`.`token` = 'eyJhbGciOiJIUzI1NiIsInR5cCI6IkpXVCJ9.eyJkYXRhIjoiVUhpRlk1UVAxUzVEV1VkZ1VQVjhEUT09Oi9tZXE2enkrd1R6T0hsWTRLWUJtbEE9PTpsTUFTcTkydmp1RmlINUEvZmdHcSs2aHBBaDh0aVRHbUNWOGg2S09WMzVGMWs4Z3hIbmZ4dzVHaE9mRWxrTk1JMDBRQ0l5WXYyZEtmQ1NCQ0dWeVhFYmQrRzYyUTdUTUhXMFZmMXl4blJvZ0xmNDl6TFNzPSIsImlhdCI6MTc3MzkxODg4NiwiZXhwIjoxNzc0MDA1Mjg2fQ.VAIm4WIwcNKJZYRQB5SoyrfI3HATkek21g4ntNKixYI' LIMIT 1;","timestamp":"2026-03-19 12:21:02.099","type":"database"}
{"environment":"development","level":"debug","message":"SQL Query","service":"kanyr-backend","sql":"Executing (default): SELECT `szoba_id`, `szoba_szama`, `osszes_hely`, `deleted_at`, `created_at`, `updated_at` FROM `szobas` AS `Szoba` WHERE (`Szoba`.`deleted_at` IS NULL AND `Szoba`.`szoba_id` = 2);","timestamp":"2026-03-19 12:21:02.116","type":"database"}
{"environment":"development","level":"debug","message":"SQL Query","service":"kanyr-backend","sql":"Executing (default): SELECT `szoba_id`, `szoba_szama`, `osszes_hely`, `deleted_at`, `created_at`, `updated_at` FROM `szobas` AS `Szoba` WHERE (`Szoba`.`deleted_at` IS NULL AND `Szoba`.`szoba_id` = 3);","timestamp":"2026-03-19 12:21:02.122","type":"database"}
{"environment":"development","level":"debug","message":"SQL Query","service":"kanyr-backend","sql":"Executing (default): SELECT `user_id`, `username`, `email`, `password`, `admin`, `diak_id`, `token_version`, `last_password_change`, `security_flags`, `deleted_at`, `created_at`, `updated_at` FROM `felhasznalos` AS `Felhasznalo` WHERE (`Felhasznalo`.`deleted_at` IS NULL AND `Felhasznalo`.`user_id` = 1);","timestamp":"2026-03-19 12:21:02.125","type":"database"}
{"environment":"development","level":"debug","message":"SQL Query","service":"kanyr-backend","sql":"Executing (default): SELECT count(*) AS `count` FROM `szoba_bekoltozes` AS `SzobaBekoltozes` WHERE (`SzobaBekoltozes`.`deleted_at` IS NULL AND (`SzobaBekoltozes`.`szoba_id` = 4 AND `SzobaBekoltozes`.`kikoltozes_datum` IS NULL));","timestamp":"2026-03-19 12:21:02.136","type":"database"}
{"environment":"development","level":"debug","message":"SQL Query","service":"kanyr-backend","sql":"Executing (default): SELECT `user_id`, `username`, `email`, `password`, `admin`, `diak_id`, `token_version`, `last_password_change`, `security_flags`, `deleted_at`, `created_at`, `updated_at` FROM `felhasznalos` AS `Felhasznalo` WHERE (`Felhasznalo`.`deleted_at` IS NULL AND `Felhasznalo`.`user_id` = 1);","timestamp":"2026-03-19 12:21:02.138","type":"database"}
{"environment":"development","level":"debug","message":"SQL Query","service":"kanyr-backend","sql":"Executing (default): SELECT `SzobaBekoltozes`.`bekoltozes_id`, `SzobaBekoltozes`.`diak_id`, `SzobaBekoltozes`.`szoba_id`, `SzobaBekoltozes`.`bekoltozes_datum`, `SzobaBekoltozes`.`kikoltozes_datum`, `SzobaBekoltozes`.`deleted_at`, `SzobaBekoltozes`.`created_at`, `SzobaBekoltozes`.`updated_at`, `diak`.`diak_id` AS `diak.diak_id`, `diak`.`nev` AS `diak.nev`, `diak`.`email` AS `diak.email`, `diak`.`telefonszam` AS `diak.telefonszam`, `diak`.`szuletesi_datum` AS `diak.szuletesi_datum`, `diak`.`szemelyi_igazolvany_szam` AS `diak.szemelyi_igazolvany_szam`, `diak`.`taj_szam` AS `diak.taj_szam`, `diak`.`diakigazolvany_szam` AS `diak.diakigazolvany_szam`, `diak`.`szulo_id` AS `diak.szulo_id`, `diak`.`kapcsolat_tipusa` AS `diak.kapcsolat_tipusa`, `diak`.`cim_id` AS `diak.cim_id`, `diak`.`nem` AS `diak.nem`, `diak`.`deleted_at` AS `diak.deleted_at`, `diak`.`created_at` AS `diak.created_at`, `diak`.`updated_at` AS `diak.updated_at` FROM `szoba_bekoltozes` AS `SzobaBekoltozes` LEFT OUTER JOIN `diaks` AS `diak` ON `SzobaBekoltozes`.`diak_id` = `diak`.`diak_id` AND (`diak`.`deleted_at` IS NULL) WHERE (`SzobaBekoltozes`.`deleted_at` IS NULL AND (`SzobaBekoltozes`.`szoba_id` = 1 AND `SzobaBekoltozes`.`kikoltozes_datum` IS NULL));","timestamp":"2026-03-19 12:21:02.147","type":"database"}
{"environment":"development","level":"debug","message":"SQL Query","service":"kanyr-backend","sql":"Executing (default): SELECT `szoba_id`, `szoba_szama`, `osszes_hely`, `deleted_at`, `created_at`, `updated_at` FROM `szobas` AS `Szoba` WHERE (`Szoba`.`deleted_at` IS NULL AND `Szoba`.`szoba_id` = 5);","timestamp":"2026-03-19 12:21:02.166","type":"database"}
{"environment":"development","level":"debug","message":"SQL Query","service":"kanyr-backend","sql":"Executing (default): SELECT count(*) AS `count` FROM `szoba_bekoltozes` AS `SzobaBekoltozes` WHERE (`SzobaBekoltozes`.`deleted_at` IS NULL AND (`SzobaBekoltozes`.`szoba_id` = 2 AND `SzobaBekoltozes`.`kikoltozes_datum` IS NULL));","timestamp":"2026-03-19 12:21:02.174","type":"database"}
{"environment":"development","level":"debug","message":"SQL Query","service":"kanyr-backend","sql":"Executing (default): SELECT count(*) AS `count` FROM `szoba_bekoltozes` AS `SzobaBekoltozes` WHERE (`SzobaBekoltozes`.`deleted_at` IS NULL AND (`SzobaBekoltozes`.`szoba_id` = 3 AND `SzobaBekoltozes`.`kikoltozes_datum` IS NULL));","timestamp":"2026-03-19 12:21:02.186","type":"database"}
{"environment":"development","level":"debug","message":"SQL Query","service":"kanyr-backend","sql":"Executing (default): SELECT `szoba_id`, `szoba_szama`, `osszes_hely`, `deleted_at`, `created_at`, `updated_at` FROM `szobas` AS `Szoba` WHERE (`Szoba`.`deleted_at` IS NULL AND `Szoba`.`szoba_id` = 6);","timestamp":"2026-03-19 12:21:02.188","type":"database"}
{"environment":"development","level":"debug","message":"SQL Query","service":"kanyr-backend","sql":"Executing (default): SELECT `SzobaBekoltozes`.`bekoltozes_id`, `SzobaBekoltozes`.`diak_id`, `SzobaBekoltozes`.`szoba_id`, `SzobaBekoltozes`.`bekoltozes_datum`, `SzobaBekoltozes`.`kikoltozes_datum`, `SzobaBekoltozes`.`deleted_at`, `SzobaBekoltozes`.`created_at`, `SzobaBekoltozes`.`updated_at`, `diak`.`diak_id` AS `diak.diak_id`, `diak`.`nev` AS `diak.nev`, `diak`.`email` AS `diak.email`, `diak`.`telefonszam` AS `diak.telefonszam`, `diak`.`szuletesi_datum` AS `diak.szuletesi_datum`, `diak`.`szemelyi_igazolvany_szam` AS `diak.szemelyi_igazolvany_szam`, `diak`.`taj_szam` AS `diak.taj_szam`, `diak`.`diakigazolvany_szam` AS `diak.diakigazolvany_szam`, `diak`.`szulo_id` AS `diak.szulo_id`, `diak`.`kapcsolat_tipusa` AS `diak.kapcsolat_tipusa`, `diak`.`cim_id` AS `diak.cim_id`, `diak`.`nem` AS `diak.nem`, `diak`.`deleted_at` AS `diak.deleted_at`, `diak`.`created_at` AS `diak.created_at`, `diak`.`updated_at` AS `diak.updated_at` FROM `szoba_bekoltozes` AS `SzobaBekoltozes` LEFT OUTER JOIN `diaks` AS `diak` ON `SzobaBekoltozes`.`diak_id` = `diak`.`diak_id` AND (`diak`.`deleted_at` IS NULL) WHERE (`SzobaBekoltozes`.`deleted_at` IS NULL AND (`SzobaBekoltozes`.`szoba_id` = 4 AND `SzobaBekoltozes`.`kikoltozes_datum` IS NULL));","timestamp":"2026-03-19 12:21:02.192","type":"database"}
{"environment":"development","level":"debug","message":"SQL Query","service":"kanyr-backend","sql":"Executing (default): SELECT count(*) AS `count` FROM `szoba_bekoltozes` AS `SzobaBekoltozes` WHERE (`SzobaBekoltozes`.`deleted_at` IS NULL AND (`SzobaBekoltozes`.`szoba_id` = 5 AND `SzobaBekoltozes`.`kikoltozes_datum` IS NULL));","timestamp":"2026-03-19 12:21:02.195","type":"database"}
{"duration":"334ms","environment":"development","ip":"::1","level":"info","message":"HTTP Request","method":"GET","service":"kanyr-backend","statusCode":200,"timestamp":"2026-03-19 12:21:02.205","type":"http","url":"/api/rooms/1/occupancy","userAgent":"Mozilla/5.0 (Windows NT 10.0; Win64; x64) AppleWebKit/537.36 (KHTML, like Gecko) Chrome/146.0.0.0 Safari/537.36","userId":null}
{"environment":"development","level":"debug","message":"SQL Query","service":"kanyr-backend","sql":"Executing (default): SELECT count(*) AS `count` FROM `szoba_bekoltozes` AS `SzobaBekoltozes` WHERE (`SzobaBekoltozes`.`deleted_at` IS NULL AND (`SzobaBekoltozes`.`szoba_id` = 6 AND `SzobaBekoltozes`.`kikoltozes_datum` IS NULL));","timestamp":"2026-03-19 12:21:02.216","type":"database"}
{"environment":"development","level":"debug","message":"SQL Query","service":"kanyr-backend","sql":"Executing (default): SELECT `SzobaBekoltozes`.`bekoltozes_id`, `SzobaBekoltozes`.`diak_id`, `SzobaBekoltozes`.`szoba_id`, `SzobaBekoltozes`.`bekoltozes_datum`, `SzobaBekoltozes`.`kikoltozes_datum`, `SzobaBekoltozes`.`deleted_at`, `SzobaBekoltozes`.`created_at`, `SzobaBekoltozes`.`updated_at`, `diak`.`diak_id` AS `diak.diak_id`, `diak`.`nev` AS `diak.nev`, `diak`.`email` AS `diak.email`, `diak`.`telefonszam` AS `diak.telefonszam`, `diak`.`szuletesi_datum` AS `diak.szuletesi_datum`, `diak`.`szemelyi_igazolvany_szam` AS `diak.szemelyi_igazolvany_szam`, `diak`.`taj_szam` AS `diak.taj_szam`, `diak`.`diakigazolvany_szam` AS `diak.diakigazolvany_szam`, `diak`.`szulo_id` AS `diak.szulo_id`, `diak`.`kapcsolat_tipusa` AS `diak.kapcsolat_tipusa`, `diak`.`cim_id` AS `diak.cim_id`, `diak`.`nem` AS `diak.nem`, `diak`.`deleted_at` AS `diak.deleted_at`, `diak`.`created_at` AS `diak.created_at`, `diak`.`updated_at` AS `diak.updated_at` FROM `szoba_bekoltozes` AS `SzobaBekoltozes` LEFT OUTER JOIN `diaks` AS `diak` ON `SzobaBekoltozes`.`diak_id` = `diak`.`diak_id` AND (`diak`.`deleted_at` IS NULL) WHERE (`SzobaBekoltozes`.`deleted_at` IS NULL AND (`SzobaBekoltozes`.`szoba_id` = 2 AND `SzobaBekoltozes`.`kikoltozes_datum` IS NULL));","timestamp":"2026-03-19 12:21:02.225","type":"database"}
{"environment":"development","level":"debug","message":"SQL Query","service":"kanyr-backend","sql":"Executing (default): SELECT `SzobaBekoltozes`.`bekoltozes_id`, `SzobaBekoltozes`.`diak_id`, `SzobaBekoltozes`.`szoba_id`, `SzobaBekoltozes`.`bekoltozes_datum`, `SzobaBekoltozes`.`kikoltozes_datum`, `SzobaBekoltozes`.`deleted_at`, `SzobaBekoltozes`.`created_at`, `SzobaBekoltozes`.`updated_at`, `diak`.`diak_id` AS `diak.diak_id`, `diak`.`nev` AS `diak.nev`, `diak`.`email` AS `diak.email`, `diak`.`telefonszam` AS `diak.telefonszam`, `diak`.`szuletesi_datum` AS `diak.szuletesi_datum`, `diak`.`szemelyi_igazolvany_szam` AS `diak.szemelyi_igazolvany_szam`, `diak`.`taj_szam` AS `diak.taj_szam`, `diak`.`diakigazolvany_szam` AS `diak.diakigazolvany_szam`, `diak`.`szulo_id` AS `diak.szulo_id`, `diak`.`kapcsolat_tipusa` AS `diak.kapcsolat_tipusa`, `diak`.`cim_id` AS `diak.cim_id`, `diak`.`nem` AS `diak.nem`, `diak`.`deleted_at` AS `diak.deleted_at`, `diak`.`created_at` AS `diak.created_at`, `diak`.`updated_at` AS `diak.updated_at` FROM `szoba_bekoltozes` AS `SzobaBekoltozes` LEFT OUTER JOIN `diaks` AS `diak` ON `SzobaBekoltozes`.`diak_id` = `diak`.`diak_id` AND (`diak`.`deleted_at` IS NULL) WHERE (`SzobaBekoltozes`.`deleted_at` IS NULL AND (`SzobaBekoltozes`.`szoba_id` = 3 AND `SzobaBekoltozes`.`kikoltozes_datum` IS NULL));","timestamp":"2026-03-19 12:21:02.231","type":"database"}
{"environment":"development","level":"debug","message":"SQL Query","service":"kanyr-backend","sql":"Executing (default): SELECT `SzobaBekoltozes`.`bekoltozes_id`, `SzobaBekoltozes`.`diak_id`, `SzobaBekoltozes`.`szoba_id`, `SzobaBekoltozes`.`bekoltozes_datum`, `SzobaBekoltozes`.`kikoltozes_datum`, `SzobaBekoltozes`.`deleted_at`, `SzobaBekoltozes`.`created_at`, `SzobaBekoltozes`.`updated_at`, `diak`.`diak_id` AS `diak.diak_id`, `diak`.`nev` AS `diak.nev`, `diak`.`email` AS `diak.email`, `diak`.`telefonszam` AS `diak.telefonszam`, `diak`.`szuletesi_datum` AS `diak.szuletesi_datum`, `diak`.`szemelyi_igazolvany_szam` AS `diak.szemelyi_igazolvany_szam`, `diak`.`taj_szam` AS `diak.taj_szam`, `diak`.`diakigazolvany_szam` AS `diak.diakigazolvany_szam`, `diak`.`szulo_id` AS `diak.szulo_id`, `diak`.`kapcsolat_tipusa` AS `diak.kapcsolat_tipusa`, `diak`.`cim_id` AS `diak.cim_id`, `diak`.`nem` AS `diak.nem`, `diak`.`deleted_at` AS `diak.deleted_at`, `diak`.`created_at` AS `diak.created_at`, `diak`.`updated_at` AS `diak.updated_at` FROM `szoba_bekoltozes` AS `SzobaBekoltozes` LEFT OUTER JOIN `diaks` AS `diak` ON `SzobaBekoltozes`.`diak_id` = `diak`.`diak_id` AND (`diak`.`deleted_at` IS NULL) WHERE (`SzobaBekoltozes`.`deleted_at` IS NULL AND (`SzobaBekoltozes`.`szoba_id` = 5 AND `SzobaBekoltozes`.`kikoltozes_datum` IS NULL));","timestamp":"2026-03-19 12:21:02.236","type":"database"}
{"duration":"349ms","environment":"development","ip":"::1","level":"info","message":"HTTP Request","method":"GET","service":"kanyr-backend","statusCode":200,"timestamp":"2026-03-19 12:21:02.256","type":"http","url":"/api/rooms/4/occupancy","userAgent":"Mozilla/5.0 (Windows NT 10.0; Win64; x64) AppleWebKit/537.36 (KHTML, like Gecko) Chrome/146.0.0.0 Safari/537.36","userId":null}
{"environment":"development","level":"debug","message":"SQL Query","service":"kanyr-backend","sql":"Executing (default): SELECT `SzobaBekoltozes`.`bekoltozes_id`, `SzobaBekoltozes`.`diak_id`, `SzobaBekoltozes`.`szoba_id`, `SzobaBekoltozes`.`bekoltozes_datum`, `SzobaBekoltozes`.`kikoltozes_datum`, `SzobaBekoltozes`.`deleted_at`, `SzobaBekoltozes`.`created_at`, `SzobaBekoltozes`.`updated_at`, `diak`.`diak_id` AS `diak.diak_id`, `diak`.`nev` AS `diak.nev`, `diak`.`email` AS `diak.email`, `diak`.`telefonszam` AS `diak.telefonszam`, `diak`.`szuletesi_datum` AS `diak.szuletesi_datum`, `diak`.`szemelyi_igazolvany_szam` AS `diak.szemelyi_igazolvany_szam`, `diak`.`taj_szam` AS `diak.taj_szam`, `diak`.`diakigazolvany_szam` AS `diak.diakigazolvany_szam`, `diak`.`szulo_id` AS `diak.szulo_id`, `diak`.`kapcsolat_tipusa` AS `diak.kapcsolat_tipusa`, `diak`.`cim_id` AS `diak.cim_id`, `diak`.`nem` AS `diak.nem`, `diak`.`deleted_at` AS `diak.deleted_at`, `diak`.`created_at` AS `diak.created_at`, `diak`.`updated_at` AS `diak.updated_at` FROM `szoba_bekoltozes` AS `SzobaBekoltozes` LEFT OUTER JOIN `diaks` AS `diak` ON `SzobaBekoltozes`.`diak_id` = `diak`.`diak_id` AND (`diak`.`deleted_at` IS NULL) WHERE (`SzobaBekoltozes`.`deleted_at` IS NULL AND (`SzobaBekoltozes`.`szoba_id` = 6 AND `SzobaBekoltozes`.`kikoltozes_datum` IS NULL));","timestamp":"2026-03-19 12:21:02.268","type":"database"}
{"duration":"389ms","environment":"development","ip":"::1","level":"info","message":"HTTP Request","method":"GET","service":"kanyr-backend","statusCode":200,"timestamp":"2026-03-19 12:21:02.276","type":"http","url":"/api/rooms/2/occupancy","userAgent":"Mozilla/5.0 (Windows NT 10.0; Win64; x64) AppleWebKit/537.36 (KHTML, like Gecko) Chrome/146.0.0.0 Safari/537.36","userId":null}
{"duration":"391ms","environment":"development","ip":"::1","level":"info","message":"HTTP Request","method":"GET","service":"kanyr-backend","statusCode":200,"timestamp":"2026-03-19 12:21:02.287","type":"http","url":"/api/rooms/3/occupancy","userAgent":"Mozilla/5.0 (Windows NT 10.0; Win64; x64) AppleWebKit/537.36 (KHTML, like Gecko) Chrome/146.0.0.0 Safari/537.36","userId":null}
{"duration":"214ms","environment":"development","ip":"::1","level":"info","message":"HTTP Request","method":"GET","service":"kanyr-backend","statusCode":200,"timestamp":"2026-03-19 12:21:02.299","type":"http","url":"/api/rooms/6/occupancy","userAgent":"Mozilla/5.0 (Windows NT 10.0; Win64; x64) AppleWebKit/537.36 (KHTML, like Gecko) Chrome/146.0.0.0 Safari/537.36","userId":null}
{"duration":"275ms","environment":"development","ip":"::1","level":"info","message":"HTTP Request","method":"GET","service":"kanyr-backend","statusCode":200,"timestamp":"2026-03-19 12:21:02.307","type":"http","url":"/api/rooms/5/occupancy","userAgent":"Mozilla/5.0 (Windows NT 10.0; Win64; x64) AppleWebKit/537.36 (KHTML, like Gecko) Chrome/146.0.0.0 Safari/537.36","userId":null}
{"environment":"development","ip":"::1","key":"ip:::1","level":"warn","message":"Suspicious activity detected","method":"GET","path":"/api/room-changes/admin/notifications","requestCount":14,"service":"kanyr-backend","timestamp":"2026-03-19 12:24:27.446","userAgent":"Mozilla/5.0 (Windows NT 10.0; Win64; x64) AppleWebKit/537.36 (KHTML, like Gecko) Chrome/146.0.0.0 Safari/537.36"}
{"environment":"development","level":"debug","message":"SQL Query","service":"kanyr-backend","sql":"Executing (default): SELECT `id`, `token`, `user_id`, `expires_at`, `revoked_at` FROM `revoked_tokens` AS `RevokedToken` WHERE `RevokedToken`.`token` = 'eyJhbGciOiJIUzI1NiIsInR5cCI6IkpXVCJ9.eyJkYXRhIjoiVUhpRlk1UVAxUzVEV1VkZ1VQVjhEUT09Oi9tZXE2enkrd1R6T0hsWTRLWUJtbEE9PTpsTUFTcTkydmp1RmlINUEvZmdHcSs2aHBBaDh0aVRHbUNWOGg2S09WMzVGMWs4Z3hIbmZ4dzVHaE9mRWxrTk1JMDBRQ0l5WXYyZEtmQ1NCQ0dWeVhFYmQrRzYyUTdUTUhXMFZmMXl4blJvZ0xmNDl6TFNzPSIsImlhdCI6MTc3MzkxODg4NiwiZXhwIjoxNzc0MDA1Mjg2fQ.VAIm4WIwcNKJZYRQB5SoyrfI3HATkek21g4ntNKixYI' LIMIT 1;","timestamp":"2026-03-19 12:24:27.462","type":"database"}
{"environment":"development","ip":"::1","key":"ip:::1","level":"warn","message":"Suspicious activity detected","method":"GET","path":"/api/students/statistics","requestCount":15,"service":"kanyr-backend","timestamp":"2026-03-19 12:24:27.475","userAgent":"Mozilla/5.0 (Windows NT 10.0; Win64; x64) AppleWebKit/537.36 (KHTML, like Gecko) Chrome/146.0.0.0 Safari/537.36"}
{"environment":"development","level":"debug","message":"SQL Query","service":"kanyr-backend","sql":"Executing (default): SELECT `id`, `token`, `user_id`, `expires_at`, `revoked_at` FROM `revoked_tokens` AS `RevokedToken` WHERE `RevokedToken`.`token` = 'eyJhbGciOiJIUzI1NiIsInR5cCI6IkpXVCJ9.eyJkYXRhIjoiVUhpRlk1UVAxUzVEV1VkZ1VQVjhEUT09Oi9tZXE2enkrd1R6T0hsWTRLWUJtbEE9PTpsTUFTcTkydmp1RmlINUEvZmdHcSs2aHBBaDh0aVRHbUNWOGg2S09WMzVGMWs4Z3hIbmZ4dzVHaE9mRWxrTk1JMDBRQ0l5WXYyZEtmQ1NCQ0dWeVhFYmQrRzYyUTdUTUhXMFZmMXl4blJvZ0xmNDl6TFNzPSIsImlhdCI6MTc3MzkxODg4NiwiZXhwIjoxNzc0MDA1Mjg2fQ.VAIm4WIwcNKJZYRQB5SoyrfI3HATkek21g4ntNKixYI' LIMIT 1;","timestamp":"2026-03-19 12:24:27.498","type":"database"}
{"environment":"development","ip":"::1","key":"ip:::1","level":"warn","message":"Suspicious activity detected","method":"GET","path":"/api/auth/me","requestCount":16,"service":"kanyr-backend","timestamp":"2026-03-19 12:24:27.531","userAgent":"Mozilla/5.0 (Windows NT 10.0; Win64; x64) AppleWebKit/537.36 (KHTML, like Gecko) Chrome/146.0.0.0 Safari/537.36"}
{"environment":"development","level":"debug","message":"SQL Query","service":"kanyr-backend","sql":"Executing (default): SELECT `id`, `token`, `user_id`, `expires_at`, `revoked_at` FROM `revoked_tokens` AS `RevokedToken` WHERE `RevokedToken`.`token` = 'eyJhbGciOiJIUzI1NiIsInR5cCI6IkpXVCJ9.eyJkYXRhIjoiVUhpRlk1UVAxUzVEV1VkZ1VQVjhEUT09Oi9tZXE2enkrd1R6T0hsWTRLWUJtbEE9PTpsTUFTcTkydmp1RmlINUEvZmdHcSs2aHBBaDh0aVRHbUNWOGg2S09WMzVGMWs4Z3hIbmZ4dzVHaE9mRWxrTk1JMDBRQ0l5WXYyZEtmQ1NCQ0dWeVhFYmQrRzYyUTdUTUhXMFZmMXl4blJvZ0xmNDl6TFNzPSIsImlhdCI6MTc3MzkxODg4NiwiZXhwIjoxNzc0MDA1Mjg2fQ.VAIm4WIwcNKJZYRQB5SoyrfI3HATkek21g4ntNKixYI' LIMIT 1;","timestamp":"2026-03-19 12:24:27.537","type":"database"}
{"environment":"development","level":"debug","message":"SQL Query","service":"kanyr-backend","sql":"Executing (default): SELECT `user_id`, `username`, `email`, `password`, `admin`, `diak_id`, `token_version`, `last_password_change`, `security_flags`, `deleted_at`, `created_at`, `updated_at` FROM `felhasznalos` AS `Felhasznalo` WHERE (`Felhasznalo`.`deleted_at` IS NULL AND `Felhasznalo`.`user_id` = 1);","timestamp":"2026-03-19 12:24:27.547","type":"database"}
{"environment":"development","level":"debug","message":"SQL Query","service":"kanyr-backend","sql":"Executing (default): SELECT `user_id`, `username`, `email`, `password`, `admin`, `diak_id`, `token_version`, `last_password_change`, `security_flags`, `deleted_at`, `created_at`, `updated_at` FROM `felhasznalos` AS `Felhasznalo` WHERE (`Felhasznalo`.`deleted_at` IS NULL AND `Felhasznalo`.`user_id` = 1);","timestamp":"2026-03-19 12:24:27.550","type":"database"}
{"environment":"development","level":"debug","message":"SQL Query","service":"kanyr-backend","sql":"Executing (default): SELECT `user_id`, `username`, `email`, `password`, `admin`, `diak_id`, `token_version`, `last_password_change`, `security_flags`, `deleted_at`, `created_at`, `updated_at` FROM `felhasznalos` AS `Felhasznalo` WHERE (`Felhasznalo`.`deleted_at` IS NULL AND `Felhasznalo`.`user_id` = 1);","timestamp":"2026-03-19 12:24:27.583","type":"database"}
{"environment":"development","level":"debug","message":"SQL Query","service":"kanyr-backend","sql":"Executing (default): SELECT `Notification`.`notification_id`, `Notification`.`diak_id`, `Notification`.`szoba_valtoztatas_id`, `Notification`.`tipus`, `Notification`.`uzenet`, `Notification`.`elolvasva`, `Notification`.`deleted_at`, `Notification`.`created_at`, `Notification`.`updated_at`, `diak`.`diak_id` AS `diak.diak_id`, `diak`.`nev` AS `diak.nev`, `diak`.`email` AS `diak.email`, `diak`.`telefonszam` AS `diak.telefonszam`, `szoba_valtoztatas`.`valtoztatas_id` AS `szoba_valtoztatas.valtoztatas_id`, `szoba_valtoztatas`.`diak_id` AS `szoba_valtoztatas.diak_id`, `szoba_valtoztatas`.`jelenlegi_szoba_id` AS `szoba_valtoztatas.jelenlegi_szoba_id`, `szoba_valtoztatas`.`kivant_szoba_id` AS `szoba_valtoztatas.kivant_szoba_id`, `szoba_valtoztatas`.`statusz` AS `szoba_valtoztatas.statusz`, `szoba_valtoztatas`.`indok` AS `szoba_valtoztatas.indok`, `szoba_valtoztatas`.`academic_year` AS `szoba_valtoztatas.academic_year`, `szoba_valtoztatas`.`semester_count` AS `szoba_valtoztatas.semester_count`, `szoba_valtoztatas`.`deleted_at` AS `szoba_valtoztatas.deleted_at`, `szoba_valtoztatas`.`created_at` AS `szoba_valtoztatas.created_at`, `szoba_valtoztatas`.`updated_at` AS `szoba_valtoztatas.updated_at`, `szoba_valtoztatas->jelenlegi_szoba`.`szoba_id` AS `szoba_valtoztatas.jelenlegi_szoba.szoba_id`, `szoba_valtoztatas->jelenlegi_szoba`.`szoba_szama` AS `szoba_valtoztatas.jelenlegi_szoba.szoba_szama`, `szoba_valtoztatas->kivant_szoba`.`szoba_id` AS `szoba_valtoztatas.kivant_szoba.szoba_id`, `szoba_valtoztatas->kivant_szoba`.`szoba_szama` AS `szoba_valtoztatas.kivant_szoba.szoba_szama` FROM `notifications` AS `Notification` LEFT OUTER JOIN `diaks` AS `diak` ON `Notification`.`diak_id` = `diak`.`diak_id` AND (`diak`.`deleted_at` IS NULL) LEFT OUTER JOIN `szobavaltoztatas` AS `szoba_valtoztatas` ON `Notification`.`szoba_valtoztatas_id` = `szoba_valtoztatas`.`valtoztatas_id` AND (`szoba_valtoztatas`.`deleted_at` IS NULL) LEFT OUTER JOIN `szobas` AS `szoba_valtoztatas->jelenlegi_szoba` ON `szoba_valtoztatas`.`jelenlegi_szoba_id` = `szoba_valtoztatas->jelenlegi_szoba`.`szoba_id` AND (`szoba_valtoztatas->jelenlegi_szoba`.`deleted_at` IS NULL) LEFT OUTER JOIN `szobas` AS `szoba_valtoztatas->kivant_szoba` ON `szoba_valtoztatas`.`kivant_szoba_id` = `szoba_valtoztatas->kivant_szoba`.`szoba_id` AND (`szoba_valtoztatas->kivant_szoba`.`deleted_at` IS NULL) WHERE (`Notification`.`deleted_at` IS NULL) ORDER BY `Notification`.`created_at` DESC;","timestamp":"2026-03-19 12:24:27.598","type":"database"}
{"environment":"development","level":"debug","message":"SQL Query","service":"kanyr-backend","sql":"Executing (default): SELECT count(*) AS `count` FROM `diaks` AS `Diak` WHERE (`Diak`.`deleted_at` IS NULL);","timestamp":"2026-03-19 12:24:27.603","type":"database"}
{"environment":"development","level":"debug","message":"SQL Query","service":"kanyr-backend","sql":"Executing (default): SELECT count(`Diak`.`diak_id`) AS `count` FROM `diaks` AS `Diak` INNER JOIN `szoba_bekoltozes` AS `bekoltozesek` ON `Diak`.`diak_id` = `bekoltozesek`.`diak_id` AND (`bekoltozesek`.`deleted_at` IS NULL AND `bekoltozesek`.`kikoltozes_datum` IS NULL) WHERE (`Diak`.`deleted_at` IS NULL);","timestamp":"2026-03-19 12:24:27.615","type":"database"}
{"environment":"development","level":"debug","message":"SQL Query","service":"kanyr-backend","sql":"Executing (default): SELECT count(*) AS `count` FROM `szobas` AS `Szoba` WHERE (`Szoba`.`deleted_at` IS NULL);","timestamp":"2026-03-19 12:24:27.616","type":"database"}
{"environment":"development","level":"debug","message":"SQL Query","service":"kanyr-backend","sql":"Executing (default): SELECT `szoba_id`, `szoba_szama`, `osszes_hely` FROM `szobas` AS `Szoba` WHERE (`Szoba`.`deleted_at` IS NULL);","timestamp":"2026-03-19 12:24:27.618","type":"database"}
{"environment":"development","level":"debug","message":"SQL Query","service":"kanyr-backend","sql":"Executing (default): SELECT `szoba_id`, COUNT(`bekoltozes_id`) AS `occupancy` FROM `szoba_bekoltozes` AS `SzobaBekoltozes` WHERE (`SzobaBekoltozes`.`deleted_at` IS NULL AND `SzobaBekoltozes`.`kikoltozes_datum` IS NULL) GROUP BY `szoba_id`;","timestamp":"2026-03-19 12:24:27.619","type":"database"}
{"environment":"development","level":"debug","message":"SQL Query","service":"kanyr-backend","sql":"Executing (default): SELECT `bekoltozes_id`, `diak_id`, `szoba_id`, `bekoltozes_datum`, `kikoltozes_datum`, `deleted_at`, `created_at`, `updated_at` FROM `szoba_bekoltozes` AS `SzobaBekoltozes` WHERE (`SzobaBekoltozes`.`deleted_at` IS NULL) ORDER BY `SzobaBekoltozes`.`bekoltozes_datum` DESC LIMIT 1;","timestamp":"2026-03-19 12:24:27.619","type":"database"}
{"environment":"development","level":"debug","message":"SQL Query","service":"kanyr-backend","sql":"Executing (default): SELECT `bekoltozes_id`, `diak_id`, `szoba_id`, `bekoltozes_datum`, `kikoltozes_datum`, `deleted_at`, `created_at`, `updated_at` FROM `szoba_bekoltozes` AS `SzobaBekoltozes` WHERE (`SzobaBekoltozes`.`deleted_at` IS NULL AND `SzobaBekoltozes`.`kikoltozes_datum` IS NOT NULL) ORDER BY `SzobaBekoltozes`.`kikoltozes_datum` DESC LIMIT 1;","timestamp":"2026-03-19 12:24:27.620","type":"database"}
{"duration":"119ms","environment":"development","ip":"::1","level":"info","message":"HTTP Request","method":"GET","service":"kanyr-backend","statusCode":304,"timestamp":"2026-03-19 12:24:27.649","type":"http","url":"/api/auth/me","userAgent":"Mozilla/5.0 (Windows NT 10.0; Win64; x64) AppleWebKit/537.36 (KHTML, like Gecko) Chrome/146.0.0.0 Safari/537.36","userId":null}
{"duration":"223ms","environment":"development","ip":"::1","level":"info","message":"HTTP Request","method":"GET","service":"kanyr-backend","statusCode":200,"timestamp":"2026-03-19 12:24:27.667","type":"http","url":"/api/room-changes/admin/notifications","userAgent":"Mozilla/5.0 (Windows NT 10.0; Win64; x64) AppleWebKit/537.36 (KHTML, like Gecko) Chrome/146.0.0.0 Safari/537.36","userId":null}
{"duration":"218ms","environment":"development","ip":"::1","level":"info","message":"HTTP Request","method":"GET","service":"kanyr-backend","statusCode":304,"timestamp":"2026-03-19 12:24:27.685","type":"http","url":"/api/students/statistics","userAgent":"Mozilla/5.0 (Windows NT 10.0; Win64; x64) AppleWebKit/537.36 (KHTML, like Gecko) Chrome/146.0.0.0 Safari/537.36","userId":null}
{"environment":"development","ip":"::1","key":"ip:::1","level":"warn","message":"Suspicious activity detected","method":"GET","path":"/api/students","requestCount":17,"service":"kanyr-backend","timestamp":"2026-03-19 12:24:28.530","userAgent":"Mozilla/5.0 (Windows NT 10.0; Win64; x64) AppleWebKit/537.36 (KHTML, like Gecko) Chrome/146.0.0.0 Safari/537.36"}
{"environment":"development","level":"debug","message":"SQL Query","service":"kanyr-backend","sql":"Executing (default): SELECT `id`, `token`, `user_id`, `expires_at`, `revoked_at` FROM `revoked_tokens` AS `RevokedToken` WHERE `RevokedToken`.`token` = 'eyJhbGciOiJIUzI1NiIsInR5cCI6IkpXVCJ9.eyJkYXRhIjoiVUhpRlk1UVAxUzVEV1VkZ1VQVjhEUT09Oi9tZXE2enkrd1R6T0hsWTRLWUJtbEE9PTpsTUFTcTkydmp1RmlINUEvZmdHcSs2aHBBaDh0aVRHbUNWOGg2S09WMzVGMWs4Z3hIbmZ4dzVHaE9mRWxrTk1JMDBRQ0l5WXYyZEtmQ1NCQ0dWeVhFYmQrRzYyUTdUTUhXMFZmMXl4blJvZ0xmNDl6TFNzPSIsImlhdCI6MTc3MzkxODg4NiwiZXhwIjoxNzc0MDA1Mjg2fQ.VAIm4WIwcNKJZYRQB5SoyrfI3HATkek21g4ntNKixYI' LIMIT 1;","timestamp":"2026-03-19 12:24:28.552","type":"database"}
{"environment":"development","level":"debug","message":"SQL Query","service":"kanyr-backend","sql":"Executing (default): SELECT `user_id`, `username`, `email`, `password`, `admin`, `diak_id`, `token_version`, `last_password_change`, `security_flags`, `deleted_at`, `created_at`, `updated_at` FROM `felhasznalos` AS `Felhasznalo` WHERE (`Felhasznalo`.`deleted_at` IS NULL AND `Felhasznalo`.`user_id` = 1);","timestamp":"2026-03-19 12:24:28.626","type":"database"}
{"environment":"development","level":"debug","message":"SQL Query","service":"kanyr-backend","sql":"Executing (default): SELECT count(*) AS `count` FROM `diaks` AS `Diak` WHERE (`Diak`.`deleted_at` IS NULL);","timestamp":"2026-03-19 12:24:28.765","type":"database"}
{"environment":"development","level":"debug","message":"SQL Query","service":"kanyr-backend","sql":"Executing (default): SELECT `Diak`.*, `szulo`.`szulo_id` AS `szulo.szulo_id`, `szulo`.`nev` AS `szulo.nev`, `szulo`.`email` AS `szulo.email`, `szulo`.`telefonszam` AS `szulo.telefonszam`, `szulo`.`szemelyi_igazolvany_szam` AS `szulo.szemelyi_igazolvany_szam`, `szulo`.`cim_id` AS `szulo.cim_id`, `szulo`.`deleted_at` AS `szulo.deleted_at`, `szulo`.`created_at` AS `szulo.created_at`, `szulo`.`updated_at` AS `szulo.updated_at`, `szulo->lakcim`.`cim_id` AS `szulo.lakcim.cim_id`, `szulo->lakcim`.`orszag` AS `szulo.lakcim.orszag`, `szulo->lakcim`.`iranyitoszam` AS `szulo.lakcim.iranyitoszam`, `szulo->lakcim`.`varos` AS `szulo.lakcim.varos`, `szulo->lakcim`.`utca_hazszam` AS `szulo.lakcim.utca_hazszam`, `szulo->lakcim`.`deleted_at` AS `szulo.lakcim.deleted_at`, `szulo->lakcim`.`created_at` AS `szulo.lakcim.created_at`, `szulo->lakcim`.`updated_at` AS `szulo.lakcim.updated_at`, `lakcim`.`cim_id` AS `lakcim.cim_id`, `lakcim`.`orszag` AS `lakcim.orszag`, `lakcim`.`iranyitoszam` AS `lakcim.iranyitoszam`, `lakcim`.`varos` AS `lakcim.varos`, `lakcim`.`utca_hazszam` AS `lakcim.utca_hazszam`, `lakcim`.`deleted_at` AS `lakcim.deleted_at`, `lakcim`.`created_at` AS `lakcim.created_at`, `lakcim`.`updated_at` AS `lakcim.updated_at`, `bekoltozesek`.`bekoltozes_id` AS `bekoltozesek.bekoltozes_id`, `bekoltozesek`.`diak_id` AS `bekoltozesek.diak_id`, `bekoltozesek`.`szoba_id` AS `bekoltozesek.szoba_id`, `bekoltozesek`.`bekoltozes_datum` AS `bekoltozesek.bekoltozes_datum`, `bekoltozesek`.`kikoltozes_datum` AS `bekoltozesek.kikoltozes_datum`, `bekoltozesek`.`deleted_at` AS `bekoltozesek.deleted_at`, `bekoltozesek`.`created_at` AS `bekoltozesek.created_at`, `bekoltozesek`.`updated_at` AS `bekoltozesek.updated_at`, `bekoltozesek->szoba`.`szoba_id` AS `bekoltozesek.szoba.szoba_id`, `bekoltozesek->szoba`.`szoba_szama` AS `bekoltozesek.szoba.szoba_szama`, `bekoltozesek->szoba`.`osszes_hely` AS `bekoltozesek.szoba.osszes_hely`, `bekoltozesek->szoba`.`deleted_at` AS `bekoltozesek.szoba.deleted_at`, `bekoltozesek->szoba`.`created_at` AS `bekoltozesek.szoba.created_at`, `bekoltozesek->szoba`.`updated_at` AS `bekoltozesek.szoba.updated_at` FROM (SELECT `Diak`.`diak_id`, `Diak`.`nev`, `Diak`.`email`, `Diak`.`telefonszam`, `Diak`.`szuletesi_datum`, `Diak`.`szemelyi_igazolvany_szam`, `Diak`.`taj_szam`, `Diak`.`diakigazolvany_szam`, `Diak`.`szulo_id`, `Diak`.`kapcsolat_tipusa`, `Diak`.`cim_id`, `Diak`.`nem`, `Diak`.`deleted_at`, `Diak`.`created_at`, `Diak`.`updated_at` FROM `diaks` AS `Diak` WHERE `Diak`.`deleted_at` IS NULL ORDER BY `Diak`.`nev` ASC LIMIT 0, 50) AS `Diak` LEFT OUTER JOIN `szulos` AS `szulo` ON `Diak`.`szulo_id` = `szulo`.`szulo_id` AND (`szulo`.`deleted_at` IS NULL) LEFT OUTER JOIN `lakcims` AS `szulo->lakcim` ON `szulo`.`cim_id` = `szulo->lakcim`.`cim_id` AND (`szulo->lakcim`.`deleted_at` IS NULL) LEFT OUTER JOIN `lakcims` AS `lakcim` ON `Diak`.`cim_id` = `lakcim`.`cim_id` AND (`lakcim`.`deleted_at` IS NULL) LEFT OUTER JOIN `szoba_bekoltozes` AS `bekoltozesek` ON `Diak`.`diak_id` = `bekoltozesek`.`diak_id` AND (`bekoltozesek`.`deleted_at` IS NULL) LEFT OUTER JOIN `szobas` AS `bekoltozesek->szoba` ON `bekoltozesek`.`szoba_id` = `bekoltozesek->szoba`.`szoba_id` AND (`bekoltozesek->szoba`.`deleted_at` IS NULL) ORDER BY `Diak`.`nev` ASC;","timestamp":"2026-03-19 12:24:28.797","type":"database"}
{"duration":"317ms","environment":"development","ip":"::1","level":"info","message":"HTTP Request","method":"GET","service":"kanyr-backend","statusCode":304,"timestamp":"2026-03-19 12:24:28.848","type":"http","url":"/api/students?includeRelations=true","userAgent":"Mozilla/5.0 (Windows NT 10.0; Win64; x64) AppleWebKit/537.36 (KHTML, like Gecko) Chrome/146.0.0.0 Safari/537.36","userId":null}
{"environment":"development","ip":"::1","key":"ip:::1","level":"warn","message":"Suspicious activity detected","method":"GET","path":"/api/szulos","requestCount":18,"service":"kanyr-backend","timestamp":"2026-03-19 12:24:31.145","userAgent":"Mozilla/5.0 (Windows NT 10.0; Win64; x64) AppleWebKit/537.36 (KHTML, like Gecko) Chrome/146.0.0.0 Safari/537.36"}
{"environment":"development","error":{"details":null,"isOperational":true,"message":"Endpoint not found","name":"NotFoundError","requestId":"req-20260319-122431-61KQ","stack":"NotFoundError: Endpoint not found\n    at C:\\Users\\SZ2\\Documents\\13.B\\Projektmunka\\KANYR\\backend\\app.js:289:13\n    at Layer.handleRequest (C:\\Users\\SZ2\\Documents\\13.B\\Projektmunka\\KANYR\\backend\\node_modules\\router\\lib\\layer.js:152:17)\n    at trimPrefix (C:\\Users\\SZ2\\Documents\\13.B\\Projektmunka\\KANYR\\backend\\node_modules\\router\\index.js:342:13)\n    at C:\\Users\\SZ2\\Documents\\13.B\\Projektmunka\\KANYR\\backend\\node_modules\\router\\index.js:297:9\n    at processParams (C:\\Users\\SZ2\\Documents\\13.B\\Projektmunka\\KANYR\\backend\\node_modules\\router\\index.js:582:12)\n    at next (C:\\Users\\SZ2\\Documents\\13.B\\Projektmunka\\KANYR\\backend\\node_modules\\router\\index.js:291:5)\n    at csrfProtectionMiddleware (C:\\Users\\SZ2\\Documents\\13.B\\Projektmunka\\KANYR\\backend\\middleware\\csrfMiddleware.js:154:14)\n    at Layer.handleRequest (C:\\Users\\SZ2\\Documents\\13.B\\Projektmunka\\KANYR\\backend\\node_modules\\router\\lib\\layer.js:152:17)\n    at trimPrefix (C:\\Users\\SZ2\\Documents\\13.B\\Projektmunka\\KANYR\\backend\\node_modules\\router\\index.js:342:13)\n    at C:\\Users\\SZ2\\Documents\\13.B\\Projektmunka\\KANYR\\backend\\node_modules\\router\\index.js:297:9","status":"fail","statusCode":404,"timestamp":"2026-03-19T11:24:31.146Z","userId":null},"ip":"::1","level":"error","message":"Endpoint not found","method":"GET","service":"kanyr-backend","stack":"NotFoundError: Endpoint not found\n    at C:\\Users\\SZ2\\Documents\\13.B\\Projektmunka\\KANYR\\backend\\app.js:289:13\n    at Layer.handleRequest (C:\\Users\\SZ2\\Documents\\13.B\\Projektmunka\\KANYR\\backend\\node_modules\\router\\lib\\layer.js:152:17)\n    at trimPrefix (C:\\Users\\SZ2\\Documents\\13.B\\Projektmunka\\KANYR\\backend\\node_modules\\router\\index.js:342:13)\n    at C:\\Users\\SZ2\\Documents\\13.B\\Projektmunka\\KANYR\\backend\\node_modules\\router\\index.js:297:9\n    at processParams (C:\\Users\\SZ2\\Documents\\13.B\\Projektmunka\\KANYR\\backend\\node_modules\\router\\index.js:582:12)\n    at next (C:\\Users\\SZ2\\Documents\\13.B\\Projektmunka\\KANYR\\backend\\node_modules\\router\\index.js:291:5)\n    at csrfProtectionMiddleware (C:\\Users\\SZ2\\Documents\\13.B\\Projektmunka\\KANYR\\backend\\middleware\\csrfMiddleware.js:154:14)\n    at Layer.handleRequest (C:\\Users\\SZ2\\Documents\\13.B\\Projektmunka\\KANYR\\backend\\node_modules\\router\\lib\\layer.js:152:17)\n    at trimPrefix (C:\\Users\\SZ2\\Documents\\13.B\\Projektmunka\\KANYR\\backend\\node_modules\\router\\index.js:342:13)\n    at C:\\Users\\SZ2\\Documents\\13.B\\Projektmunka\\KANYR\\backend\\node_modules\\router\\index.js:297:9","timestamp":"2026-03-19 12:24:31.146","type":"error","url":"/api/szulos","userId":null}
{"duration":"2ms","environment":"development","ip":"::1","level":"info","message":"HTTP Request","method":"GET","service":"kanyr-backend","statusCode":404,"timestamp":"2026-03-19 12:24:31.147","type":"http","url":"/api/szulos","userAgent":"Mozilla/5.0 (Windows NT 10.0; Win64; x64) AppleWebKit/537.36 (KHTML, like Gecko) Chrome/146.0.0.0 Safari/537.36","userId":null}
{"environment":"development","ip":"::1","key":"ip:::1","level":"warn","message":"Suspicious activity detected","method":"GET","path":"/api/rooms","requestCount":19,"service":"kanyr-backend","timestamp":"2026-03-19 12:24:33.196","userAgent":"Mozilla/5.0 (Windows NT 10.0; Win64; x64) AppleWebKit/537.36 (KHTML, like Gecko) Chrome/146.0.0.0 Safari/537.36"}
{"environment":"development","level":"debug","message":"SQL Query","service":"kanyr-backend","sql":"Executing (default): SELECT `id`, `token`, `user_id`, `expires_at`, `revoked_at` FROM `revoked_tokens` AS `RevokedToken` WHERE `RevokedToken`.`token` = 'eyJhbGciOiJIUzI1NiIsInR5cCI6IkpXVCJ9.eyJkYXRhIjoiVUhpRlk1UVAxUzVEV1VkZ1VQVjhEUT09Oi9tZXE2enkrd1R6T0hsWTRLWUJtbEE9PTpsTUFTcTkydmp1RmlINUEvZmdHcSs2aHBBaDh0aVRHbUNWOGg2S09WMzVGMWs4Z3hIbmZ4dzVHaE9mRWxrTk1JMDBRQ0l5WXYyZEtmQ1NCQ0dWeVhFYmQrRzYyUTdUTUhXMFZmMXl4blJvZ0xmNDl6TFNzPSIsImlhdCI6MTc3MzkxODg4NiwiZXhwIjoxNzc0MDA1Mjg2fQ.VAIm4WIwcNKJZYRQB5SoyrfI3HATkek21g4ntNKixYI' LIMIT 1;","timestamp":"2026-03-19 12:24:33.199","type":"database"}
{"environment":"development","level":"debug","message":"SQL Query","service":"kanyr-backend","sql":"Executing (default): SELECT `user_id`, `username`, `email`, `password`, `admin`, `diak_id`, `token_version`, `last_password_change`, `security_flags`, `deleted_at`, `created_at`, `updated_at` FROM `felhasznalos` AS `Felhasznalo` WHERE (`Felhasznalo`.`deleted_at` IS NULL AND `Felhasznalo`.`user_id` = 1);","timestamp":"2026-03-19 12:24:33.209","type":"database"}
{"environment":"development","ip":"::1","key":"ip:::1","level":"warn","message":"Suspicious activity detected","method":"GET","path":"/api/rooms/available","requestCount":20,"service":"kanyr-backend","timestamp":"2026-03-19 12:24:33.216","userAgent":"Mozilla/5.0 (Windows NT 10.0; Win64; x64) AppleWebKit/537.36 (KHTML, like Gecko) Chrome/146.0.0.0 Safari/537.36"}
{"environment":"development","level":"debug","message":"SQL Query","service":"kanyr-backend","sql":"Executing (default): SELECT `id`, `token`, `user_id`, `expires_at`, `revoked_at` FROM `revoked_tokens` AS `RevokedToken` WHERE `RevokedToken`.`token` = 'eyJhbGciOiJIUzI1NiIsInR5cCI6IkpXVCJ9.eyJkYXRhIjoiVUhpRlk1UVAxUzVEV1VkZ1VQVjhEUT09Oi9tZXE2enkrd1R6T0hsWTRLWUJtbEE9PTpsTUFTcTkydmp1RmlINUEvZmdHcSs2aHBBaDh0aVRHbUNWOGg2S09WMzVGMWs4Z3hIbmZ4dzVHaE9mRWxrTk1JMDBRQ0l5WXYyZEtmQ1NCQ0dWeVhFYmQrRzYyUTdUTUhXMFZmMXl4blJvZ0xmNDl6TFNzPSIsImlhdCI6MTc3MzkxODg4NiwiZXhwIjoxNzc0MDA1Mjg2fQ.VAIm4WIwcNKJZYRQB5SoyrfI3HATkek21g4ntNKixYI' LIMIT 1;","timestamp":"2026-03-19 12:24:33.248","type":"database"}
{"environment":"development","ip":"::1","key":"ip:::1","level":"warn","message":"Suspicious activity detected","method":"GET","path":"/api/students","requestCount":21,"service":"kanyr-backend","timestamp":"2026-03-19 12:24:33.261","userAgent":"Mozilla/5.0 (Windows NT 10.0; Win64; x64) AppleWebKit/537.36 (KHTML, like Gecko) Chrome/146.0.0.0 Safari/537.36"}
{"environment":"development","level":"debug","message":"SQL Query","service":"kanyr-backend","sql":"Executing (default): SELECT `id`, `token`, `user_id`, `expires_at`, `revoked_at` FROM `revoked_tokens` AS `RevokedToken` WHERE `RevokedToken`.`token` = 'eyJhbGciOiJIUzI1NiIsInR5cCI6IkpXVCJ9.eyJkYXRhIjoiVUhpRlk1UVAxUzVEV1VkZ1VQVjhEUT09Oi9tZXE2enkrd1R6T0hsWTRLWUJtbEE9PTpsTUFTcTkydmp1RmlINUEvZmdHcSs2aHBBaDh0aVRHbUNWOGg2S09WMzVGMWs4Z3hIbmZ4dzVHaE9mRWxrTk1JMDBRQ0l5WXYyZEtmQ1NCQ0dWeVhFYmQrRzYyUTdUTUhXMFZmMXl4blJvZ0xmNDl6TFNzPSIsImlhdCI6MTc3MzkxODg4NiwiZXhwIjoxNzc0MDA1Mjg2fQ.VAIm4WIwcNKJZYRQB5SoyrfI3HATkek21g4ntNKixYI' LIMIT 1;","timestamp":"2026-03-19 12:24:33.286","type":"database"}
{"duration":"149ms","environment":"development","ip":"::1","level":"info","message":"HTTP Request","method":"GET","service":"kanyr-backend","statusCode":304,"timestamp":"2026-03-19 12:24:33.346","type":"http","url":"/api/rooms","userAgent":"Mozilla/5.0 (Windows NT 10.0; Win64; x64) AppleWebKit/537.36 (KHTML, like Gecko) Chrome/146.0.0.0 Safari/537.36","userId":null}
{"environment":"development","level":"debug","message":"SQL Query","service":"kanyr-backend","sql":"Executing (default): SELECT `user_id`, `username`, `email`, `password`, `admin`, `diak_id`, `token_version`, `last_password_change`, `security_flags`, `deleted_at`, `created_at`, `updated_at` FROM `felhasznalos` AS `Felhasznalo` WHERE (`Felhasznalo`.`deleted_at` IS NULL AND `Felhasznalo`.`user_id` = 1);","timestamp":"2026-03-19 12:24:33.387","type":"database"}
{"environment":"development","level":"debug","message":"SQL Query","service":"kanyr-backend","sql":"Executing (default): SELECT `user_id`, `username`, `email`, `password`, `admin`, `diak_id`, `token_version`, `last_password_change`, `security_flags`, `deleted_at`, `created_at`, `updated_at` FROM `felhasznalos` AS `Felhasznalo` WHERE (`Felhasznalo`.`deleted_at` IS NULL AND `Felhasznalo`.`user_id` = 1);","timestamp":"2026-03-19 12:24:33.396","type":"database"}
{"environment":"development","ip":"::1","key":"ip:::1","level":"warn","message":"Suspicious activity detected","method":"GET","path":"/api/rooms/1/occupancy","requestCount":22,"service":"kanyr-backend","timestamp":"2026-03-19 12:24:33.411","userAgent":"Mozilla/5.0 (Windows NT 10.0; Win64; x64) AppleWebKit/537.36 (KHTML, like Gecko) Chrome/146.0.0.0 Safari/537.36"}
{"environment":"development","level":"debug","message":"SQL Query","service":"kanyr-backend","sql":"Executing (default): SELECT `id`, `token`, `user_id`, `expires_at`, `revoked_at` FROM `revoked_tokens` AS `RevokedToken` WHERE `RevokedToken`.`token` = 'eyJhbGciOiJIUzI1NiIsInR5cCI6IkpXVCJ9.eyJkYXRhIjoiVUhpRlk1UVAxUzVEV1VkZ1VQVjhEUT09Oi9tZXE2enkrd1R6T0hsWTRLWUJtbEE9PTpsTUFTcTkydmp1RmlINUEvZmdHcSs2aHBBaDh0aVRHbUNWOGg2S09WMzVGMWs4Z3hIbmZ4dzVHaE9mRWxrTk1JMDBRQ0l5WXYyZEtmQ1NCQ0dWeVhFYmQrRzYyUTdUTUhXMFZmMXl4blJvZ0xmNDl6TFNzPSIsImlhdCI6MTc3MzkxODg4NiwiZXhwIjoxNzc0MDA1Mjg2fQ.VAIm4WIwcNKJZYRQB5SoyrfI3HATkek21g4ntNKixYI' LIMIT 1;","timestamp":"2026-03-19 12:24:33.417","type":"database"}
{"environment":"development","ip":"::1","key":"ip:::1","level":"warn","message":"Suspicious activity detected","method":"GET","path":"/api/rooms/2/occupancy","requestCount":23,"service":"kanyr-backend","timestamp":"2026-03-19 12:24:33.419","userAgent":"Mozilla/5.0 (Windows NT 10.0; Win64; x64) AppleWebKit/537.36 (KHTML, like Gecko) Chrome/146.0.0.0 Safari/537.36"}
{"environment":"development","level":"debug","message":"SQL Query","service":"kanyr-backend","sql":"Executing (default): SELECT `id`, `token`, `user_id`, `expires_at`, `revoked_at` FROM `revoked_tokens` AS `RevokedToken` WHERE `RevokedToken`.`token` = 'eyJhbGciOiJIUzI1NiIsInR5cCI6IkpXVCJ9.eyJkYXRhIjoiVUhpRlk1UVAxUzVEV1VkZ1VQVjhEUT09Oi9tZXE2enkrd1R6T0hsWTRLWUJtbEE9PTpsTUFTcTkydmp1RmlINUEvZmdHcSs2aHBBaDh0aVRHbUNWOGg2S09WMzVGMWs4Z3hIbmZ4dzVHaE9mRWxrTk1JMDBRQ0l5WXYyZEtmQ1NCQ0dWeVhFYmQrRzYyUTdUTUhXMFZmMXl4blJvZ0xmNDl6TFNzPSIsImlhdCI6MTc3MzkxODg4NiwiZXhwIjoxNzc0MDA1Mjg2fQ.VAIm4WIwcNKJZYRQB5SoyrfI3HATkek21g4ntNKixYI' LIMIT 1;","timestamp":"2026-03-19 12:24:33.429","type":"database"}
{"environment":"development","ip":"::1","key":"ip:::1","level":"warn","message":"Suspicious activity detected","method":"GET","path":"/api/rooms/3/occupancy","requestCount":24,"service":"kanyr-backend","timestamp":"2026-03-19 12:24:33.430","userAgent":"Mozilla/5.0 (Windows NT 10.0; Win64; x64) AppleWebKit/537.36 (KHTML, like Gecko) Chrome/146.0.0.0 Safari/537.36"}
{"environment":"development","level":"debug","message":"SQL Query","service":"kanyr-backend","sql":"Executing (default): SELECT `id`, `token`, `user_id`, `expires_at`, `revoked_at` FROM `revoked_tokens` AS `RevokedToken` WHERE `RevokedToken`.`token` = 'eyJhbGciOiJIUzI1NiIsInR5cCI6IkpXVCJ9.eyJkYXRhIjoiVUhpRlk1UVAxUzVEV1VkZ1VQVjhEUT09Oi9tZXE2enkrd1R6T0hsWTRLWUJtbEE9PTpsTUFTcTkydmp1RmlINUEvZmdHcSs2aHBBaDh0aVRHbUNWOGg2S09WMzVGMWs4Z3hIbmZ4dzVHaE9mRWxrTk1JMDBRQ0l5WXYyZEtmQ1NCQ0dWeVhFYmQrRzYyUTdUTUhXMFZmMXl4blJvZ0xmNDl6TFNzPSIsImlhdCI6MTc3MzkxODg4NiwiZXhwIjoxNzc0MDA1Mjg2fQ.VAIm4WIwcNKJZYRQB5SoyrfI3HATkek21g4ntNKixYI' LIMIT 1;","timestamp":"2026-03-19 12:24:33.434","type":"database"}
{"environment":"development","ip":"::1","key":"ip:::1","level":"warn","message":"Suspicious activity detected","method":"GET","path":"/api/rooms/4/occupancy","requestCount":25,"service":"kanyr-backend","timestamp":"2026-03-19 12:24:33.444","userAgent":"Mozilla/5.0 (Windows NT 10.0; Win64; x64) AppleWebKit/537.36 (KHTML, like Gecko) Chrome/146.0.0.0 Safari/537.36"}
{"environment":"development","level":"debug","message":"SQL Query","service":"kanyr-backend","sql":"Executing (default): SELECT `id`, `token`, `user_id`, `expires_at`, `revoked_at` FROM `revoked_tokens` AS `RevokedToken` WHERE `RevokedToken`.`token` = 'eyJhbGciOiJIUzI1NiIsInR5cCI6IkpXVCJ9.eyJkYXRhIjoiVUhpRlk1UVAxUzVEV1VkZ1VQVjhEUT09Oi9tZXE2enkrd1R6T0hsWTRLWUJtbEE9PTpsTUFTcTkydmp1RmlINUEvZmdHcSs2aHBBaDh0aVRHbUNWOGg2S09WMzVGMWs4Z3hIbmZ4dzVHaE9mRWxrTk1JMDBRQ0l5WXYyZEtmQ1NCQ0dWeVhFYmQrRzYyUTdUTUhXMFZmMXl4blJvZ0xmNDl6TFNzPSIsImlhdCI6MTc3MzkxODg4NiwiZXhwIjoxNzc0MDA1Mjg2fQ.VAIm4WIwcNKJZYRQB5SoyrfI3HATkek21g4ntNKixYI' LIMIT 1;","timestamp":"2026-03-19 12:24:33.449","type":"database"}
{"duration":"245ms","environment":"development","ip":"::1","level":"info","message":"HTTP Request","method":"GET","service":"kanyr-backend","statusCode":304,"timestamp":"2026-03-19 12:24:33.461","type":"http","url":"/api/rooms/available","userAgent":"Mozilla/5.0 (Windows NT 10.0; Win64; x64) AppleWebKit/537.36 (KHTML, like Gecko) Chrome/146.0.0.0 Safari/537.36","userId":null}
{"environment":"development","level":"debug","message":"SQL Query","service":"kanyr-backend","sql":"Executing (default): SELECT count(*) AS `count` FROM `diaks` AS `Diak` WHERE (`Diak`.`deleted_at` IS NULL);","timestamp":"2026-03-19 12:24:33.478","type":"database"}
{"environment":"development","ip":"::1","key":"ip:::1","level":"warn","message":"Suspicious activity detected","method":"GET","path":"/api/rooms/5/occupancy","requestCount":26,"service":"kanyr-backend","timestamp":"2026-03-19 12:24:33.481","userAgent":"Mozilla/5.0 (Windows NT 10.0; Win64; x64) AppleWebKit/537.36 (KHTML, like Gecko) Chrome/146.0.0.0 Safari/537.36"}
{"environment":"development","level":"debug","message":"SQL Query","service":"kanyr-backend","sql":"Executing (default): SELECT `id`, `token`, `user_id`, `expires_at`, `revoked_at` FROM `revoked_tokens` AS `RevokedToken` WHERE `RevokedToken`.`token` = 'eyJhbGciOiJIUzI1NiIsInR5cCI6IkpXVCJ9.eyJkYXRhIjoiVUhpRlk1UVAxUzVEV1VkZ1VQVjhEUT09Oi9tZXE2enkrd1R6T0hsWTRLWUJtbEE9PTpsTUFTcTkydmp1RmlINUEvZmdHcSs2aHBBaDh0aVRHbUNWOGg2S09WMzVGMWs4Z3hIbmZ4dzVHaE9mRWxrTk1JMDBRQ0l5WXYyZEtmQ1NCQ0dWeVhFYmQrRzYyUTdUTUhXMFZmMXl4blJvZ0xmNDl6TFNzPSIsImlhdCI6MTc3MzkxODg4NiwiZXhwIjoxNzc0MDA1Mjg2fQ.VAIm4WIwcNKJZYRQB5SoyrfI3HATkek21g4ntNKixYI' LIMIT 1;","timestamp":"2026-03-19 12:24:33.495","type":"database"}
{"environment":"development","level":"debug","message":"SQL Query","service":"kanyr-backend","sql":"Executing (default): SELECT `user_id`, `username`, `email`, `password`, `admin`, `diak_id`, `token_version`, `last_password_change`, `security_flags`, `deleted_at`, `created_at`, `updated_at` FROM `felhasznalos` AS `Felhasznalo` WHERE (`Felhasznalo`.`deleted_at` IS NULL AND `Felhasznalo`.`user_id` = 1);","timestamp":"2026-03-19 12:24:33.511","type":"database"}
{"environment":"development","level":"debug","message":"SQL Query","service":"kanyr-backend","sql":"Executing (default): SELECT `user_id`, `username`, `email`, `password`, `admin`, `diak_id`, `token_version`, `last_password_change`, `security_flags`, `deleted_at`, `created_at`, `updated_at` FROM `felhasznalos` AS `Felhasznalo` WHERE (`Felhasznalo`.`deleted_at` IS NULL AND `Felhasznalo`.`user_id` = 1);","timestamp":"2026-03-19 12:24:33.513","type":"database"}
{"environment":"development","level":"debug","message":"SQL Query","service":"kanyr-backend","sql":"Executing (default): SELECT `user_id`, `username`, `email`, `password`, `admin`, `diak_id`, `token_version`, `last_password_change`, `security_flags`, `deleted_at`, `created_at`, `updated_at` FROM `felhasznalos` AS `Felhasznalo` WHERE (`Felhasznalo`.`deleted_at` IS NULL AND `Felhasznalo`.`user_id` = 1);","timestamp":"2026-03-19 12:24:33.514","type":"database"}
{"environment":"development","level":"debug","message":"SQL Query","service":"kanyr-backend","sql":"Executing (default): SELECT `user_id`, `username`, `email`, `password`, `admin`, `diak_id`, `token_version`, `last_password_change`, `security_flags`, `deleted_at`, `created_at`, `updated_at` FROM `felhasznalos` AS `Felhasznalo` WHERE (`Felhasznalo`.`deleted_at` IS NULL AND `Felhasznalo`.`user_id` = 1);","timestamp":"2026-03-19 12:24:33.515","type":"database"}
{"environment":"development","level":"debug","message":"SQL Query","service":"kanyr-backend","sql":"Executing (default): SELECT `Diak`.*, `szulo`.`szulo_id` AS `szulo.szulo_id`, `szulo`.`nev` AS `szulo.nev`, `szulo`.`email` AS `szulo.email`, `szulo`.`telefonszam` AS `szulo.telefonszam`, `szulo`.`szemelyi_igazolvany_szam` AS `szulo.szemelyi_igazolvany_szam`, `szulo`.`cim_id` AS `szulo.cim_id`, `szulo`.`deleted_at` AS `szulo.deleted_at`, `szulo`.`created_at` AS `szulo.created_at`, `szulo`.`updated_at` AS `szulo.updated_at`, `szulo->lakcim`.`cim_id` AS `szulo.lakcim.cim_id`, `szulo->lakcim`.`orszag` AS `szulo.lakcim.orszag`, `szulo->lakcim`.`iranyitoszam` AS `szulo.lakcim.iranyitoszam`, `szulo->lakcim`.`varos` AS `szulo.lakcim.varos`, `szulo->lakcim`.`utca_hazszam` AS `szulo.lakcim.utca_hazszam`, `szulo->lakcim`.`deleted_at` AS `szulo.lakcim.deleted_at`, `szulo->lakcim`.`created_at` AS `szulo.lakcim.created_at`, `szulo->lakcim`.`updated_at` AS `szulo.lakcim.updated_at`, `lakcim`.`cim_id` AS `lakcim.cim_id`, `lakcim`.`orszag` AS `lakcim.orszag`, `lakcim`.`iranyitoszam` AS `lakcim.iranyitoszam`, `lakcim`.`varos` AS `lakcim.varos`, `lakcim`.`utca_hazszam` AS `lakcim.utca_hazszam`, `lakcim`.`deleted_at` AS `lakcim.deleted_at`, `lakcim`.`created_at` AS `lakcim.created_at`, `lakcim`.`updated_at` AS `lakcim.updated_at`, `bekoltozesek`.`bekoltozes_id` AS `bekoltozesek.bekoltozes_id`, `bekoltozesek`.`diak_id` AS `bekoltozesek.diak_id`, `bekoltozesek`.`szoba_id` AS `bekoltozesek.szoba_id`, `bekoltozesek`.`bekoltozes_datum` AS `bekoltozesek.bekoltozes_datum`, `bekoltozesek`.`kikoltozes_datum` AS `bekoltozesek.kikoltozes_datum`, `bekoltozesek`.`deleted_at` AS `bekoltozesek.deleted_at`, `bekoltozesek`.`created_at` AS `bekoltozesek.created_at`, `bekoltozesek`.`updated_at` AS `bekoltozesek.updated_at`, `bekoltozesek->szoba`.`szoba_id` AS `bekoltozesek.szoba.szoba_id`, `bekoltozesek->szoba`.`szoba_szama` AS `bekoltozesek.szoba.szoba_szama`, `bekoltozesek->szoba`.`osszes_hely` AS `bekoltozesek.szoba.osszes_hely`, `bekoltozesek->szoba`.`deleted_at` AS `bekoltozesek.szoba.deleted_at`, `bekoltozesek->szoba`.`created_at` AS `bekoltozesek.szoba.created_at`, `bekoltozesek->szoba`.`updated_at` AS `bekoltozesek.szoba.updated_at` FROM (SELECT `Diak`.`diak_id`, `Diak`.`nev`, `Diak`.`email`, `Diak`.`telefonszam`, `Diak`.`szuletesi_datum`, `Diak`.`szemelyi_igazolvany_szam`, `Diak`.`taj_szam`, `Diak`.`diakigazolvany_szam`, `Diak`.`szulo_id`, `Diak`.`kapcsolat_tipusa`, `Diak`.`cim_id`, `Diak`.`nem`, `Diak`.`deleted_at`, `Diak`.`created_at`, `Diak`.`updated_at` FROM `diaks` AS `Diak` WHERE `Diak`.`deleted_at` IS NULL ORDER BY `Diak`.`nev` ASC LIMIT 0, 50) AS `Diak` LEFT OUTER JOIN `szulos` AS `szulo` ON `Diak`.`szulo_id` = `szulo`.`szulo_id` AND (`szulo`.`deleted_at` IS NULL) LEFT OUTER JOIN `lakcims` AS `szulo->lakcim` ON `szulo`.`cim_id` = `szulo->lakcim`.`cim_id` AND (`szulo->lakcim`.`deleted_at` IS NULL) LEFT OUTER JOIN `lakcims` AS `lakcim` ON `Diak`.`cim_id` = `lakcim`.`cim_id` AND (`lakcim`.`deleted_at` IS NULL) LEFT OUTER JOIN `szoba_bekoltozes` AS `bekoltozesek` ON `Diak`.`diak_id` = `bekoltozesek`.`diak_id` AND (`bekoltozesek`.`deleted_at` IS NULL) LEFT OUTER JOIN `szobas` AS `bekoltozesek->szoba` ON `bekoltozesek`.`szoba_id` = `bekoltozesek->szoba`.`szoba_id` AND (`bekoltozesek->szoba`.`deleted_at` IS NULL) ORDER BY `Diak`.`nev` ASC;","timestamp":"2026-03-19 12:24:33.526","type":"database"}
{"environment":"development","level":"debug","message":"SQL Query","service":"kanyr-backend","sql":"Executing (default): SELECT `user_id`, `username`, `email`, `password`, `admin`, `diak_id`, `token_version`, `last_password_change`, `security_flags`, `deleted_at`, `created_at`, `updated_at` FROM `felhasznalos` AS `Felhasznalo` WHERE (`Felhasznalo`.`deleted_at` IS NULL AND `Felhasznalo`.`user_id` = 1);","timestamp":"2026-03-19 12:24:33.527","type":"database"}
{"environment":"development","level":"debug","message":"SQL Query","service":"kanyr-backend","sql":"Executing (default): SELECT `szoba_id`, `szoba_szama`, `osszes_hely`, `deleted_at`, `created_at`, `updated_at` FROM `szobas` AS `Szoba` WHERE (`Szoba`.`deleted_at` IS NULL AND `Szoba`.`szoba_id` = 1);","timestamp":"2026-03-19 12:24:33.541","type":"database"}
{"environment":"development","level":"debug","message":"SQL Query","service":"kanyr-backend","sql":"Executing (default): SELECT `szoba_id`, `szoba_szama`, `osszes_hely`, `deleted_at`, `created_at`, `updated_at` FROM `szobas` AS `Szoba` WHERE (`Szoba`.`deleted_at` IS NULL AND `Szoba`.`szoba_id` = 4);","timestamp":"2026-03-19 12:24:33.543","type":"database"}
{"duration":"301ms","environment":"development","ip":"::1","level":"info","message":"HTTP Request","method":"GET","service":"kanyr-backend","statusCode":304,"timestamp":"2026-03-19 12:24:33.561","type":"http","url":"/api/students","userAgent":"Mozilla/5.0 (Windows NT 10.0; Win64; x64) AppleWebKit/537.36 (KHTML, like Gecko) Chrome/146.0.0.0 Safari/537.36","userId":null}
{"environment":"development","level":"debug","message":"SQL Query","service":"kanyr-backend","sql":"Executing (default): SELECT `szoba_id`, `szoba_szama`, `osszes_hely`, `deleted_at`, `created_at`, `updated_at` FROM `szobas` AS `Szoba` WHERE (`Szoba`.`deleted_at` IS NULL AND `Szoba`.`szoba_id` = 3);","timestamp":"2026-03-19 12:24:33.563","type":"database"}
{"environment":"development","level":"debug","message":"SQL Query","service":"kanyr-backend","sql":"Executing (default): SELECT `szoba_id`, `szoba_szama`, `osszes_hely`, `deleted_at`, `created_at`, `updated_at` FROM `szobas` AS `Szoba` WHERE (`Szoba`.`deleted_at` IS NULL AND `Szoba`.`szoba_id` = 2);","timestamp":"2026-03-19 12:24:33.570","type":"database"}
{"environment":"development","level":"debug","message":"SQL Query","service":"kanyr-backend","sql":"Executing (default): SELECT `szoba_id`, `szoba_szama`, `osszes_hely`, `deleted_at`, `created_at`, `updated_at` FROM `szobas` AS `Szoba` WHERE (`Szoba`.`deleted_at` IS NULL AND `Szoba`.`szoba_id` = 5);","timestamp":"2026-03-19 12:24:33.579","type":"database"}
{"environment":"development","ip":"::1","key":"ip:::1","level":"warn","message":"Suspicious activity detected","method":"GET","path":"/api/rooms/6/occupancy","requestCount":27,"service":"kanyr-backend","timestamp":"2026-03-19 12:24:33.585","userAgent":"Mozilla/5.0 (Windows NT 10.0; Win64; x64) AppleWebKit/537.36 (KHTML, like Gecko) Chrome/146.0.0.0 Safari/537.36"}
{"environment":"development","level":"debug","message":"SQL Query","service":"kanyr-backend","sql":"Executing (default): SELECT `id`, `token`, `user_id`, `expires_at`, `revoked_at` FROM `revoked_tokens` AS `RevokedToken` WHERE `RevokedToken`.`token` = 'eyJhbGciOiJIUzI1NiIsInR5cCI6IkpXVCJ9.eyJkYXRhIjoiVUhpRlk1UVAxUzVEV1VkZ1VQVjhEUT09Oi9tZXE2enkrd1R6T0hsWTRLWUJtbEE9PTpsTUFTcTkydmp1RmlINUEvZmdHcSs2aHBBaDh0aVRHbUNWOGg2S09WMzVGMWs4Z3hIbmZ4dzVHaE9mRWxrTk1JMDBRQ0l5WXYyZEtmQ1NCQ0dWeVhFYmQrRzYyUTdUTUhXMFZmMXl4blJvZ0xmNDl6TFNzPSIsImlhdCI6MTc3MzkxODg4NiwiZXhwIjoxNzc0MDA1Mjg2fQ.VAIm4WIwcNKJZYRQB5SoyrfI3HATkek21g4ntNKixYI' LIMIT 1;","timestamp":"2026-03-19 12:24:33.593","type":"database"}
{"environment":"development","level":"debug","message":"SQL Query","service":"kanyr-backend","sql":"Executing (default): SELECT count(*) AS `count` FROM `szoba_bekoltozes` AS `SzobaBekoltozes` WHERE (`SzobaBekoltozes`.`deleted_at` IS NULL AND (`SzobaBekoltozes`.`szoba_id` = 1 AND `SzobaBekoltozes`.`kikoltozes_datum` IS NULL));","timestamp":"2026-03-19 12:24:33.599","type":"database"}
{"environment":"development","level":"debug","message":"SQL Query","service":"kanyr-backend","sql":"Executing (default): SELECT count(*) AS `count` FROM `szoba_bekoltozes` AS `SzobaBekoltozes` WHERE (`SzobaBekoltozes`.`deleted_at` IS NULL AND (`SzobaBekoltozes`.`szoba_id` = 4 AND `SzobaBekoltozes`.`kikoltozes_datum` IS NULL));","timestamp":"2026-03-19 12:24:33.602","type":"database"}
{"environment":"development","level":"debug","message":"SQL Query","service":"kanyr-backend","sql":"Executing (default): SELECT count(*) AS `count` FROM `szoba_bekoltozes` AS `SzobaBekoltozes` WHERE (`SzobaBekoltozes`.`deleted_at` IS NULL AND (`SzobaBekoltozes`.`szoba_id` = 3 AND `SzobaBekoltozes`.`kikoltozes_datum` IS NULL));","timestamp":"2026-03-19 12:24:33.608","type":"database"}
{"environment":"development","level":"debug","message":"SQL Query","service":"kanyr-backend","sql":"Executing (default): SELECT count(*) AS `count` FROM `szoba_bekoltozes` AS `SzobaBekoltozes` WHERE (`SzobaBekoltozes`.`deleted_at` IS NULL AND (`SzobaBekoltozes`.`szoba_id` = 2 AND `SzobaBekoltozes`.`kikoltozes_datum` IS NULL));","timestamp":"2026-03-19 12:24:33.611","type":"database"}
{"environment":"development","level":"debug","message":"SQL Query","service":"kanyr-backend","sql":"Executing (default): SELECT count(*) AS `count` FROM `szoba_bekoltozes` AS `SzobaBekoltozes` WHERE (`SzobaBekoltozes`.`deleted_at` IS NULL AND (`SzobaBekoltozes`.`szoba_id` = 5 AND `SzobaBekoltozes`.`kikoltozes_datum` IS NULL));","timestamp":"2026-03-19 12:24:33.613","type":"database"}
{"environment":"development","level":"debug","message":"SQL Query","service":"kanyr-backend","sql":"Executing (default): SELECT `user_id`, `username`, `email`, `password`, `admin`, `diak_id`, `token_version`, `last_password_change`, `security_flags`, `deleted_at`, `created_at`, `updated_at` FROM `felhasznalos` AS `Felhasznalo` WHERE (`Felhasznalo`.`deleted_at` IS NULL AND `Felhasznalo`.`user_id` = 1);","timestamp":"2026-03-19 12:24:33.614","type":"database"}
{"environment":"development","level":"debug","message":"SQL Query","service":"kanyr-backend","sql":"Executing (default): SELECT `SzobaBekoltozes`.`bekoltozes_id`, `SzobaBekoltozes`.`diak_id`, `SzobaBekoltozes`.`szoba_id`, `SzobaBekoltozes`.`bekoltozes_datum`, `SzobaBekoltozes`.`kikoltozes_datum`, `SzobaBekoltozes`.`deleted_at`, `SzobaBekoltozes`.`created_at`, `SzobaBekoltozes`.`updated_at`, `diak`.`diak_id` AS `diak.diak_id`, `diak`.`nev` AS `diak.nev`, `diak`.`email` AS `diak.email`, `diak`.`telefonszam` AS `diak.telefonszam`, `diak`.`szuletesi_datum` AS `diak.szuletesi_datum`, `diak`.`szemelyi_igazolvany_szam` AS `diak.szemelyi_igazolvany_szam`, `diak`.`taj_szam` AS `diak.taj_szam`, `diak`.`diakigazolvany_szam` AS `diak.diakigazolvany_szam`, `diak`.`szulo_id` AS `diak.szulo_id`, `diak`.`kapcsolat_tipusa` AS `diak.kapcsolat_tipusa`, `diak`.`cim_id` AS `diak.cim_id`, `diak`.`nem` AS `diak.nem`, `diak`.`deleted_at` AS `diak.deleted_at`, `diak`.`created_at` AS `diak.created_at`, `diak`.`updated_at` AS `diak.updated_at` FROM `szoba_bekoltozes` AS `SzobaBekoltozes` LEFT OUTER JOIN `diaks` AS `diak` ON `SzobaBekoltozes`.`diak_id` = `diak`.`diak_id` AND (`diak`.`deleted_at` IS NULL) WHERE (`SzobaBekoltozes`.`deleted_at` IS NULL AND (`SzobaBekoltozes`.`szoba_id` = 1 AND `SzobaBekoltozes`.`kikoltozes_datum` IS NULL));","timestamp":"2026-03-19 12:24:33.618","type":"database"}
{"environment":"development","level":"debug","message":"SQL Query","service":"kanyr-backend","sql":"Executing (default): SELECT `SzobaBekoltozes`.`bekoltozes_id`, `SzobaBekoltozes`.`diak_id`, `SzobaBekoltozes`.`szoba_id`, `SzobaBekoltozes`.`bekoltozes_datum`, `SzobaBekoltozes`.`kikoltozes_datum`, `SzobaBekoltozes`.`deleted_at`, `SzobaBekoltozes`.`created_at`, `SzobaBekoltozes`.`updated_at`, `diak`.`diak_id` AS `diak.diak_id`, `diak`.`nev` AS `diak.nev`, `diak`.`email` AS `diak.email`, `diak`.`telefonszam` AS `diak.telefonszam`, `diak`.`szuletesi_datum` AS `diak.szuletesi_datum`, `diak`.`szemelyi_igazolvany_szam` AS `diak.szemelyi_igazolvany_szam`, `diak`.`taj_szam` AS `diak.taj_szam`, `diak`.`diakigazolvany_szam` AS `diak.diakigazolvany_szam`, `diak`.`szulo_id` AS `diak.szulo_id`, `diak`.`kapcsolat_tipusa` AS `diak.kapcsolat_tipusa`, `diak`.`cim_id` AS `diak.cim_id`, `diak`.`nem` AS `diak.nem`, `diak`.`deleted_at` AS `diak.deleted_at`, `diak`.`created_at` AS `diak.created_at`, `diak`.`updated_at` AS `diak.updated_at` FROM `szoba_bekoltozes` AS `SzobaBekoltozes` LEFT OUTER JOIN `diaks` AS `diak` ON `SzobaBekoltozes`.`diak_id` = `diak`.`diak_id` AND (`diak`.`deleted_at` IS NULL) WHERE (`SzobaBekoltozes`.`deleted_at` IS NULL AND (`SzobaBekoltozes`.`szoba_id` = 5 AND `SzobaBekoltozes`.`kikoltozes_datum` IS NULL));","timestamp":"2026-03-19 12:24:33.626","type":"database"}
{"environment":"development","level":"debug","message":"SQL Query","service":"kanyr-backend","sql":"Executing (default): SELECT `szoba_id`, `szoba_szama`, `osszes_hely`, `deleted_at`, `created_at`, `updated_at` FROM `szobas` AS `Szoba` WHERE (`Szoba`.`deleted_at` IS NULL AND `Szoba`.`szoba_id` = 6);","timestamp":"2026-03-19 12:24:33.631","type":"database"}
{"environment":"development","level":"debug","message":"SQL Query","service":"kanyr-backend","sql":"Executing (default): SELECT `SzobaBekoltozes`.`bekoltozes_id`, `SzobaBekoltozes`.`diak_id`, `SzobaBekoltozes`.`szoba_id`, `SzobaBekoltozes`.`bekoltozes_datum`, `SzobaBekoltozes`.`kikoltozes_datum`, `SzobaBekoltozes`.`deleted_at`, `SzobaBekoltozes`.`created_at`, `SzobaBekoltozes`.`updated_at`, `diak`.`diak_id` AS `diak.diak_id`, `diak`.`nev` AS `diak.nev`, `diak`.`email` AS `diak.email`, `diak`.`telefonszam` AS `diak.telefonszam`, `diak`.`szuletesi_datum` AS `diak.szuletesi_datum`, `diak`.`szemelyi_igazolvany_szam` AS `diak.szemelyi_igazolvany_szam`, `diak`.`taj_szam` AS `diak.taj_szam`, `diak`.`diakigazolvany_szam` AS `diak.diakigazolvany_szam`, `diak`.`szulo_id` AS `diak.szulo_id`, `diak`.`kapcsolat_tipusa` AS `diak.kapcsolat_tipusa`, `diak`.`cim_id` AS `diak.cim_id`, `diak`.`nem` AS `diak.nem`, `diak`.`deleted_at` AS `diak.deleted_at`, `diak`.`created_at` AS `diak.created_at`, `diak`.`updated_at` AS `diak.updated_at` FROM `szoba_bekoltozes` AS `SzobaBekoltozes` LEFT OUTER JOIN `diaks` AS `diak` ON `SzobaBekoltozes`.`diak_id` = `diak`.`diak_id` AND (`diak`.`deleted_at` IS NULL) WHERE (`SzobaBekoltozes`.`deleted_at` IS NULL AND (`SzobaBekoltozes`.`szoba_id` = 3 AND `SzobaBekoltozes`.`kikoltozes_datum` IS NULL));","timestamp":"2026-03-19 12:24:33.632","type":"database"}
{"environment":"development","level":"debug","message":"SQL Query","service":"kanyr-backend","sql":"Executing (default): SELECT `SzobaBekoltozes`.`bekoltozes_id`, `SzobaBekoltozes`.`diak_id`, `SzobaBekoltozes`.`szoba_id`, `SzobaBekoltozes`.`bekoltozes_datum`, `SzobaBekoltozes`.`kikoltozes_datum`, `SzobaBekoltozes`.`deleted_at`, `SzobaBekoltozes`.`created_at`, `SzobaBekoltozes`.`updated_at`, `diak`.`diak_id` AS `diak.diak_id`, `diak`.`nev` AS `diak.nev`, `diak`.`email` AS `diak.email`, `diak`.`telefonszam` AS `diak.telefonszam`, `diak`.`szuletesi_datum` AS `diak.szuletesi_datum`, `diak`.`szemelyi_igazolvany_szam` AS `diak.szemelyi_igazolvany_szam`, `diak`.`taj_szam` AS `diak.taj_szam`, `diak`.`diakigazolvany_szam` AS `diak.diakigazolvany_szam`, `diak`.`szulo_id` AS `diak.szulo_id`, `diak`.`kapcsolat_tipusa` AS `diak.kapcsolat_tipusa`, `diak`.`cim_id` AS `diak.cim_id`, `diak`.`nem` AS `diak.nem`, `diak`.`deleted_at` AS `diak.deleted_at`, `diak`.`created_at` AS `diak.created_at`, `diak`.`updated_at` AS `diak.updated_at` FROM `szoba_bekoltozes` AS `SzobaBekoltozes` LEFT OUTER JOIN `diaks` AS `diak` ON `SzobaBekoltozes`.`diak_id` = `diak`.`diak_id` AND (`diak`.`deleted_at` IS NULL) WHERE (`SzobaBekoltozes`.`deleted_at` IS NULL AND (`SzobaBekoltozes`.`szoba_id` = 2 AND `SzobaBekoltozes`.`kikoltozes_datum` IS NULL));","timestamp":"2026-03-19 12:24:33.634","type":"database"}
{"environment":"development","level":"debug","message":"SQL Query","service":"kanyr-backend","sql":"Executing (default): SELECT `SzobaBekoltozes`.`bekoltozes_id`, `SzobaBekoltozes`.`diak_id`, `SzobaBekoltozes`.`szoba_id`, `SzobaBekoltozes`.`bekoltozes_datum`, `SzobaBekoltozes`.`kikoltozes_datum`, `SzobaBekoltozes`.`deleted_at`, `SzobaBekoltozes`.`created_at`, `SzobaBekoltozes`.`updated_at`, `diak`.`diak_id` AS `diak.diak_id`, `diak`.`nev` AS `diak.nev`, `diak`.`email` AS `diak.email`, `diak`.`telefonszam` AS `diak.telefonszam`, `diak`.`szuletesi_datum` AS `diak.szuletesi_datum`, `diak`.`szemelyi_igazolvany_szam` AS `diak.szemelyi_igazolvany_szam`, `diak`.`taj_szam` AS `diak.taj_szam`, `diak`.`diakigazolvany_szam` AS `diak.diakigazolvany_szam`, `diak`.`szulo_id` AS `diak.szulo_id`, `diak`.`kapcsolat_tipusa` AS `diak.kapcsolat_tipusa`, `diak`.`cim_id` AS `diak.cim_id`, `diak`.`nem` AS `diak.nem`, `diak`.`deleted_at` AS `diak.deleted_at`, `diak`.`created_at` AS `diak.created_at`, `diak`.`updated_at` AS `diak.updated_at` FROM `szoba_bekoltozes` AS `SzobaBekoltozes` LEFT OUTER JOIN `diaks` AS `diak` ON `SzobaBekoltozes`.`diak_id` = `diak`.`diak_id` AND (`diak`.`deleted_at` IS NULL) WHERE (`SzobaBekoltozes`.`deleted_at` IS NULL AND (`SzobaBekoltozes`.`szoba_id` = 4 AND `SzobaBekoltozes`.`kikoltozes_datum` IS NULL));","timestamp":"2026-03-19 12:24:33.637","type":"database"}
{"duration":"239ms","environment":"development","ip":"::1","level":"info","message":"HTTP Request","method":"GET","service":"kanyr-backend","statusCode":304,"timestamp":"2026-03-19 12:24:33.649","type":"http","url":"/api/rooms/1/occupancy","userAgent":"Mozilla/5.0 (Windows NT 10.0; Win64; x64) AppleWebKit/537.36 (KHTML, like Gecko) Chrome/146.0.0.0 Safari/537.36","userId":null}
{"duration":"234ms","environment":"development","ip":"::1","level":"info","message":"HTTP Request","method":"GET","service":"kanyr-backend","statusCode":304,"timestamp":"2026-03-19 12:24:33.653","type":"http","url":"/api/rooms/2/occupancy","userAgent":"Mozilla/5.0 (Windows NT 10.0; Win64; x64) AppleWebKit/537.36 (KHTML, like Gecko) Chrome/146.0.0.0 Safari/537.36","userId":null}
{"duration":"233ms","environment":"development","ip":"::1","level":"info","message":"HTTP Request","method":"GET","service":"kanyr-backend","statusCode":304,"timestamp":"2026-03-19 12:24:33.669","type":"http","url":"/api/rooms/4/occupancy","userAgent":"Mozilla/5.0 (Windows NT 10.0; Win64; x64) AppleWebKit/537.36 (KHTML, like Gecko) Chrome/146.0.0.0 Safari/537.36","userId":null}
{"environment":"development","level":"debug","message":"SQL Query","service":"kanyr-backend","sql":"Executing (default): SELECT count(*) AS `count` FROM `szoba_bekoltozes` AS `SzobaBekoltozes` WHERE (`SzobaBekoltozes`.`deleted_at` IS NULL AND (`SzobaBekoltozes`.`szoba_id` = 6 AND `SzobaBekoltozes`.`kikoltozes_datum` IS NULL));","timestamp":"2026-03-19 12:24:33.675","type":"database"}
{"duration":"249ms","environment":"development","ip":"::1","level":"info","message":"HTTP Request","method":"GET","service":"kanyr-backend","statusCode":304,"timestamp":"2026-03-19 12:24:33.679","type":"http","url":"/api/rooms/3/occupancy","userAgent":"Mozilla/5.0 (Windows NT 10.0; Win64; x64) AppleWebKit/537.36 (KHTML, like Gecko) Chrome/146.0.0.0 Safari/537.36","userId":null}
{"duration":"203ms","environment":"development","ip":"::1","level":"info","message":"HTTP Request","method":"GET","service":"kanyr-backend","statusCode":304,"timestamp":"2026-03-19 12:24:33.686","type":"http","url":"/api/rooms/5/occupancy","userAgent":"Mozilla/5.0 (Windows NT 10.0; Win64; x64) AppleWebKit/537.36 (KHTML, like Gecko) Chrome/146.0.0.0 Safari/537.36","userId":null}
{"environment":"development","level":"debug","message":"SQL Query","service":"kanyr-backend","sql":"Executing (default): SELECT `SzobaBekoltozes`.`bekoltozes_id`, `SzobaBekoltozes`.`diak_id`, `SzobaBekoltozes`.`szoba_id`, `SzobaBekoltozes`.`bekoltozes_datum`, `SzobaBekoltozes`.`kikoltozes_datum`, `SzobaBekoltozes`.`deleted_at`, `SzobaBekoltozes`.`created_at`, `SzobaBekoltozes`.`updated_at`, `diak`.`diak_id` AS `diak.diak_id`, `diak`.`nev` AS `diak.nev`, `diak`.`email` AS `diak.email`, `diak`.`telefonszam` AS `diak.telefonszam`, `diak`.`szuletesi_datum` AS `diak.szuletesi_datum`, `diak`.`szemelyi_igazolvany_szam` AS `diak.szemelyi_igazolvany_szam`, `diak`.`taj_szam` AS `diak.taj_szam`, `diak`.`diakigazolvany_szam` AS `diak.diakigazolvany_szam`, `diak`.`szulo_id` AS `diak.szulo_id`, `diak`.`kapcsolat_tipusa` AS `diak.kapcsolat_tipusa`, `diak`.`cim_id` AS `diak.cim_id`, `diak`.`nem` AS `diak.nem`, `diak`.`deleted_at` AS `diak.deleted_at`, `diak`.`created_at` AS `diak.created_at`, `diak`.`updated_at` AS `diak.updated_at` FROM `szoba_bekoltozes` AS `SzobaBekoltozes` LEFT OUTER JOIN `diaks` AS `diak` ON `SzobaBekoltozes`.`diak_id` = `diak`.`diak_id` AND (`diak`.`deleted_at` IS NULL) WHERE (`SzobaBekoltozes`.`deleted_at` IS NULL AND (`SzobaBekoltozes`.`szoba_id` = 6 AND `SzobaBekoltozes`.`kikoltozes_datum` IS NULL));","timestamp":"2026-03-19 12:24:33.694","type":"database"}
{"duration":"112ms","environment":"development","ip":"::1","level":"info","message":"HTTP Request","method":"GET","service":"kanyr-backend","statusCode":304,"timestamp":"2026-03-19 12:24:33.698","type":"http","url":"/api/rooms/6/occupancy","userAgent":"Mozilla/5.0 (Windows NT 10.0; Win64; x64) AppleWebKit/537.36 (KHTML, like Gecko) Chrome/146.0.0.0 Safari/537.36","userId":null}
{"environment":"development","ip":"::1","key":"ip:::1","level":"warn","message":"Suspicious activity detected","method":"GET","path":"/api/students/statistics","requestCount":28,"service":"kanyr-backend","timestamp":"2026-03-19 12:24:38.044","userAgent":"Mozilla/5.0 (Windows NT 10.0; Win64; x64) AppleWebKit/537.36 (KHTML, like Gecko) Chrome/146.0.0.0 Safari/537.36"}
{"environment":"development","level":"debug","message":"SQL Query","service":"kanyr-backend","sql":"Executing (default): SELECT `id`, `token`, `user_id`, `expires_at`, `revoked_at` FROM `revoked_tokens` AS `RevokedToken` WHERE `RevokedToken`.`token` = 'eyJhbGciOiJIUzI1NiIsInR5cCI6IkpXVCJ9.eyJkYXRhIjoiVUhpRlk1UVAxUzVEV1VkZ1VQVjhEUT09Oi9tZXE2enkrd1R6T0hsWTRLWUJtbEE9PTpsTUFTcTkydmp1RmlINUEvZmdHcSs2aHBBaDh0aVRHbUNWOGg2S09WMzVGMWs4Z3hIbmZ4dzVHaE9mRWxrTk1JMDBRQ0l5WXYyZEtmQ1NCQ0dWeVhFYmQrRzYyUTdUTUhXMFZmMXl4blJvZ0xmNDl6TFNzPSIsImlhdCI6MTc3MzkxODg4NiwiZXhwIjoxNzc0MDA1Mjg2fQ.VAIm4WIwcNKJZYRQB5SoyrfI3HATkek21g4ntNKixYI' LIMIT 1;","timestamp":"2026-03-19 12:24:38.047","type":"database"}
{"environment":"development","level":"debug","message":"SQL Query","service":"kanyr-backend","sql":"Executing (default): SELECT `user_id`, `username`, `email`, `password`, `admin`, `diak_id`, `token_version`, `last_password_change`, `security_flags`, `deleted_at`, `created_at`, `updated_at` FROM `felhasznalos` AS `Felhasznalo` WHERE (`Felhasznalo`.`deleted_at` IS NULL AND `Felhasznalo`.`user_id` = 1);","timestamp":"2026-03-19 12:24:38.114","type":"database"}
{"duration":"103ms","environment":"development","ip":"::1","level":"info","message":"HTTP Request","method":"GET","service":"kanyr-backend","statusCode":304,"timestamp":"2026-03-19 12:24:38.147","type":"http","url":"/api/students/statistics","userAgent":"Mozilla/5.0 (Windows NT 10.0; Win64; x64) AppleWebKit/537.36 (KHTML, like Gecko) Chrome/146.0.0.0 Safari/537.36","userId":null}
{"environment":"development","ip":"::1","key":"ip:::1","level":"warn","message":"Suspicious activity detected","method":"GET","path":"/api/rooms","requestCount":29,"service":"kanyr-backend","timestamp":"2026-03-19 12:24:38.283","userAgent":"Mozilla/5.0 (Windows NT 10.0; Win64; x64) AppleWebKit/537.36 (KHTML, like Gecko) Chrome/146.0.0.0 Safari/537.36"}
{"environment":"development","level":"debug","message":"SQL Query","service":"kanyr-backend","sql":"Executing (default): SELECT `id`, `token`, `user_id`, `expires_at`, `revoked_at` FROM `revoked_tokens` AS `RevokedToken` WHERE `RevokedToken`.`token` = 'eyJhbGciOiJIUzI1NiIsInR5cCI6IkpXVCJ9.eyJkYXRhIjoiVUhpRlk1UVAxUzVEV1VkZ1VQVjhEUT09Oi9tZXE2enkrd1R6T0hsWTRLWUJtbEE9PTpsTUFTcTkydmp1RmlINUEvZmdHcSs2aHBBaDh0aVRHbUNWOGg2S09WMzVGMWs4Z3hIbmZ4dzVHaE9mRWxrTk1JMDBRQ0l5WXYyZEtmQ1NCQ0dWeVhFYmQrRzYyUTdUTUhXMFZmMXl4blJvZ0xmNDl6TFNzPSIsImlhdCI6MTc3MzkxODg4NiwiZXhwIjoxNzc0MDA1Mjg2fQ.VAIm4WIwcNKJZYRQB5SoyrfI3HATkek21g4ntNKixYI' LIMIT 1;","timestamp":"2026-03-19 12:24:38.297","type":"database"}
{"environment":"development","level":"debug","message":"SQL Query","service":"kanyr-backend","sql":"Executing (default): SELECT `user_id`, `username`, `email`, `password`, `admin`, `diak_id`, `token_version`, `last_password_change`, `security_flags`, `deleted_at`, `created_at`, `updated_at` FROM `felhasznalos` AS `Felhasznalo` WHERE (`Felhasznalo`.`deleted_at` IS NULL AND `Felhasznalo`.`user_id` = 1);","timestamp":"2026-03-19 12:24:38.307","type":"database"}
{"duration":"30ms","environment":"development","ip":"::1","level":"info","message":"HTTP Request","method":"GET","service":"kanyr-backend","statusCode":304,"timestamp":"2026-03-19 12:24:38.313","type":"http","url":"/api/rooms","userAgent":"Mozilla/5.0 (Windows NT 10.0; Win64; x64) AppleWebKit/537.36 (KHTML, like Gecko) Chrome/146.0.0.0 Safari/537.36","userId":null}
{"environment":"development","ip":"::1","key":"ip:::1","level":"warn","message":"Suspicious activity detected","method":"GET","path":"/api/students","requestCount":30,"service":"kanyr-backend","timestamp":"2026-03-19 12:24:38.329","userAgent":"Mozilla/5.0 (Windows NT 10.0; Win64; x64) AppleWebKit/537.36 (KHTML, like Gecko) Chrome/146.0.0.0 Safari/537.36"}
{"environment":"development","level":"debug","message":"SQL Query","service":"kanyr-backend","sql":"Executing (default): SELECT `id`, `token`, `user_id`, `expires_at`, `revoked_at` FROM `revoked_tokens` AS `RevokedToken` WHERE `RevokedToken`.`token` = 'eyJhbGciOiJIUzI1NiIsInR5cCI6IkpXVCJ9.eyJkYXRhIjoiVUhpRlk1UVAxUzVEV1VkZ1VQVjhEUT09Oi9tZXE2enkrd1R6T0hsWTRLWUJtbEE9PTpsTUFTcTkydmp1RmlINUEvZmdHcSs2aHBBaDh0aVRHbUNWOGg2S09WMzVGMWs4Z3hIbmZ4dzVHaE9mRWxrTk1JMDBRQ0l5WXYyZEtmQ1NCQ0dWeVhFYmQrRzYyUTdUTUhXMFZmMXl4blJvZ0xmNDl6TFNzPSIsImlhdCI6MTc3MzkxODg4NiwiZXhwIjoxNzc0MDA1Mjg2fQ.VAIm4WIwcNKJZYRQB5SoyrfI3HATkek21g4ntNKixYI' LIMIT 1;","timestamp":"2026-03-19 12:24:38.335","type":"database"}
{"environment":"development","level":"debug","message":"SQL Query","service":"kanyr-backend","sql":"Executing (default): SELECT `user_id`, `username`, `email`, `password`, `admin`, `diak_id`, `token_version`, `last_password_change`, `security_flags`, `deleted_at`, `created_at`, `updated_at` FROM `felhasznalos` AS `Felhasznalo` WHERE (`Felhasznalo`.`deleted_at` IS NULL AND `Felhasznalo`.`user_id` = 1);","timestamp":"2026-03-19 12:24:38.342","type":"database"}
{"environment":"development","level":"debug","message":"SQL Query","service":"kanyr-backend","sql":"Executing (default): SELECT count(*) AS `count` FROM `diaks` AS `Diak` WHERE (`Diak`.`deleted_at` IS NULL);","timestamp":"2026-03-19 12:24:38.346","type":"database"}
{"environment":"development","level":"debug","message":"SQL Query","service":"kanyr-backend","sql":"Executing (default): SELECT `Diak`.*, `szulo`.`szulo_id` AS `szulo.szulo_id`, `szulo`.`nev` AS `szulo.nev`, `szulo`.`email` AS `szulo.email`, `szulo`.`telefonszam` AS `szulo.telefonszam`, `szulo`.`szemelyi_igazolvany_szam` AS `szulo.szemelyi_igazolvany_szam`, `szulo`.`cim_id` AS `szulo.cim_id`, `szulo`.`deleted_at` AS `szulo.deleted_at`, `szulo`.`created_at` AS `szulo.created_at`, `szulo`.`updated_at` AS `szulo.updated_at`, `szulo->lakcim`.`cim_id` AS `szulo.lakcim.cim_id`, `szulo->lakcim`.`orszag` AS `szulo.lakcim.orszag`, `szulo->lakcim`.`iranyitoszam` AS `szulo.lakcim.iranyitoszam`, `szulo->lakcim`.`varos` AS `szulo.lakcim.varos`, `szulo->lakcim`.`utca_hazszam` AS `szulo.lakcim.utca_hazszam`, `szulo->lakcim`.`deleted_at` AS `szulo.lakcim.deleted_at`, `szulo->lakcim`.`created_at` AS `szulo.lakcim.created_at`, `szulo->lakcim`.`updated_at` AS `szulo.lakcim.updated_at`, `lakcim`.`cim_id` AS `lakcim.cim_id`, `lakcim`.`orszag` AS `lakcim.orszag`, `lakcim`.`iranyitoszam` AS `lakcim.iranyitoszam`, `lakcim`.`varos` AS `lakcim.varos`, `lakcim`.`utca_hazszam` AS `lakcim.utca_hazszam`, `lakcim`.`deleted_at` AS `lakcim.deleted_at`, `lakcim`.`created_at` AS `lakcim.created_at`, `lakcim`.`updated_at` AS `lakcim.updated_at`, `bekoltozesek`.`bekoltozes_id` AS `bekoltozesek.bekoltozes_id`, `bekoltozesek`.`diak_id` AS `bekoltozesek.diak_id`, `bekoltozesek`.`szoba_id` AS `bekoltozesek.szoba_id`, `bekoltozesek`.`bekoltozes_datum` AS `bekoltozesek.bekoltozes_datum`, `bekoltozesek`.`kikoltozes_datum` AS `bekoltozesek.kikoltozes_datum`, `bekoltozesek`.`deleted_at` AS `bekoltozesek.deleted_at`, `bekoltozesek`.`created_at` AS `bekoltozesek.created_at`, `bekoltozesek`.`updated_at` AS `bekoltozesek.updated_at`, `bekoltozesek->szoba`.`szoba_id` AS `bekoltozesek.szoba.szoba_id`, `bekoltozesek->szoba`.`szoba_szama` AS `bekoltozesek.szoba.szoba_szama`, `bekoltozesek->szoba`.`osszes_hely` AS `bekoltozesek.szoba.osszes_hely`, `bekoltozesek->szoba`.`deleted_at` AS `bekoltozesek.szoba.deleted_at`, `bekoltozesek->szoba`.`created_at` AS `bekoltozesek.szoba.created_at`, `bekoltozesek->szoba`.`updated_at` AS `bekoltozesek.szoba.updated_at` FROM (SELECT `Diak`.`diak_id`, `Diak`.`nev`, `Diak`.`email`, `Diak`.`telefonszam`, `Diak`.`szuletesi_datum`, `Diak`.`szemelyi_igazolvany_szam`, `Diak`.`taj_szam`, `Diak`.`diakigazolvany_szam`, `Diak`.`szulo_id`, `Diak`.`kapcsolat_tipusa`, `Diak`.`cim_id`, `Diak`.`nem`, `Diak`.`deleted_at`, `Diak`.`created_at`, `Diak`.`updated_at` FROM `diaks` AS `Diak` WHERE `Diak`.`deleted_at` IS NULL ORDER BY `Diak`.`nev` ASC LIMIT 0, 50) AS `Diak` LEFT OUTER JOIN `szulos` AS `szulo` ON `Diak`.`szulo_id` = `szulo`.`szulo_id` AND (`szulo`.`deleted_at` IS NULL) LEFT OUTER JOIN `lakcims` AS `szulo->lakcim` ON `szulo`.`cim_id` = `szulo->lakcim`.`cim_id` AND (`szulo->lakcim`.`deleted_at` IS NULL) LEFT OUTER JOIN `lakcims` AS `lakcim` ON `Diak`.`cim_id` = `lakcim`.`cim_id` AND (`lakcim`.`deleted_at` IS NULL) LEFT OUTER JOIN `szoba_bekoltozes` AS `bekoltozesek` ON `Diak`.`diak_id` = `bekoltozesek`.`diak_id` AND (`bekoltozesek`.`deleted_at` IS NULL) LEFT OUTER JOIN `szobas` AS `bekoltozesek->szoba` ON `bekoltozesek`.`szoba_id` = `bekoltozesek->szoba`.`szoba_id` AND (`bekoltozesek->szoba`.`deleted_at` IS NULL) ORDER BY `Diak`.`nev` ASC;","timestamp":"2026-03-19 12:24:38.359","type":"database"}
{"duration":"52ms","environment":"development","ip":"::1","level":"info","message":"HTTP Request","method":"GET","service":"kanyr-backend","statusCode":304,"timestamp":"2026-03-19 12:24:38.381","type":"http","url":"/api/students","userAgent":"Mozilla/5.0 (Windows NT 10.0; Win64; x64) AppleWebKit/537.36 (KHTML, like Gecko) Chrome/146.0.0.0 Safari/537.36","userId":null}
{"environment":"development","ip":"::1","key":"ip:::1","level":"warn","message":"Suspicious activity detected","method":"GET","path":"/api/students","requestCount":31,"service":"kanyr-backend","timestamp":"2026-03-19 12:24:41.196","userAgent":"Mozilla/5.0 (Windows NT 10.0; Win64; x64) AppleWebKit/537.36 (KHTML, like Gecko) Chrome/146.0.0.0 Safari/537.36"}
{"environment":"development","level":"debug","message":"SQL Query","service":"kanyr-backend","sql":"Executing (default): SELECT `id`, `token`, `user_id`, `expires_at`, `revoked_at` FROM `revoked_tokens` AS `RevokedToken` WHERE `RevokedToken`.`token` = 'eyJhbGciOiJIUzI1NiIsInR5cCI6IkpXVCJ9.eyJkYXRhIjoiVUhpRlk1UVAxUzVEV1VkZ1VQVjhEUT09Oi9tZXE2enkrd1R6T0hsWTRLWUJtbEE9PTpsTUFTcTkydmp1RmlINUEvZmdHcSs2aHBBaDh0aVRHbUNWOGg2S09WMzVGMWs4Z3hIbmZ4dzVHaE9mRWxrTk1JMDBRQ0l5WXYyZEtmQ1NCQ0dWeVhFYmQrRzYyUTdUTUhXMFZmMXl4blJvZ0xmNDl6TFNzPSIsImlhdCI6MTc3MzkxODg4NiwiZXhwIjoxNzc0MDA1Mjg2fQ.VAIm4WIwcNKJZYRQB5SoyrfI3HATkek21g4ntNKixYI' LIMIT 1;","timestamp":"2026-03-19 12:24:41.199","type":"database"}
{"environment":"development","level":"debug","message":"SQL Query","service":"kanyr-backend","sql":"Executing (default): SELECT `user_id`, `username`, `email`, `password`, `admin`, `diak_id`, `token_version`, `last_password_change`, `security_flags`, `deleted_at`, `created_at`, `updated_at` FROM `felhasznalos` AS `Felhasznalo` WHERE (`Felhasznalo`.`deleted_at` IS NULL AND `Felhasznalo`.`user_id` = 1);","timestamp":"2026-03-19 12:24:41.201","type":"database"}
{"environment":"development","level":"debug","message":"SQL Query","service":"kanyr-backend","sql":"Executing (default): SELECT count(*) AS `count` FROM `diaks` AS `Diak` WHERE (`Diak`.`deleted_at` IS NULL);","timestamp":"2026-03-19 12:24:41.203","type":"database"}
{"environment":"development","level":"debug","message":"SQL Query","service":"kanyr-backend","sql":"Executing (default): SELECT `Diak`.*, `szulo`.`szulo_id` AS `szulo.szulo_id`, `szulo`.`nev` AS `szulo.nev`, `szulo`.`email` AS `szulo.email`, `szulo`.`telefonszam` AS `szulo.telefonszam`, `szulo`.`szemelyi_igazolvany_szam` AS `szulo.szemelyi_igazolvany_szam`, `szulo`.`cim_id` AS `szulo.cim_id`, `szulo`.`deleted_at` AS `szulo.deleted_at`, `szulo`.`created_at` AS `szulo.created_at`, `szulo`.`updated_at` AS `szulo.updated_at`, `szulo->lakcim`.`cim_id` AS `szulo.lakcim.cim_id`, `szulo->lakcim`.`orszag` AS `szulo.lakcim.orszag`, `szulo->lakcim`.`iranyitoszam` AS `szulo.lakcim.iranyitoszam`, `szulo->lakcim`.`varos` AS `szulo.lakcim.varos`, `szulo->lakcim`.`utca_hazszam` AS `szulo.lakcim.utca_hazszam`, `szulo->lakcim`.`deleted_at` AS `szulo.lakcim.deleted_at`, `szulo->lakcim`.`created_at` AS `szulo.lakcim.created_at`, `szulo->lakcim`.`updated_at` AS `szulo.lakcim.updated_at`, `lakcim`.`cim_id` AS `lakcim.cim_id`, `lakcim`.`orszag` AS `lakcim.orszag`, `lakcim`.`iranyitoszam` AS `lakcim.iranyitoszam`, `lakcim`.`varos` AS `lakcim.varos`, `lakcim`.`utca_hazszam` AS `lakcim.utca_hazszam`, `lakcim`.`deleted_at` AS `lakcim.deleted_at`, `lakcim`.`created_at` AS `lakcim.created_at`, `lakcim`.`updated_at` AS `lakcim.updated_at`, `bekoltozesek`.`bekoltozes_id` AS `bekoltozesek.bekoltozes_id`, `bekoltozesek`.`diak_id` AS `bekoltozesek.diak_id`, `bekoltozesek`.`szoba_id` AS `bekoltozesek.szoba_id`, `bekoltozesek`.`bekoltozes_datum` AS `bekoltozesek.bekoltozes_datum`, `bekoltozesek`.`kikoltozes_datum` AS `bekoltozesek.kikoltozes_datum`, `bekoltozesek`.`deleted_at` AS `bekoltozesek.deleted_at`, `bekoltozesek`.`created_at` AS `bekoltozesek.created_at`, `bekoltozesek`.`updated_at` AS `bekoltozesek.updated_at`, `bekoltozesek->szoba`.`szoba_id` AS `bekoltozesek.szoba.szoba_id`, `bekoltozesek->szoba`.`szoba_szama` AS `bekoltozesek.szoba.szoba_szama`, `bekoltozesek->szoba`.`osszes_hely` AS `bekoltozesek.szoba.osszes_hely`, `bekoltozesek->szoba`.`deleted_at` AS `bekoltozesek.szoba.deleted_at`, `bekoltozesek->szoba`.`created_at` AS `bekoltozesek.szoba.created_at`, `bekoltozesek->szoba`.`updated_at` AS `bekoltozesek.szoba.updated_at` FROM (SELECT `Diak`.`diak_id`, `Diak`.`nev`, `Diak`.`email`, `Diak`.`telefonszam`, `Diak`.`szuletesi_datum`, `Diak`.`szemelyi_igazolvany_szam`, `Diak`.`taj_szam`, `Diak`.`diakigazolvany_szam`, `Diak`.`szulo_id`, `Diak`.`kapcsolat_tipusa`, `Diak`.`cim_id`, `Diak`.`nem`, `Diak`.`deleted_at`, `Diak`.`created_at`, `Diak`.`updated_at` FROM `diaks` AS `Diak` WHERE `Diak`.`deleted_at` IS NULL ORDER BY `Diak`.`nev` ASC LIMIT 0, 50) AS `Diak` LEFT OUTER JOIN `szulos` AS `szulo` ON `Diak`.`szulo_id` = `szulo`.`szulo_id` AND (`szulo`.`deleted_at` IS NULL) LEFT OUTER JOIN `lakcims` AS `szulo->lakcim` ON `szulo`.`cim_id` = `szulo->lakcim`.`cim_id` AND (`szulo->lakcim`.`deleted_at` IS NULL) LEFT OUTER JOIN `lakcims` AS `lakcim` ON `Diak`.`cim_id` = `lakcim`.`cim_id` AND (`lakcim`.`deleted_at` IS NULL) LEFT OUTER JOIN `szoba_bekoltozes` AS `bekoltozesek` ON `Diak`.`diak_id` = `bekoltozesek`.`diak_id` AND (`bekoltozesek`.`deleted_at` IS NULL) LEFT OUTER JOIN `szobas` AS `bekoltozesek->szoba` ON `bekoltozesek`.`szoba_id` = `bekoltozesek->szoba`.`szoba_id` AND (`bekoltozesek->szoba`.`deleted_at` IS NULL) ORDER BY `Diak`.`nev` ASC;","timestamp":"2026-03-19 12:24:41.213","type":"database"}
{"duration":"30ms","environment":"development","ip":"::1","level":"info","message":"HTTP Request","method":"GET","service":"kanyr-backend","statusCode":304,"timestamp":"2026-03-19 12:24:41.226","type":"http","url":"/api/students","userAgent":"Mozilla/5.0 (Windows NT 10.0; Win64; x64) AppleWebKit/537.36 (KHTML, like Gecko) Chrome/146.0.0.0 Safari/537.36","userId":null}
{"environment":"development","ip":"::1","key":"ip:::1","level":"warn","message":"Suspicious activity detected","method":"GET","path":"/api/rooms/bekoltozesek","requestCount":32,"service":"kanyr-backend","timestamp":"2026-03-19 12:24:43.553","userAgent":"Mozilla/5.0 (Windows NT 10.0; Win64; x64) AppleWebKit/537.36 (KHTML, like Gecko) Chrome/146.0.0.0 Safari/537.36"}
{"environment":"development","level":"debug","message":"SQL Query","service":"kanyr-backend","sql":"Executing (default): SELECT `id`, `token`, `user_id`, `expires_at`, `revoked_at` FROM `revoked_tokens` AS `RevokedToken` WHERE `RevokedToken`.`token` = 'eyJhbGciOiJIUzI1NiIsInR5cCI6IkpXVCJ9.eyJkYXRhIjoiVUhpRlk1UVAxUzVEV1VkZ1VQVjhEUT09Oi9tZXE2enkrd1R6T0hsWTRLWUJtbEE9PTpsTUFTcTkydmp1RmlINUEvZmdHcSs2aHBBaDh0aVRHbUNWOGg2S09WMzVGMWs4Z3hIbmZ4dzVHaE9mRWxrTk1JMDBRQ0l5WXYyZEtmQ1NCQ0dWeVhFYmQrRzYyUTdUTUhXMFZmMXl4blJvZ0xmNDl6TFNzPSIsImlhdCI6MTc3MzkxODg4NiwiZXhwIjoxNzc0MDA1Mjg2fQ.VAIm4WIwcNKJZYRQB5SoyrfI3HATkek21g4ntNKixYI' LIMIT 1;","timestamp":"2026-03-19 12:24:43.557","type":"database"}
{"environment":"development","level":"debug","message":"SQL Query","service":"kanyr-backend","sql":"Executing (default): SELECT `user_id`, `username`, `email`, `password`, `admin`, `diak_id`, `token_version`, `last_password_change`, `security_flags`, `deleted_at`, `created_at`, `updated_at` FROM `felhasznalos` AS `Felhasznalo` WHERE (`Felhasznalo`.`deleted_at` IS NULL AND `Felhasznalo`.`user_id` = 1);","timestamp":"2026-03-19 12:24:43.564","type":"database"}
{"environment":"development","level":"debug","message":"SQL Query","service":"kanyr-backend","sql":"Executing (default): SELECT `SzobaBekoltozes`.`bekoltozes_id`, `SzobaBekoltozes`.`diak_id`, `SzobaBekoltozes`.`szoba_id`, `SzobaBekoltozes`.`bekoltozes_datum`, `SzobaBekoltozes`.`kikoltozes_datum`, `SzobaBekoltozes`.`deleted_at`, `SzobaBekoltozes`.`created_at`, `SzobaBekoltozes`.`updated_at`, `diak`.`diak_id` AS `diak.diak_id`, `diak`.`nev` AS `diak.nev`, `diak`.`email` AS `diak.email`, `diak`.`telefonszam` AS `diak.telefonszam`, `diak`.`szuletesi_datum` AS `diak.szuletesi_datum`, `diak`.`szemelyi_igazolvany_szam` AS `diak.szemelyi_igazolvany_szam`, `diak`.`taj_szam` AS `diak.taj_szam`, `diak`.`diakigazolvany_szam` AS `diak.diakigazolvany_szam`, `diak`.`szulo_id` AS `diak.szulo_id`, `diak`.`kapcsolat_tipusa` AS `diak.kapcsolat_tipusa`, `diak`.`cim_id` AS `diak.cim_id`, `diak`.`nem` AS `diak.nem`, `diak`.`deleted_at` AS `diak.deleted_at`, `diak`.`created_at` AS `diak.created_at`, `diak`.`updated_at` AS `diak.updated_at`, `szoba`.`szoba_id` AS `szoba.szoba_id`, `szoba`.`szoba_szama` AS `szoba.szoba_szama`, `szoba`.`osszes_hely` AS `szoba.osszes_hely`, `szoba`.`deleted_at` AS `szoba.deleted_at`, `szoba`.`created_at` AS `szoba.created_at`, `szoba`.`updated_at` AS `szoba.updated_at` FROM `szoba_bekoltozes` AS `SzobaBekoltozes` LEFT OUTER JOIN `diaks` AS `diak` ON `SzobaBekoltozes`.`diak_id` = `diak`.`diak_id` AND (`diak`.`deleted_at` IS NULL) LEFT OUTER JOIN `szobas` AS `szoba` ON `SzobaBekoltozes`.`szoba_id` = `szoba`.`szoba_id` AND (`szoba`.`deleted_at` IS NULL) WHERE `SzobaBekoltozes`.`deleted_at` IS NULL ORDER BY `SzobaBekoltozes`.`bekoltozes_datum` DESC;","timestamp":"2026-03-19 12:24:43.595","type":"database"}
{"duration":"56ms","environment":"development","ip":"::1","level":"info","message":"HTTP Request","method":"GET","service":"kanyr-backend","statusCode":200,"timestamp":"2026-03-19 12:24:43.608","type":"http","url":"/api/rooms/bekoltozesek","userAgent":"Mozilla/5.0 (Windows NT 10.0; Win64; x64) AppleWebKit/537.36 (KHTML, like Gecko) Chrome/146.0.0.0 Safari/537.36","userId":null}
{"environment":"development","ip":"::1","key":"ip:::1","level":"warn","message":"Suspicious activity detected","method":"GET","path":"/api/szulos","requestCount":33,"service":"kanyr-backend","timestamp":"2026-03-19 12:24:52.854","userAgent":"Mozilla/5.0 (Windows NT 10.0; Win64; x64) AppleWebKit/537.36 (KHTML, like Gecko) Chrome/146.0.0.0 Safari/537.36"}
{"environment":"development","error":{"details":null,"isOperational":true,"message":"Endpoint not found","name":"NotFoundError","requestId":"req-20260319-122452-W9WL","stack":"NotFoundError: Endpoint not found\n    at C:\\Users\\SZ2\\Documents\\13.B\\Projektmunka\\KANYR\\backend\\app.js:289:13\n    at Layer.handleRequest (C:\\Users\\SZ2\\Documents\\13.B\\Projektmunka\\KANYR\\backend\\node_modules\\router\\lib\\layer.js:152:17)\n    at trimPrefix (C:\\Users\\SZ2\\Documents\\13.B\\Projektmunka\\KANYR\\backend\\node_modules\\router\\index.js:342:13)\n    at C:\\Users\\SZ2\\Documents\\13.B\\Projektmunka\\KANYR\\backend\\node_modules\\router\\index.js:297:9\n    at processParams (C:\\Users\\SZ2\\Documents\\13.B\\Projektmunka\\KANYR\\backend\\node_modules\\router\\index.js:582:12)\n    at next (C:\\Users\\SZ2\\Documents\\13.B\\Projektmunka\\KANYR\\backend\\node_modules\\router\\index.js:291:5)\n    at csrfProtectionMiddleware (C:\\Users\\SZ2\\Documents\\13.B\\Projektmunka\\KANYR\\backend\\middleware\\csrfMiddleware.js:154:14)\n    at Layer.handleRequest (C:\\Users\\SZ2\\Documents\\13.B\\Projektmunka\\KANYR\\backend\\node_modules\\router\\lib\\layer.js:152:17)\n    at trimPrefix (C:\\Users\\SZ2\\Documents\\13.B\\Projektmunka\\KANYR\\backend\\node_modules\\router\\index.js:342:13)\n    at C:\\Users\\SZ2\\Documents\\13.B\\Projektmunka\\KANYR\\backend\\node_modules\\router\\index.js:297:9","status":"fail","statusCode":404,"timestamp":"2026-03-19T11:24:52.855Z","userId":null},"ip":"::1","level":"error","message":"Endpoint not found","method":"GET","service":"kanyr-backend","stack":"NotFoundError: Endpoint not found\n    at C:\\Users\\SZ2\\Documents\\13.B\\Projektmunka\\KANYR\\backend\\app.js:289:13\n    at Layer.handleRequest (C:\\Users\\SZ2\\Documents\\13.B\\Projektmunka\\KANYR\\backend\\node_modules\\router\\lib\\layer.js:152:17)\n    at trimPrefix (C:\\Users\\SZ2\\Documents\\13.B\\Projektmunka\\KANYR\\backend\\node_modules\\router\\index.js:342:13)\n    at C:\\Users\\SZ2\\Documents\\13.B\\Projektmunka\\KANYR\\backend\\node_modules\\router\\index.js:297:9\n    at processParams (C:\\Users\\SZ2\\Documents\\13.B\\Projektmunka\\KANYR\\backend\\node_modules\\router\\index.js:582:12)\n    at next (C:\\Users\\SZ2\\Documents\\13.B\\Projektmunka\\KANYR\\backend\\node_modules\\router\\index.js:291:5)\n    at csrfProtectionMiddleware (C:\\Users\\SZ2\\Documents\\13.B\\Projektmunka\\KANYR\\backend\\middleware\\csrfMiddleware.js:154:14)\n    at Layer.handleRequest (C:\\Users\\SZ2\\Documents\\13.B\\Projektmunka\\KANYR\\backend\\node_modules\\router\\lib\\layer.js:152:17)\n    at trimPrefix (C:\\Users\\SZ2\\Documents\\13.B\\Projektmunka\\KANYR\\backend\\node_modules\\router\\index.js:342:13)\n    at C:\\Users\\SZ2\\Documents\\13.B\\Projektmunka\\KANYR\\backend\\node_modules\\router\\index.js:297:9","timestamp":"2026-03-19 12:24:52.856","type":"error","url":"/api/szulos","userId":null}
{"duration":"9ms","environment":"development","ip":"::1","level":"info","message":"HTTP Request","method":"GET","service":"kanyr-backend","statusCode":404,"timestamp":"2026-03-19 12:24:52.862","type":"http","url":"/api/szulos","userAgent":"Mozilla/5.0 (Windows NT 10.0; Win64; x64) AppleWebKit/537.36 (KHTML, like Gecko) Chrome/146.0.0.0 Safari/537.36","userId":null}
{"environment":"development","ip":"::1","key":"ip:::1","level":"warn","message":"Suspicious activity detected","method":"GET","path":"/api/rooms","requestCount":34,"service":"kanyr-backend","timestamp":"2026-03-19 12:24:55.943","userAgent":"Mozilla/5.0 (Windows NT 10.0; Win64; x64) AppleWebKit/537.36 (KHTML, like Gecko) Chrome/146.0.0.0 Safari/537.36"}
{"environment":"development","level":"debug","message":"SQL Query","service":"kanyr-backend","sql":"Executing (default): SELECT `id`, `token`, `user_id`, `expires_at`, `revoked_at` FROM `revoked_tokens` AS `RevokedToken` WHERE `RevokedToken`.`token` = 'eyJhbGciOiJIUzI1NiIsInR5cCI6IkpXVCJ9.eyJkYXRhIjoiVUhpRlk1UVAxUzVEV1VkZ1VQVjhEUT09Oi9tZXE2enkrd1R6T0hsWTRLWUJtbEE9PTpsTUFTcTkydmp1RmlINUEvZmdHcSs2aHBBaDh0aVRHbUNWOGg2S09WMzVGMWs4Z3hIbmZ4dzVHaE9mRWxrTk1JMDBRQ0l5WXYyZEtmQ1NCQ0dWeVhFYmQrRzYyUTdUTUhXMFZmMXl4blJvZ0xmNDl6TFNzPSIsImlhdCI6MTc3MzkxODg4NiwiZXhwIjoxNzc0MDA1Mjg2fQ.VAIm4WIwcNKJZYRQB5SoyrfI3HATkek21g4ntNKixYI' LIMIT 1;","timestamp":"2026-03-19 12:24:55.947","type":"database"}
{"environment":"development","ip":"::1","key":"ip:::1","level":"warn","message":"Suspicious activity detected","method":"GET","path":"/api/rooms/available","requestCount":35,"service":"kanyr-backend","timestamp":"2026-03-19 12:24:55.961","userAgent":"Mozilla/5.0 (Windows NT 10.0; Win64; x64) AppleWebKit/537.36 (KHTML, like Gecko) Chrome/146.0.0.0 Safari/537.36"}
{"environment":"development","level":"debug","message":"SQL Query","service":"kanyr-backend","sql":"Executing (default): SELECT `id`, `token`, `user_id`, `expires_at`, `revoked_at` FROM `revoked_tokens` AS `RevokedToken` WHERE `RevokedToken`.`token` = 'eyJhbGciOiJIUzI1NiIsInR5cCI6IkpXVCJ9.eyJkYXRhIjoiVUhpRlk1UVAxUzVEV1VkZ1VQVjhEUT09Oi9tZXE2enkrd1R6T0hsWTRLWUJtbEE9PTpsTUFTcTkydmp1RmlINUEvZmdHcSs2aHBBaDh0aVRHbUNWOGg2S09WMzVGMWs4Z3hIbmZ4dzVHaE9mRWxrTk1JMDBRQ0l5WXYyZEtmQ1NCQ0dWeVhFYmQrRzYyUTdUTUhXMFZmMXl4blJvZ0xmNDl6TFNzPSIsImlhdCI6MTc3MzkxODg4NiwiZXhwIjoxNzc0MDA1Mjg2fQ.VAIm4WIwcNKJZYRQB5SoyrfI3HATkek21g4ntNKixYI' LIMIT 1;","timestamp":"2026-03-19 12:24:55.965","type":"database"}
{"environment":"development","ip":"::1","key":"ip:::1","level":"warn","message":"Suspicious activity detected","method":"GET","path":"/api/students","requestCount":36,"service":"kanyr-backend","timestamp":"2026-03-19 12:24:55.977","userAgent":"Mozilla/5.0 (Windows NT 10.0; Win64; x64) AppleWebKit/537.36 (KHTML, like Gecko) Chrome/146.0.0.0 Safari/537.36"}
{"environment":"development","level":"debug","message":"SQL Query","service":"kanyr-backend","sql":"Executing (default): SELECT `id`, `token`, `user_id`, `expires_at`, `revoked_at` FROM `revoked_tokens` AS `RevokedToken` WHERE `RevokedToken`.`token` = 'eyJhbGciOiJIUzI1NiIsInR5cCI6IkpXVCJ9.eyJkYXRhIjoiVUhpRlk1UVAxUzVEV1VkZ1VQVjhEUT09Oi9tZXE2enkrd1R6T0hsWTRLWUJtbEE9PTpsTUFTcTkydmp1RmlINUEvZmdHcSs2aHBBaDh0aVRHbUNWOGg2S09WMzVGMWs4Z3hIbmZ4dzVHaE9mRWxrTk1JMDBRQ0l5WXYyZEtmQ1NCQ0dWeVhFYmQrRzYyUTdUTUhXMFZmMXl4blJvZ0xmNDl6TFNzPSIsImlhdCI6MTc3MzkxODg4NiwiZXhwIjoxNzc0MDA1Mjg2fQ.VAIm4WIwcNKJZYRQB5SoyrfI3HATkek21g4ntNKixYI' LIMIT 1;","timestamp":"2026-03-19 12:24:55.994","type":"database"}
{"environment":"development","level":"debug","message":"SQL Query","service":"kanyr-backend","sql":"Executing (default): SELECT `user_id`, `username`, `email`, `password`, `admin`, `diak_id`, `token_version`, `last_password_change`, `security_flags`, `deleted_at`, `created_at`, `updated_at` FROM `felhasznalos` AS `Felhasznalo` WHERE (`Felhasznalo`.`deleted_at` IS NULL AND `Felhasznalo`.`user_id` = 1);","timestamp":"2026-03-19 12:24:56.014","type":"database"}
{"environment":"development","level":"debug","message":"SQL Query","service":"kanyr-backend","sql":"Executing (default): SELECT `user_id`, `username`, `email`, `password`, `admin`, `diak_id`, `token_version`, `last_password_change`, `security_flags`, `deleted_at`, `created_at`, `updated_at` FROM `felhasznalos` AS `Felhasznalo` WHERE (`Felhasznalo`.`deleted_at` IS NULL AND `Felhasznalo`.`user_id` = 1);","timestamp":"2026-03-19 12:24:56.017","type":"database"}
{"environment":"development","level":"debug","message":"SQL Query","service":"kanyr-backend","sql":"Executing (default): SELECT `user_id`, `username`, `email`, `password`, `admin`, `diak_id`, `token_version`, `last_password_change`, `security_flags`, `deleted_at`, `created_at`, `updated_at` FROM `felhasznalos` AS `Felhasznalo` WHERE (`Felhasznalo`.`deleted_at` IS NULL AND `Felhasznalo`.`user_id` = 1);","timestamp":"2026-03-19 12:24:56.046","type":"database"}
{"duration":"169ms","environment":"development","ip":"::1","level":"info","message":"HTTP Request","method":"GET","service":"kanyr-backend","statusCode":304,"timestamp":"2026-03-19 12:24:56.113","type":"http","url":"/api/rooms","userAgent":"Mozilla/5.0 (Windows NT 10.0; Win64; x64) AppleWebKit/537.36 (KHTML, like Gecko) Chrome/146.0.0.0 Safari/537.36","userId":null}
{"duration":"258ms","environment":"development","ip":"::1","level":"info","message":"HTTP Request","method":"GET","service":"kanyr-backend","statusCode":304,"timestamp":"2026-03-19 12:24:56.219","type":"http","url":"/api/rooms/available","userAgent":"Mozilla/5.0 (Windows NT 10.0; Win64; x64) AppleWebKit/537.36 (KHTML, like Gecko) Chrome/146.0.0.0 Safari/537.36","userId":null}
{"environment":"development","level":"debug","message":"SQL Query","service":"kanyr-backend","sql":"Executing (default): SELECT count(*) AS `count` FROM `diaks` AS `Diak` WHERE (`Diak`.`deleted_at` IS NULL);","timestamp":"2026-03-19 12:24:56.253","type":"database"}
{"environment":"development","ip":"::1","key":"ip:::1","level":"warn","message":"Suspicious activity detected","method":"GET","path":"/api/rooms/1/occupancy","requestCount":37,"service":"kanyr-backend","timestamp":"2026-03-19 12:24:56.312","userAgent":"Mozilla/5.0 (Windows NT 10.0; Win64; x64) AppleWebKit/537.36 (KHTML, like Gecko) Chrome/146.0.0.0 Safari/537.36"}
{"environment":"development","level":"debug","message":"SQL Query","service":"kanyr-backend","sql":"Executing (default): SELECT `id`, `token`, `user_id`, `expires_at`, `revoked_at` FROM `revoked_tokens` AS `RevokedToken` WHERE `RevokedToken`.`token` = 'eyJhbGciOiJIUzI1NiIsInR5cCI6IkpXVCJ9.eyJkYXRhIjoiVUhpRlk1UVAxUzVEV1VkZ1VQVjhEUT09Oi9tZXE2enkrd1R6T0hsWTRLWUJtbEE9PTpsTUFTcTkydmp1RmlINUEvZmdHcSs2aHBBaDh0aVRHbUNWOGg2S09WMzVGMWs4Z3hIbmZ4dzVHaE9mRWxrTk1JMDBRQ0l5WXYyZEtmQ1NCQ0dWeVhFYmQrRzYyUTdUTUhXMFZmMXl4blJvZ0xmNDl6TFNzPSIsImlhdCI6MTc3MzkxODg4NiwiZXhwIjoxNzc0MDA1Mjg2fQ.VAIm4WIwcNKJZYRQB5SoyrfI3HATkek21g4ntNKixYI' LIMIT 1;","timestamp":"2026-03-19 12:24:56.315","type":"database"}
{"environment":"development","ip":"::1","key":"ip:::1","level":"warn","message":"Suspicious activity detected","method":"GET","path":"/api/rooms/2/occupancy","requestCount":38,"service":"kanyr-backend","timestamp":"2026-03-19 12:24:56.320","userAgent":"Mozilla/5.0 (Windows NT 10.0; Win64; x64) AppleWebKit/537.36 (KHTML, like Gecko) Chrome/146.0.0.0 Safari/537.36"}
{"environment":"development","level":"debug","message":"SQL Query","service":"kanyr-backend","sql":"Executing (default): SELECT `id`, `token`, `user_id`, `expires_at`, `revoked_at` FROM `revoked_tokens` AS `RevokedToken` WHERE `RevokedToken`.`token` = 'eyJhbGciOiJIUzI1NiIsInR5cCI6IkpXVCJ9.eyJkYXRhIjoiVUhpRlk1UVAxUzVEV1VkZ1VQVjhEUT09Oi9tZXE2enkrd1R6T0hsWTRLWUJtbEE9PTpsTUFTcTkydmp1RmlINUEvZmdHcSs2aHBBaDh0aVRHbUNWOGg2S09WMzVGMWs4Z3hIbmZ4dzVHaE9mRWxrTk1JMDBRQ0l5WXYyZEtmQ1NCQ0dWeVhFYmQrRzYyUTdUTUhXMFZmMXl4blJvZ0xmNDl6TFNzPSIsImlhdCI6MTc3MzkxODg4NiwiZXhwIjoxNzc0MDA1Mjg2fQ.VAIm4WIwcNKJZYRQB5SoyrfI3HATkek21g4ntNKixYI' LIMIT 1;","timestamp":"2026-03-19 12:24:56.346","type":"database"}
{"environment":"development","ip":"::1","key":"ip:::1","level":"warn","message":"Suspicious activity detected","method":"GET","path":"/api/rooms/3/occupancy","requestCount":39,"service":"kanyr-backend","timestamp":"2026-03-19 12:24:56.348","userAgent":"Mozilla/5.0 (Windows NT 10.0; Win64; x64) AppleWebKit/537.36 (KHTML, like Gecko) Chrome/146.0.0.0 Safari/537.36"}
{"environment":"development","level":"debug","message":"SQL Query","service":"kanyr-backend","sql":"Executing (default): SELECT `id`, `token`, `user_id`, `expires_at`, `revoked_at` FROM `revoked_tokens` AS `RevokedToken` WHERE `RevokedToken`.`token` = 'eyJhbGciOiJIUzI1NiIsInR5cCI6IkpXVCJ9.eyJkYXRhIjoiVUhpRlk1UVAxUzVEV1VkZ1VQVjhEUT09Oi9tZXE2enkrd1R6T0hsWTRLWUJtbEE9PTpsTUFTcTkydmp1RmlINUEvZmdHcSs2aHBBaDh0aVRHbUNWOGg2S09WMzVGMWs4Z3hIbmZ4dzVHaE9mRWxrTk1JMDBRQ0l5WXYyZEtmQ1NCQ0dWeVhFYmQrRzYyUTdUTUhXMFZmMXl4blJvZ0xmNDl6TFNzPSIsImlhdCI6MTc3MzkxODg4NiwiZXhwIjoxNzc0MDA1Mjg2fQ.VAIm4WIwcNKJZYRQB5SoyrfI3HATkek21g4ntNKixYI' LIMIT 1;","timestamp":"2026-03-19 12:24:56.353","type":"database"}
{"environment":"development","ip":"::1","key":"ip:::1","level":"warn","message":"Suspicious activity detected","method":"GET","path":"/api/rooms/4/occupancy","requestCount":40,"service":"kanyr-backend","timestamp":"2026-03-19 12:24:56.359","userAgent":"Mozilla/5.0 (Windows NT 10.0; Win64; x64) AppleWebKit/537.36 (KHTML, like Gecko) Chrome/146.0.0.0 Safari/537.36"}
{"environment":"development","level":"debug","message":"SQL Query","service":"kanyr-backend","sql":"Executing (default): SELECT `id`, `token`, `user_id`, `expires_at`, `revoked_at` FROM `revoked_tokens` AS `RevokedToken` WHERE `RevokedToken`.`token` = 'eyJhbGciOiJIUzI1NiIsInR5cCI6IkpXVCJ9.eyJkYXRhIjoiVUhpRlk1UVAxUzVEV1VkZ1VQVjhEUT09Oi9tZXE2enkrd1R6T0hsWTRLWUJtbEE9PTpsTUFTcTkydmp1RmlINUEvZmdHcSs2aHBBaDh0aVRHbUNWOGg2S09WMzVGMWs4Z3hIbmZ4dzVHaE9mRWxrTk1JMDBRQ0l5WXYyZEtmQ1NCQ0dWeVhFYmQrRzYyUTdUTUhXMFZmMXl4blJvZ0xmNDl6TFNzPSIsImlhdCI6MTc3MzkxODg4NiwiZXhwIjoxNzc0MDA1Mjg2fQ.VAIm4WIwcNKJZYRQB5SoyrfI3HATkek21g4ntNKixYI' LIMIT 1;","timestamp":"2026-03-19 12:24:56.362","type":"database"}
{"environment":"development","ip":"::1","key":"ip:::1","level":"warn","message":"Suspicious activity detected","method":"GET","path":"/api/rooms/5/occupancy","requestCount":41,"service":"kanyr-backend","timestamp":"2026-03-19 12:24:56.364","userAgent":"Mozilla/5.0 (Windows NT 10.0; Win64; x64) AppleWebKit/537.36 (KHTML, like Gecko) Chrome/146.0.0.0 Safari/537.36"}
{"environment":"development","level":"debug","message":"SQL Query","service":"kanyr-backend","sql":"Executing (default): SELECT `id`, `token`, `user_id`, `expires_at`, `revoked_at` FROM `revoked_tokens` AS `RevokedToken` WHERE `RevokedToken`.`token` = 'eyJhbGciOiJIUzI1NiIsInR5cCI6IkpXVCJ9.eyJkYXRhIjoiVUhpRlk1UVAxUzVEV1VkZ1VQVjhEUT09Oi9tZXE2enkrd1R6T0hsWTRLWUJtbEE9PTpsTUFTcTkydmp1RmlINUEvZmdHcSs2aHBBaDh0aVRHbUNWOGg2S09WMzVGMWs4Z3hIbmZ4dzVHaE9mRWxrTk1JMDBRQ0l5WXYyZEtmQ1NCQ0dWeVhFYmQrRzYyUTdUTUhXMFZmMXl4blJvZ0xmNDl6TFNzPSIsImlhdCI6MTc3MzkxODg4NiwiZXhwIjoxNzc0MDA1Mjg2fQ.VAIm4WIwcNKJZYRQB5SoyrfI3HATkek21g4ntNKixYI' LIMIT 1;","timestamp":"2026-03-19 12:24:56.366","type":"database"}
{"environment":"development","level":"debug","message":"SQL Query","service":"kanyr-backend","sql":"Executing (default): SELECT `Diak`.*, `szulo`.`szulo_id` AS `szulo.szulo_id`, `szulo`.`nev` AS `szulo.nev`, `szulo`.`email` AS `szulo.email`, `szulo`.`telefonszam` AS `szulo.telefonszam`, `szulo`.`szemelyi_igazolvany_szam` AS `szulo.szemelyi_igazolvany_szam`, `szulo`.`cim_id` AS `szulo.cim_id`, `szulo`.`deleted_at` AS `szulo.deleted_at`, `szulo`.`created_at` AS `szulo.created_at`, `szulo`.`updated_at` AS `szulo.updated_at`, `szulo->lakcim`.`cim_id` AS `szulo.lakcim.cim_id`, `szulo->lakcim`.`orszag` AS `szulo.lakcim.orszag`, `szulo->lakcim`.`iranyitoszam` AS `szulo.lakcim.iranyitoszam`, `szulo->lakcim`.`varos` AS `szulo.lakcim.varos`, `szulo->lakcim`.`utca_hazszam` AS `szulo.lakcim.utca_hazszam`, `szulo->lakcim`.`deleted_at` AS `szulo.lakcim.deleted_at`, `szulo->lakcim`.`created_at` AS `szulo.lakcim.created_at`, `szulo->lakcim`.`updated_at` AS `szulo.lakcim.updated_at`, `lakcim`.`cim_id` AS `lakcim.cim_id`, `lakcim`.`orszag` AS `lakcim.orszag`, `lakcim`.`iranyitoszam` AS `lakcim.iranyitoszam`, `lakcim`.`varos` AS `lakcim.varos`, `lakcim`.`utca_hazszam` AS `lakcim.utca_hazszam`, `lakcim`.`deleted_at` AS `lakcim.deleted_at`, `lakcim`.`created_at` AS `lakcim.created_at`, `lakcim`.`updated_at` AS `lakcim.updated_at`, `bekoltozesek`.`bekoltozes_id` AS `bekoltozesek.bekoltozes_id`, `bekoltozesek`.`diak_id` AS `bekoltozesek.diak_id`, `bekoltozesek`.`szoba_id` AS `bekoltozesek.szoba_id`, `bekoltozesek`.`bekoltozes_datum` AS `bekoltozesek.bekoltozes_datum`, `bekoltozesek`.`kikoltozes_datum` AS `bekoltozesek.kikoltozes_datum`, `bekoltozesek`.`deleted_at` AS `bekoltozesek.deleted_at`, `bekoltozesek`.`created_at` AS `bekoltozesek.created_at`, `bekoltozesek`.`updated_at` AS `bekoltozesek.updated_at`, `bekoltozesek->szoba`.`szoba_id` AS `bekoltozesek.szoba.szoba_id`, `bekoltozesek->szoba`.`szoba_szama` AS `bekoltozesek.szoba.szoba_szama`, `bekoltozesek->szoba`.`osszes_hely` AS `bekoltozesek.szoba.osszes_hely`, `bekoltozesek->szoba`.`deleted_at` AS `bekoltozesek.szoba.deleted_at`, `bekoltozesek->szoba`.`created_at` AS `bekoltozesek.szoba.created_at`, `bekoltozesek->szoba`.`updated_at` AS `bekoltozesek.szoba.updated_at` FROM (SELECT `Diak`.`diak_id`, `Diak`.`nev`, `Diak`.`email`, `Diak`.`telefonszam`, `Diak`.`szuletesi_datum`, `Diak`.`szemelyi_igazolvany_szam`, `Diak`.`taj_szam`, `Diak`.`diakigazolvany_szam`, `Diak`.`szulo_id`, `Diak`.`kapcsolat_tipusa`, `Diak`.`cim_id`, `Diak`.`nem`, `Diak`.`deleted_at`, `Diak`.`created_at`, `Diak`.`updated_at` FROM `diaks` AS `Diak` WHERE `Diak`.`deleted_at` IS NULL ORDER BY `Diak`.`nev` ASC LIMIT 0, 50) AS `Diak` LEFT OUTER JOIN `szulos` AS `szulo` ON `Diak`.`szulo_id` = `szulo`.`szulo_id` AND (`szulo`.`deleted_at` IS NULL) LEFT OUTER JOIN `lakcims` AS `szulo->lakcim` ON `szulo`.`cim_id` = `szulo->lakcim`.`cim_id` AND (`szulo->lakcim`.`deleted_at` IS NULL) LEFT OUTER JOIN `lakcims` AS `lakcim` ON `Diak`.`cim_id` = `lakcim`.`cim_id` AND (`lakcim`.`deleted_at` IS NULL) LEFT OUTER JOIN `szoba_bekoltozes` AS `bekoltozesek` ON `Diak`.`diak_id` = `bekoltozesek`.`diak_id` AND (`bekoltozesek`.`deleted_at` IS NULL) LEFT OUTER JOIN `szobas` AS `bekoltozesek->szoba` ON `bekoltozesek`.`szoba_id` = `bekoltozesek->szoba`.`szoba_id` AND (`bekoltozesek->szoba`.`deleted_at` IS NULL) ORDER BY `Diak`.`nev` ASC;","timestamp":"2026-03-19 12:24:56.377","type":"database"}
{"environment":"development","level":"debug","message":"SQL Query","service":"kanyr-backend","sql":"Executing (default): SELECT `user_id`, `username`, `email`, `password`, `admin`, `diak_id`, `token_version`, `last_password_change`, `security_flags`, `deleted_at`, `created_at`, `updated_at` FROM `felhasznalos` AS `Felhasznalo` WHERE (`Felhasznalo`.`deleted_at` IS NULL AND `Felhasznalo`.`user_id` = 1);","timestamp":"2026-03-19 12:24:56.379","type":"database"}
{"environment":"development","level":"debug","message":"SQL Query","service":"kanyr-backend","sql":"Executing (default): SELECT `user_id`, `username`, `email`, `password`, `admin`, `diak_id`, `token_version`, `last_password_change`, `security_flags`, `deleted_at`, `created_at`, `updated_at` FROM `felhasznalos` AS `Felhasznalo` WHERE (`Felhasznalo`.`deleted_at` IS NULL AND `Felhasznalo`.`user_id` = 1);","timestamp":"2026-03-19 12:24:56.380","type":"database"}
{"environment":"development","level":"debug","message":"SQL Query","service":"kanyr-backend","sql":"Executing (default): SELECT `user_id`, `username`, `email`, `password`, `admin`, `diak_id`, `token_version`, `last_password_change`, `security_flags`, `deleted_at`, `created_at`, `updated_at` FROM `felhasznalos` AS `Felhasznalo` WHERE (`Felhasznalo`.`deleted_at` IS NULL AND `Felhasznalo`.`user_id` = 1);","timestamp":"2026-03-19 12:24:56.382","type":"database"}
{"environment":"development","level":"debug","message":"SQL Query","service":"kanyr-backend","sql":"Executing (default): SELECT `user_id`, `username`, `email`, `password`, `admin`, `diak_id`, `token_version`, `last_password_change`, `security_flags`, `deleted_at`, `created_at`, `updated_at` FROM `felhasznalos` AS `Felhasznalo` WHERE (`Felhasznalo`.`deleted_at` IS NULL AND `Felhasznalo`.`user_id` = 1);","timestamp":"2026-03-19 12:24:56.384","type":"database"}
{"environment":"development","level":"debug","message":"SQL Query","service":"kanyr-backend","sql":"Executing (default): SELECT `user_id`, `username`, `email`, `password`, `admin`, `diak_id`, `token_version`, `last_password_change`, `security_flags`, `deleted_at`, `created_at`, `updated_at` FROM `felhasznalos` AS `Felhasznalo` WHERE (`Felhasznalo`.`deleted_at` IS NULL AND `Felhasznalo`.`user_id` = 1);","timestamp":"2026-03-19 12:24:56.386","type":"database"}
{"duration":"425ms","environment":"development","ip":"::1","level":"info","message":"HTTP Request","method":"GET","service":"kanyr-backend","statusCode":304,"timestamp":"2026-03-19 12:24:56.402","type":"http","url":"/api/students","userAgent":"Mozilla/5.0 (Windows NT 10.0; Win64; x64) AppleWebKit/537.36 (KHTML, like Gecko) Chrome/146.0.0.0 Safari/537.36","userId":null}
{"duration":"66ms","environment":"development","ip":"::1","level":"info","message":"HTTP Request","method":"GET","service":"kanyr-backend","statusCode":304,"timestamp":"2026-03-19 12:24:56.413","type":"http","url":"/api/rooms/3/occupancy","userAgent":"Mozilla/5.0 (Windows NT 10.0; Win64; x64) AppleWebKit/537.36 (KHTML, like Gecko) Chrome/146.0.0.0 Safari/537.36","userId":null}
{"duration":"55ms","environment":"development","ip":"::1","level":"info","message":"HTTP Request","method":"GET","service":"kanyr-backend","statusCode":304,"timestamp":"2026-03-19 12:24:56.418","type":"http","url":"/api/rooms/5/occupancy","userAgent":"Mozilla/5.0 (Windows NT 10.0; Win64; x64) AppleWebKit/537.36 (KHTML, like Gecko) Chrome/146.0.0.0 Safari/537.36","userId":null}
{"duration":"126ms","environment":"development","ip":"::1","level":"info","message":"HTTP Request","method":"GET","service":"kanyr-backend","statusCode":304,"timestamp":"2026-03-19 12:24:56.429","type":"http","url":"/api/rooms/1/occupancy","userAgent":"Mozilla/5.0 (Windows NT 10.0; Win64; x64) AppleWebKit/537.36 (KHTML, like Gecko) Chrome/146.0.0.0 Safari/537.36","userId":null}
{"duration":"117ms","environment":"development","ip":"::1","level":"info","message":"HTTP Request","method":"GET","service":"kanyr-backend","statusCode":304,"timestamp":"2026-03-19 12:24:56.435","type":"http","url":"/api/rooms/2/occupancy","userAgent":"Mozilla/5.0 (Windows NT 10.0; Win64; x64) AppleWebKit/537.36 (KHTML, like Gecko) Chrome/146.0.0.0 Safari/537.36","userId":null}
{"duration":"85ms","environment":"development","ip":"::1","level":"info","message":"HTTP Request","method":"GET","service":"kanyr-backend","statusCode":304,"timestamp":"2026-03-19 12:24:56.444","type":"http","url":"/api/rooms/4/occupancy","userAgent":"Mozilla/5.0 (Windows NT 10.0; Win64; x64) AppleWebKit/537.36 (KHTML, like Gecko) Chrome/146.0.0.0 Safari/537.36","userId":null}
{"environment":"development","ip":"::1","key":"ip:::1","level":"warn","message":"Suspicious activity detected","method":"GET","path":"/api/rooms/6/occupancy","requestCount":42,"service":"kanyr-backend","timestamp":"2026-03-19 12:24:56.447","userAgent":"Mozilla/5.0 (Windows NT 10.0; Win64; x64) AppleWebKit/537.36 (KHTML, like Gecko) Chrome/146.0.0.0 Safari/537.36"}
{"environment":"development","level":"debug","message":"SQL Query","service":"kanyr-backend","sql":"Executing (default): SELECT `id`, `token`, `user_id`, `expires_at`, `revoked_at` FROM `revoked_tokens` AS `RevokedToken` WHERE `RevokedToken`.`token` = 'eyJhbGciOiJIUzI1NiIsInR5cCI6IkpXVCJ9.eyJkYXRhIjoiVUhpRlk1UVAxUzVEV1VkZ1VQVjhEUT09Oi9tZXE2enkrd1R6T0hsWTRLWUJtbEE9PTpsTUFTcTkydmp1RmlINUEvZmdHcSs2aHBBaDh0aVRHbUNWOGg2S09WMzVGMWs4Z3hIbmZ4dzVHaE9mRWxrTk1JMDBRQ0l5WXYyZEtmQ1NCQ0dWeVhFYmQrRzYyUTdUTUhXMFZmMXl4blJvZ0xmNDl6TFNzPSIsImlhdCI6MTc3MzkxODg4NiwiZXhwIjoxNzc0MDA1Mjg2fQ.VAIm4WIwcNKJZYRQB5SoyrfI3HATkek21g4ntNKixYI' LIMIT 1;","timestamp":"2026-03-19 12:24:56.451","type":"database"}
{"environment":"development","level":"debug","message":"SQL Query","service":"kanyr-backend","sql":"Executing (default): SELECT `user_id`, `username`, `email`, `password`, `admin`, `diak_id`, `token_version`, `last_password_change`, `security_flags`, `deleted_at`, `created_at`, `updated_at` FROM `felhasznalos` AS `Felhasznalo` WHERE (`Felhasznalo`.`deleted_at` IS NULL AND `Felhasznalo`.`user_id` = 1);","timestamp":"2026-03-19 12:24:56.457","type":"database"}
{"duration":"14ms","environment":"development","ip":"::1","level":"info","message":"HTTP Request","method":"GET","service":"kanyr-backend","statusCode":304,"timestamp":"2026-03-19 12:24:56.461","type":"http","url":"/api/rooms/6/occupancy","userAgent":"Mozilla/5.0 (Windows NT 10.0; Win64; x64) AppleWebKit/537.36 (KHTML, like Gecko) Chrome/146.0.0.0 Safari/537.36","userId":null}
{"environment":"development","ip":"::1","key":"ip:::1","level":"warn","message":"Suspicious activity detected","method":"GET","path":"/api/room-changes/admin/notifications","requestCount":43,"service":"kanyr-backend","timestamp":"2026-03-19 12:25:01.101","userAgent":"Mozilla/5.0 (Windows NT 10.0; Win64; x64) AppleWebKit/537.36 (KHTML, like Gecko) Chrome/146.0.0.0 Safari/537.36"}
{"environment":"development","level":"debug","message":"SQL Query","service":"kanyr-backend","sql":"Executing (default): SELECT `id`, `token`, `user_id`, `expires_at`, `revoked_at` FROM `revoked_tokens` AS `RevokedToken` WHERE `RevokedToken`.`token` = 'eyJhbGciOiJIUzI1NiIsInR5cCI6IkpXVCJ9.eyJkYXRhIjoiVUhpRlk1UVAxUzVEV1VkZ1VQVjhEUT09Oi9tZXE2enkrd1R6T0hsWTRLWUJtbEE9PTpsTUFTcTkydmp1RmlINUEvZmdHcSs2aHBBaDh0aVRHbUNWOGg2S09WMzVGMWs4Z3hIbmZ4dzVHaE9mRWxrTk1JMDBRQ0l5WXYyZEtmQ1NCQ0dWeVhFYmQrRzYyUTdUTUhXMFZmMXl4blJvZ0xmNDl6TFNzPSIsImlhdCI6MTc3MzkxODg4NiwiZXhwIjoxNzc0MDA1Mjg2fQ.VAIm4WIwcNKJZYRQB5SoyrfI3HATkek21g4ntNKixYI' LIMIT 1;","timestamp":"2026-03-19 12:25:01.136","type":"database"}
{"environment":"development","ip":"::1","key":"ip:::1","level":"warn","message":"Suspicious activity detected","method":"GET","path":"/api/students/statistics","requestCount":44,"service":"kanyr-backend","timestamp":"2026-03-19 12:25:01.150","userAgent":"Mozilla/5.0 (Windows NT 10.0; Win64; x64) AppleWebKit/537.36 (KHTML, like Gecko) Chrome/146.0.0.0 Safari/537.36"}
{"environment":"development","level":"debug","message":"SQL Query","service":"kanyr-backend","sql":"Executing (default): SELECT `id`, `token`, `user_id`, `expires_at`, `revoked_at` FROM `revoked_tokens` AS `RevokedToken` WHERE `RevokedToken`.`token` = 'eyJhbGciOiJIUzI1NiIsInR5cCI6IkpXVCJ9.eyJkYXRhIjoiVUhpRlk1UVAxUzVEV1VkZ1VQVjhEUT09Oi9tZXE2enkrd1R6T0hsWTRLWUJtbEE9PTpsTUFTcTkydmp1RmlINUEvZmdHcSs2aHBBaDh0aVRHbUNWOGg2S09WMzVGMWs4Z3hIbmZ4dzVHaE9mRWxrTk1JMDBRQ0l5WXYyZEtmQ1NCQ0dWeVhFYmQrRzYyUTdUTUhXMFZmMXl4blJvZ0xmNDl6TFNzPSIsImlhdCI6MTc3MzkxODg4NiwiZXhwIjoxNzc0MDA1Mjg2fQ.VAIm4WIwcNKJZYRQB5SoyrfI3HATkek21g4ntNKixYI' LIMIT 1;","timestamp":"2026-03-19 12:25:01.162","type":"database"}
{"environment":"development","ip":"::1","key":"ip:::1","level":"warn","message":"Suspicious activity detected","method":"GET","path":"/api/auth/me","requestCount":45,"service":"kanyr-backend","timestamp":"2026-03-19 12:25:01.165","userAgent":"Mozilla/5.0 (Windows NT 10.0; Win64; x64) AppleWebKit/537.36 (KHTML, like Gecko) Chrome/146.0.0.0 Safari/537.36"}
{"environment":"development","level":"debug","message":"SQL Query","service":"kanyr-backend","sql":"Executing (default): SELECT `id`, `token`, `user_id`, `expires_at`, `revoked_at` FROM `revoked_tokens` AS `RevokedToken` WHERE `RevokedToken`.`token` = 'eyJhbGciOiJIUzI1NiIsInR5cCI6IkpXVCJ9.eyJkYXRhIjoiVUhpRlk1UVAxUzVEV1VkZ1VQVjhEUT09Oi9tZXE2enkrd1R6T0hsWTRLWUJtbEE9PTpsTUFTcTkydmp1RmlINUEvZmdHcSs2aHBBaDh0aVRHbUNWOGg2S09WMzVGMWs4Z3hIbmZ4dzVHaE9mRWxrTk1JMDBRQ0l5WXYyZEtmQ1NCQ0dWeVhFYmQrRzYyUTdUTUhXMFZmMXl4blJvZ0xmNDl6TFNzPSIsImlhdCI6MTc3MzkxODg4NiwiZXhwIjoxNzc0MDA1Mjg2fQ.VAIm4WIwcNKJZYRQB5SoyrfI3HATkek21g4ntNKixYI' LIMIT 1;","timestamp":"2026-03-19 12:25:01.182","type":"database"}
{"environment":"development","level":"debug","message":"SQL Query","service":"kanyr-backend","sql":"Executing (default): SELECT `user_id`, `username`, `email`, `password`, `admin`, `diak_id`, `token_version`, `last_password_change`, `security_flags`, `deleted_at`, `created_at`, `updated_at` FROM `felhasznalos` AS `Felhasznalo` WHERE (`Felhasznalo`.`deleted_at` IS NULL AND `Felhasznalo`.`user_id` = 1);","timestamp":"2026-03-19 12:25:01.196","type":"database"}
{"environment":"development","level":"debug","message":"SQL Query","service":"kanyr-backend","sql":"Executing (default): SELECT `user_id`, `username`, `email`, `password`, `admin`, `diak_id`, `token_version`, `last_password_change`, `security_flags`, `deleted_at`, `created_at`, `updated_at` FROM `felhasznalos` AS `Felhasznalo` WHERE (`Felhasznalo`.`deleted_at` IS NULL AND `Felhasznalo`.`user_id` = 1);","timestamp":"2026-03-19 12:25:01.199","type":"database"}
{"environment":"development","level":"debug","message":"SQL Query","service":"kanyr-backend","sql":"Executing (default): SELECT `user_id`, `username`, `email`, `password`, `admin`, `diak_id`, `token_version`, `last_password_change`, `security_flags`, `deleted_at`, `created_at`, `updated_at` FROM `felhasznalos` AS `Felhasznalo` WHERE (`Felhasznalo`.`deleted_at` IS NULL AND `Felhasznalo`.`user_id` = 1);","timestamp":"2026-03-19 12:25:01.200","type":"database"}
{"environment":"development","level":"debug","message":"SQL Query","service":"kanyr-backend","sql":"Executing (default): SELECT `Notification`.`notification_id`, `Notification`.`diak_id`, `Notification`.`szoba_valtoztatas_id`, `Notification`.`tipus`, `Notification`.`uzenet`, `Notification`.`elolvasva`, `Notification`.`deleted_at`, `Notification`.`created_at`, `Notification`.`updated_at`, `diak`.`diak_id` AS `diak.diak_id`, `diak`.`nev` AS `diak.nev`, `diak`.`email` AS `diak.email`, `diak`.`telefonszam` AS `diak.telefonszam`, `szoba_valtoztatas`.`valtoztatas_id` AS `szoba_valtoztatas.valtoztatas_id`, `szoba_valtoztatas`.`diak_id` AS `szoba_valtoztatas.diak_id`, `szoba_valtoztatas`.`jelenlegi_szoba_id` AS `szoba_valtoztatas.jelenlegi_szoba_id`, `szoba_valtoztatas`.`kivant_szoba_id` AS `szoba_valtoztatas.kivant_szoba_id`, `szoba_valtoztatas`.`statusz` AS `szoba_valtoztatas.statusz`, `szoba_valtoztatas`.`indok` AS `szoba_valtoztatas.indok`, `szoba_valtoztatas`.`academic_year` AS `szoba_valtoztatas.academic_year`, `szoba_valtoztatas`.`semester_count` AS `szoba_valtoztatas.semester_count`, `szoba_valtoztatas`.`deleted_at` AS `szoba_valtoztatas.deleted_at`, `szoba_valtoztatas`.`created_at` AS `szoba_valtoztatas.created_at`, `szoba_valtoztatas`.`updated_at` AS `szoba_valtoztatas.updated_at`, `szoba_valtoztatas->jelenlegi_szoba`.`szoba_id` AS `szoba_valtoztatas.jelenlegi_szoba.szoba_id`, `szoba_valtoztatas->jelenlegi_szoba`.`szoba_szama` AS `szoba_valtoztatas.jelenlegi_szoba.szoba_szama`, `szoba_valtoztatas->kivant_szoba`.`szoba_id` AS `szoba_valtoztatas.kivant_szoba.szoba_id`, `szoba_valtoztatas->kivant_szoba`.`szoba_szama` AS `szoba_valtoztatas.kivant_szoba.szoba_szama` FROM `notifications` AS `Notification` LEFT OUTER JOIN `diaks` AS `diak` ON `Notification`.`diak_id` = `diak`.`diak_id` AND (`diak`.`deleted_at` IS NULL) LEFT OUTER JOIN `szobavaltoztatas` AS `szoba_valtoztatas` ON `Notification`.`szoba_valtoztatas_id` = `szoba_valtoztatas`.`valtoztatas_id` AND (`szoba_valtoztatas`.`deleted_at` IS NULL) LEFT OUTER JOIN `szobas` AS `szoba_valtoztatas->jelenlegi_szoba` ON `szoba_valtoztatas`.`jelenlegi_szoba_id` = `szoba_valtoztatas->jelenlegi_szoba`.`szoba_id` AND (`szoba_valtoztatas->jelenlegi_szoba`.`deleted_at` IS NULL) LEFT OUTER JOIN `szobas` AS `szoba_valtoztatas->kivant_szoba` ON `szoba_valtoztatas`.`kivant_szoba_id` = `szoba_valtoztatas->kivant_szoba`.`szoba_id` AND (`szoba_valtoztatas->kivant_szoba`.`deleted_at` IS NULL) WHERE (`Notification`.`deleted_at` IS NULL) ORDER BY `Notification`.`created_at` DESC;","timestamp":"2026-03-19 12:25:01.215","type":"database"}
{"duration":"83ms","environment":"development","ip":"::1","level":"info","message":"HTTP Request","method":"GET","service":"kanyr-backend","statusCode":304,"timestamp":"2026-03-19 12:25:01.231","type":"http","url":"/api/students/statistics","userAgent":"Mozilla/5.0 (Windows NT 10.0; Win64; x64) AppleWebKit/537.36 (KHTML, like Gecko) Chrome/146.0.0.0 Safari/537.36","userId":null}
{"duration":"71ms","environment":"development","ip":"::1","level":"info","message":"HTTP Request","method":"GET","service":"kanyr-backend","statusCode":304,"timestamp":"2026-03-19 12:25:01.236","type":"http","url":"/api/auth/me","userAgent":"Mozilla/5.0 (Windows NT 10.0; Win64; x64) AppleWebKit/537.36 (KHTML, like Gecko) Chrome/146.0.0.0 Safari/537.36","userId":null}
{"duration":"170ms","environment":"development","ip":"::1","level":"info","message":"HTTP Request","method":"GET","service":"kanyr-backend","statusCode":304,"timestamp":"2026-03-19 12:25:01.281","type":"http","url":"/api/room-changes/admin/notifications","userAgent":"Mozilla/5.0 (Windows NT 10.0; Win64; x64) AppleWebKit/537.36 (KHTML, like Gecko) Chrome/146.0.0.0 Safari/537.36","userId":null}
{"environment":"development","ip":"::1","key":"ip:::1","level":"warn","message":"Suspicious activity detected","method":"GET","path":"/api/students","requestCount":46,"service":"kanyr-backend","timestamp":"2026-03-19 12:25:05.692","userAgent":"Mozilla/5.0 (Windows NT 10.0; Win64; x64) AppleWebKit/537.36 (KHTML, like Gecko) Chrome/146.0.0.0 Safari/537.36"}
{"environment":"development","level":"debug","message":"SQL Query","service":"kanyr-backend","sql":"Executing (default): SELECT `id`, `token`, `user_id`, `expires_at`, `revoked_at` FROM `revoked_tokens` AS `RevokedToken` WHERE `RevokedToken`.`token` = 'eyJhbGciOiJIUzI1NiIsInR5cCI6IkpXVCJ9.eyJkYXRhIjoiVUhpRlk1UVAxUzVEV1VkZ1VQVjhEUT09Oi9tZXE2enkrd1R6T0hsWTRLWUJtbEE9PTpsTUFTcTkydmp1RmlINUEvZmdHcSs2aHBBaDh0aVRHbUNWOGg2S09WMzVGMWs4Z3hIbmZ4dzVHaE9mRWxrTk1JMDBRQ0l5WXYyZEtmQ1NCQ0dWeVhFYmQrRzYyUTdUTUhXMFZmMXl4blJvZ0xmNDl6TFNzPSIsImlhdCI6MTc3MzkxODg4NiwiZXhwIjoxNzc0MDA1Mjg2fQ.VAIm4WIwcNKJZYRQB5SoyrfI3HATkek21g4ntNKixYI' LIMIT 1;","timestamp":"2026-03-19 12:25:05.700","type":"database"}
{"environment":"development","level":"debug","message":"SQL Query","service":"kanyr-backend","sql":"Executing (default): SELECT `user_id`, `username`, `email`, `password`, `admin`, `diak_id`, `token_version`, `last_password_change`, `security_flags`, `deleted_at`, `created_at`, `updated_at` FROM `felhasznalos` AS `Felhasznalo` WHERE (`Felhasznalo`.`deleted_at` IS NULL AND `Felhasznalo`.`user_id` = 1);","timestamp":"2026-03-19 12:25:05.715","type":"database"}
{"environment":"development","level":"debug","message":"SQL Query","service":"kanyr-backend","sql":"Executing (default): SELECT count(*) AS `count` FROM `diaks` AS `Diak` WHERE (`Diak`.`deleted_at` IS NULL);","timestamp":"2026-03-19 12:25:05.717","type":"database"}
{"environment":"development","level":"debug","message":"SQL Query","service":"kanyr-backend","sql":"Executing (default): SELECT `Diak`.*, `szulo`.`szulo_id` AS `szulo.szulo_id`, `szulo`.`nev` AS `szulo.nev`, `szulo`.`email` AS `szulo.email`, `szulo`.`telefonszam` AS `szulo.telefonszam`, `szulo`.`szemelyi_igazolvany_szam` AS `szulo.szemelyi_igazolvany_szam`, `szulo`.`cim_id` AS `szulo.cim_id`, `szulo`.`deleted_at` AS `szulo.deleted_at`, `szulo`.`created_at` AS `szulo.created_at`, `szulo`.`updated_at` AS `szulo.updated_at`, `szulo->lakcim`.`cim_id` AS `szulo.lakcim.cim_id`, `szulo->lakcim`.`orszag` AS `szulo.lakcim.orszag`, `szulo->lakcim`.`iranyitoszam` AS `szulo.lakcim.iranyitoszam`, `szulo->lakcim`.`varos` AS `szulo.lakcim.varos`, `szulo->lakcim`.`utca_hazszam` AS `szulo.lakcim.utca_hazszam`, `szulo->lakcim`.`deleted_at` AS `szulo.lakcim.deleted_at`, `szulo->lakcim`.`created_at` AS `szulo.lakcim.created_at`, `szulo->lakcim`.`updated_at` AS `szulo.lakcim.updated_at`, `lakcim`.`cim_id` AS `lakcim.cim_id`, `lakcim`.`orszag` AS `lakcim.orszag`, `lakcim`.`iranyitoszam` AS `lakcim.iranyitoszam`, `lakcim`.`varos` AS `lakcim.varos`, `lakcim`.`utca_hazszam` AS `lakcim.utca_hazszam`, `lakcim`.`deleted_at` AS `lakcim.deleted_at`, `lakcim`.`created_at` AS `lakcim.created_at`, `lakcim`.`updated_at` AS `lakcim.updated_at`, `bekoltozesek`.`bekoltozes_id` AS `bekoltozesek.bekoltozes_id`, `bekoltozesek`.`diak_id` AS `bekoltozesek.diak_id`, `bekoltozesek`.`szoba_id` AS `bekoltozesek.szoba_id`, `bekoltozesek`.`bekoltozes_datum` AS `bekoltozesek.bekoltozes_datum`, `bekoltozesek`.`kikoltozes_datum` AS `bekoltozesek.kikoltozes_datum`, `bekoltozesek`.`deleted_at` AS `bekoltozesek.deleted_at`, `bekoltozesek`.`created_at` AS `bekoltozesek.created_at`, `bekoltozesek`.`updated_at` AS `bekoltozesek.updated_at`, `bekoltozesek->szoba`.`szoba_id` AS `bekoltozesek.szoba.szoba_id`, `bekoltozesek->szoba`.`szoba_szama` AS `bekoltozesek.szoba.szoba_szama`, `bekoltozesek->szoba`.`osszes_hely` AS `bekoltozesek.szoba.osszes_hely`, `bekoltozesek->szoba`.`deleted_at` AS `bekoltozesek.szoba.deleted_at`, `bekoltozesek->szoba`.`created_at` AS `bekoltozesek.szoba.created_at`, `bekoltozesek->szoba`.`updated_at` AS `bekoltozesek.szoba.updated_at` FROM (SELECT `Diak`.`diak_id`, `Diak`.`nev`, `Diak`.`email`, `Diak`.`telefonszam`, `Diak`.`szuletesi_datum`, `Diak`.`szemelyi_igazolvany_szam`, `Diak`.`taj_szam`, `Diak`.`diakigazolvany_szam`, `Diak`.`szulo_id`, `Diak`.`kapcsolat_tipusa`, `Diak`.`cim_id`, `Diak`.`nem`, `Diak`.`deleted_at`, `Diak`.`created_at`, `Diak`.`updated_at` FROM `diaks` AS `Diak` WHERE `Diak`.`deleted_at` IS NULL ORDER BY `Diak`.`nev` ASC LIMIT 0, 50) AS `Diak` LEFT OUTER JOIN `szulos` AS `szulo` ON `Diak`.`szulo_id` = `szulo`.`szulo_id` AND (`szulo`.`deleted_at` IS NULL) LEFT OUTER JOIN `lakcims` AS `szulo->lakcim` ON `szulo`.`cim_id` = `szulo->lakcim`.`cim_id` AND (`szulo->lakcim`.`deleted_at` IS NULL) LEFT OUTER JOIN `lakcims` AS `lakcim` ON `Diak`.`cim_id` = `lakcim`.`cim_id` AND (`lakcim`.`deleted_at` IS NULL) LEFT OUTER JOIN `szoba_bekoltozes` AS `bekoltozesek` ON `Diak`.`diak_id` = `bekoltozesek`.`diak_id` AND (`bekoltozesek`.`deleted_at` IS NULL) LEFT OUTER JOIN `szobas` AS `bekoltozesek->szoba` ON `bekoltozesek`.`szoba_id` = `bekoltozesek->szoba`.`szoba_id` AND (`bekoltozesek->szoba`.`deleted_at` IS NULL) ORDER BY `Diak`.`nev` ASC;","timestamp":"2026-03-19 12:25:05.730","type":"database"}
{"duration":"45ms","environment":"development","ip":"::1","level":"info","message":"HTTP Request","method":"GET","service":"kanyr-backend","statusCode":304,"timestamp":"2026-03-19 12:25:05.737","type":"http","url":"/api/students?includeRelations=true","userAgent":"Mozilla/5.0 (Windows NT 10.0; Win64; x64) AppleWebKit/537.36 (KHTML, like Gecko) Chrome/146.0.0.0 Safari/537.36","userId":null}
{"environment":"development","ip":"::1","key":"ip:::1","level":"warn","message":"Suspicious activity detected","method":"GET","path":"/api/szulos","requestCount":47,"service":"kanyr-backend","timestamp":"2026-03-19 12:25:17.042","userAgent":"Mozilla/5.0 (Windows NT 10.0; Win64; x64) AppleWebKit/537.36 (KHTML, like Gecko) Chrome/146.0.0.0 Safari/537.36"}
{"environment":"development","error":{"details":null,"isOperational":true,"message":"Endpoint not found","name":"NotFoundError","requestId":"req-20260319-122517-9WVP","stack":"NotFoundError: Endpoint not found\n    at C:\\Users\\SZ2\\Documents\\13.B\\Projektmunka\\KANYR\\backend\\app.js:289:13\n    at Layer.handleRequest (C:\\Users\\SZ2\\Documents\\13.B\\Projektmunka\\KANYR\\backend\\node_modules\\router\\lib\\layer.js:152:17)\n    at trimPrefix (C:\\Users\\SZ2\\Documents\\13.B\\Projektmunka\\KANYR\\backend\\node_modules\\router\\index.js:342:13)\n    at C:\\Users\\SZ2\\Documents\\13.B\\Projektmunka\\KANYR\\backend\\node_modules\\router\\index.js:297:9\n    at processParams (C:\\Users\\SZ2\\Documents\\13.B\\Projektmunka\\KANYR\\backend\\node_modules\\router\\index.js:582:12)\n    at next (C:\\Users\\SZ2\\Documents\\13.B\\Projektmunka\\KANYR\\backend\\node_modules\\router\\index.js:291:5)\n    at csrfProtectionMiddleware (C:\\Users\\SZ2\\Documents\\13.B\\Projektmunka\\KANYR\\backend\\middleware\\csrfMiddleware.js:154:14)\n    at Layer.handleRequest (C:\\Users\\SZ2\\Documents\\13.B\\Projektmunka\\KANYR\\backend\\node_modules\\router\\lib\\layer.js:152:17)\n    at trimPrefix (C:\\Users\\SZ2\\Documents\\13.B\\Projektmunka\\KANYR\\backend\\node_modules\\router\\index.js:342:13)\n    at C:\\Users\\SZ2\\Documents\\13.B\\Projektmunka\\KANYR\\backend\\node_modules\\router\\index.js:297:9","status":"fail","statusCode":404,"timestamp":"2026-03-19T11:25:17.043Z","userId":null},"ip":"::1","level":"error","message":"Endpoint not found","method":"GET","service":"kanyr-backend","stack":"NotFoundError: Endpoint not found\n    at C:\\Users\\SZ2\\Documents\\13.B\\Projektmunka\\KANYR\\backend\\app.js:289:13\n    at Layer.handleRequest (C:\\Users\\SZ2\\Documents\\13.B\\Projektmunka\\KANYR\\backend\\node_modules\\router\\lib\\layer.js:152:17)\n    at trimPrefix (C:\\Users\\SZ2\\Documents\\13.B\\Projektmunka\\KANYR\\backend\\node_modules\\router\\index.js:342:13)\n    at C:\\Users\\SZ2\\Documents\\13.B\\Projektmunka\\KANYR\\backend\\node_modules\\router\\index.js:297:9\n    at processParams (C:\\Users\\SZ2\\Documents\\13.B\\Projektmunka\\KANYR\\backend\\node_modules\\router\\index.js:582:12)\n    at next (C:\\Users\\SZ2\\Documents\\13.B\\Projektmunka\\KANYR\\backend\\node_modules\\router\\index.js:291:5)\n    at csrfProtectionMiddleware (C:\\Users\\SZ2\\Documents\\13.B\\Projektmunka\\KANYR\\backend\\middleware\\csrfMiddleware.js:154:14)\n    at Layer.handleRequest (C:\\Users\\SZ2\\Documents\\13.B\\Projektmunka\\KANYR\\backend\\node_modules\\router\\lib\\layer.js:152:17)\n    at trimPrefix (C:\\Users\\SZ2\\Documents\\13.B\\Projektmunka\\KANYR\\backend\\node_modules\\router\\index.js:342:13)\n    at C:\\Users\\SZ2\\Documents\\13.B\\Projektmunka\\KANYR\\backend\\node_modules\\router\\index.js:297:9","timestamp":"2026-03-19 12:25:17.043","type":"error","url":"/api/szulos","userId":null}
{"duration":"3ms","environment":"development","ip":"::1","level":"info","message":"HTTP Request","method":"GET","service":"kanyr-backend","statusCode":404,"timestamp":"2026-03-19 12:25:17.045","type":"http","url":"/api/szulos","userAgent":"Mozilla/5.0 (Windows NT 10.0; Win64; x64) AppleWebKit/537.36 (KHTML, like Gecko) Chrome/146.0.0.0 Safari/537.36","userId":null}
{"environment":"development","ip":"::1","key":"ip:::1","level":"warn","message":"Suspicious activity detected","method":"GET","path":"/api/rooms","requestCount":48,"service":"kanyr-backend","timestamp":"2026-03-19 12:25:21.399","userAgent":"Mozilla/5.0 (Windows NT 10.0; Win64; x64) AppleWebKit/537.36 (KHTML, like Gecko) Chrome/146.0.0.0 Safari/537.36"}
{"environment":"development","level":"debug","message":"SQL Query","service":"kanyr-backend","sql":"Executing (default): SELECT `id`, `token`, `user_id`, `expires_at`, `revoked_at` FROM `revoked_tokens` AS `RevokedToken` WHERE `RevokedToken`.`token` = 'eyJhbGciOiJIUzI1NiIsInR5cCI6IkpXVCJ9.eyJkYXRhIjoiVUhpRlk1UVAxUzVEV1VkZ1VQVjhEUT09Oi9tZXE2enkrd1R6T0hsWTRLWUJtbEE9PTpsTUFTcTkydmp1RmlINUEvZmdHcSs2aHBBaDh0aVRHbUNWOGg2S09WMzVGMWs4Z3hIbmZ4dzVHaE9mRWxrTk1JMDBRQ0l5WXYyZEtmQ1NCQ0dWeVhFYmQrRzYyUTdUTUhXMFZmMXl4blJvZ0xmNDl6TFNzPSIsImlhdCI6MTc3MzkxODg4NiwiZXhwIjoxNzc0MDA1Mjg2fQ.VAIm4WIwcNKJZYRQB5SoyrfI3HATkek21g4ntNKixYI' LIMIT 1;","timestamp":"2026-03-19 12:25:21.402","type":"database"}
{"environment":"development","ip":"::1","key":"ip:::1","level":"warn","message":"Suspicious activity detected","method":"GET","path":"/api/rooms/available","requestCount":49,"service":"kanyr-backend","timestamp":"2026-03-19 12:25:21.406","userAgent":"Mozilla/5.0 (Windows NT 10.0; Win64; x64) AppleWebKit/537.36 (KHTML, like Gecko) Chrome/146.0.0.0 Safari/537.36"}
{"environment":"development","level":"debug","message":"SQL Query","service":"kanyr-backend","sql":"Executing (default): SELECT `id`, `token`, `user_id`, `expires_at`, `revoked_at` FROM `revoked_tokens` AS `RevokedToken` WHERE `RevokedToken`.`token` = 'eyJhbGciOiJIUzI1NiIsInR5cCI6IkpXVCJ9.eyJkYXRhIjoiVUhpRlk1UVAxUzVEV1VkZ1VQVjhEUT09Oi9tZXE2enkrd1R6T0hsWTRLWUJtbEE9PTpsTUFTcTkydmp1RmlINUEvZmdHcSs2aHBBaDh0aVRHbUNWOGg2S09WMzVGMWs4Z3hIbmZ4dzVHaE9mRWxrTk1JMDBRQ0l5WXYyZEtmQ1NCQ0dWeVhFYmQrRzYyUTdUTUhXMFZmMXl4blJvZ0xmNDl6TFNzPSIsImlhdCI6MTc3MzkxODg4NiwiZXhwIjoxNzc0MDA1Mjg2fQ.VAIm4WIwcNKJZYRQB5SoyrfI3HATkek21g4ntNKixYI' LIMIT 1;","timestamp":"2026-03-19 12:25:21.413","type":"database"}
{"environment":"development","ip":"::1","key":"ip:::1","level":"warn","message":"Suspicious activity detected","method":"GET","path":"/api/students","requestCount":50,"service":"kanyr-backend","timestamp":"2026-03-19 12:25:21.416","userAgent":"Mozilla/5.0 (Windows NT 10.0; Win64; x64) AppleWebKit/537.36 (KHTML, like Gecko) Chrome/146.0.0.0 Safari/537.36"}
{"environment":"development","level":"debug","message":"SQL Query","service":"kanyr-backend","sql":"Executing (default): SELECT `id`, `token`, `user_id`, `expires_at`, `revoked_at` FROM `revoked_tokens` AS `RevokedToken` WHERE `RevokedToken`.`token` = 'eyJhbGciOiJIUzI1NiIsInR5cCI6IkpXVCJ9.eyJkYXRhIjoiVUhpRlk1UVAxUzVEV1VkZ1VQVjhEUT09Oi9tZXE2enkrd1R6T0hsWTRLWUJtbEE9PTpsTUFTcTkydmp1RmlINUEvZmdHcSs2aHBBaDh0aVRHbUNWOGg2S09WMzVGMWs4Z3hIbmZ4dzVHaE9mRWxrTk1JMDBRQ0l5WXYyZEtmQ1NCQ0dWeVhFYmQrRzYyUTdUTUhXMFZmMXl4blJvZ0xmNDl6TFNzPSIsImlhdCI6MTc3MzkxODg4NiwiZXhwIjoxNzc0MDA1Mjg2fQ.VAIm4WIwcNKJZYRQB5SoyrfI3HATkek21g4ntNKixYI' LIMIT 1;","timestamp":"2026-03-19 12:25:21.419","type":"database"}
{"environment":"development","level":"debug","message":"SQL Query","service":"kanyr-backend","sql":"Executing (default): SELECT `user_id`, `username`, `email`, `password`, `admin`, `diak_id`, `token_version`, `last_password_change`, `security_flags`, `deleted_at`, `created_at`, `updated_at` FROM `felhasznalos` AS `Felhasznalo` WHERE (`Felhasznalo`.`deleted_at` IS NULL AND `Felhasznalo`.`user_id` = 1);","timestamp":"2026-03-19 12:25:21.432","type":"database"}
{"environment":"development","level":"debug","message":"SQL Query","service":"kanyr-backend","sql":"Executing (default): SELECT `user_id`, `username`, `email`, `password`, `admin`, `diak_id`, `token_version`, `last_password_change`, `security_flags`, `deleted_at`, `created_at`, `updated_at` FROM `felhasznalos` AS `Felhasznalo` WHERE (`Felhasznalo`.`deleted_at` IS NULL AND `Felhasznalo`.`user_id` = 1);","timestamp":"2026-03-19 12:25:21.433","type":"database"}
{"environment":"development","level":"debug","message":"SQL Query","service":"kanyr-backend","sql":"Executing (default): SELECT `user_id`, `username`, `email`, `password`, `admin`, `diak_id`, `token_version`, `last_password_change`, `security_flags`, `deleted_at`, `created_at`, `updated_at` FROM `felhasznalos` AS `Felhasznalo` WHERE (`Felhasznalo`.`deleted_at` IS NULL AND `Felhasznalo`.`user_id` = 1);","timestamp":"2026-03-19 12:25:21.435","type":"database"}
{"duration":"43ms","environment":"development","ip":"::1","level":"info","message":"HTTP Request","method":"GET","service":"kanyr-backend","statusCode":304,"timestamp":"2026-03-19 12:25:21.449","type":"http","url":"/api/rooms/available","userAgent":"Mozilla/5.0 (Windows NT 10.0; Win64; x64) AppleWebKit/537.36 (KHTML, like Gecko) Chrome/146.0.0.0 Safari/537.36","userId":null}
{"duration":"54ms","environment":"development","ip":"::1","level":"info","message":"HTTP Request","method":"GET","service":"kanyr-backend","statusCode":304,"timestamp":"2026-03-19 12:25:21.452","type":"http","url":"/api/rooms","userAgent":"Mozilla/5.0 (Windows NT 10.0; Win64; x64) AppleWebKit/537.36 (KHTML, like Gecko) Chrome/146.0.0.0 Safari/537.36","userId":null}
{"environment":"development","level":"debug","message":"SQL Query","service":"kanyr-backend","sql":"Executing (default): SELECT count(*) AS `count` FROM `diaks` AS `Diak` WHERE (`Diak`.`deleted_at` IS NULL);","timestamp":"2026-03-19 12:25:21.469","type":"database"}
{"environment":"development","level":"debug","message":"SQL Query","service":"kanyr-backend","sql":"Executing (default): SELECT `Diak`.*, `szulo`.`szulo_id` AS `szulo.szulo_id`, `szulo`.`nev` AS `szulo.nev`, `szulo`.`email` AS `szulo.email`, `szulo`.`telefonszam` AS `szulo.telefonszam`, `szulo`.`szemelyi_igazolvany_szam` AS `szulo.szemelyi_igazolvany_szam`, `szulo`.`cim_id` AS `szulo.cim_id`, `szulo`.`deleted_at` AS `szulo.deleted_at`, `szulo`.`created_at` AS `szulo.created_at`, `szulo`.`updated_at` AS `szulo.updated_at`, `szulo->lakcim`.`cim_id` AS `szulo.lakcim.cim_id`, `szulo->lakcim`.`orszag` AS `szulo.lakcim.orszag`, `szulo->lakcim`.`iranyitoszam` AS `szulo.lakcim.iranyitoszam`, `szulo->lakcim`.`varos` AS `szulo.lakcim.varos`, `szulo->lakcim`.`utca_hazszam` AS `szulo.lakcim.utca_hazszam`, `szulo->lakcim`.`deleted_at` AS `szulo.lakcim.deleted_at`, `szulo->lakcim`.`created_at` AS `szulo.lakcim.created_at`, `szulo->lakcim`.`updated_at` AS `szulo.lakcim.updated_at`, `lakcim`.`cim_id` AS `lakcim.cim_id`, `lakcim`.`orszag` AS `lakcim.orszag`, `lakcim`.`iranyitoszam` AS `lakcim.iranyitoszam`, `lakcim`.`varos` AS `lakcim.varos`, `lakcim`.`utca_hazszam` AS `lakcim.utca_hazszam`, `lakcim`.`deleted_at` AS `lakcim.deleted_at`, `lakcim`.`created_at` AS `lakcim.created_at`, `lakcim`.`updated_at` AS `lakcim.updated_at`, `bekoltozesek`.`bekoltozes_id` AS `bekoltozesek.bekoltozes_id`, `bekoltozesek`.`diak_id` AS `bekoltozesek.diak_id`, `bekoltozesek`.`szoba_id` AS `bekoltozesek.szoba_id`, `bekoltozesek`.`bekoltozes_datum` AS `bekoltozesek.bekoltozes_datum`, `bekoltozesek`.`kikoltozes_datum` AS `bekoltozesek.kikoltozes_datum`, `bekoltozesek`.`deleted_at` AS `bekoltozesek.deleted_at`, `bekoltozesek`.`created_at` AS `bekoltozesek.created_at`, `bekoltozesek`.`updated_at` AS `bekoltozesek.updated_at`, `bekoltozesek->szoba`.`szoba_id` AS `bekoltozesek.szoba.szoba_id`, `bekoltozesek->szoba`.`szoba_szama` AS `bekoltozesek.szoba.szoba_szama`, `bekoltozesek->szoba`.`osszes_hely` AS `bekoltozesek.szoba.osszes_hely`, `bekoltozesek->szoba`.`deleted_at` AS `bekoltozesek.szoba.deleted_at`, `bekoltozesek->szoba`.`created_at` AS `bekoltozesek.szoba.created_at`, `bekoltozesek->szoba`.`updated_at` AS `bekoltozesek.szoba.updated_at` FROM (SELECT `Diak`.`diak_id`, `Diak`.`nev`, `Diak`.`email`, `Diak`.`telefonszam`, `Diak`.`szuletesi_datum`, `Diak`.`szemelyi_igazolvany_szam`, `Diak`.`taj_szam`, `Diak`.`diakigazolvany_szam`, `Diak`.`szulo_id`, `Diak`.`kapcsolat_tipusa`, `Diak`.`cim_id`, `Diak`.`nem`, `Diak`.`deleted_at`, `Diak`.`created_at`, `Diak`.`updated_at` FROM `diaks` AS `Diak` WHERE `Diak`.`deleted_at` IS NULL ORDER BY `Diak`.`nev` ASC LIMIT 0, 50) AS `Diak` LEFT OUTER JOIN `szulos` AS `szulo` ON `Diak`.`szulo_id` = `szulo`.`szulo_id` AND (`szulo`.`deleted_at` IS NULL) LEFT OUTER JOIN `lakcims` AS `szulo->lakcim` ON `szulo`.`cim_id` = `szulo->lakcim`.`cim_id` AND (`szulo->lakcim`.`deleted_at` IS NULL) LEFT OUTER JOIN `lakcims` AS `lakcim` ON `Diak`.`cim_id` = `lakcim`.`cim_id` AND (`lakcim`.`deleted_at` IS NULL) LEFT OUTER JOIN `szoba_bekoltozes` AS `bekoltozesek` ON `Diak`.`diak_id` = `bekoltozesek`.`diak_id` AND (`bekoltozesek`.`deleted_at` IS NULL) LEFT OUTER JOIN `szobas` AS `bekoltozesek->szoba` ON `bekoltozesek`.`szoba_id` = `bekoltozesek->szoba`.`szoba_id` AND (`bekoltozesek->szoba`.`deleted_at` IS NULL) ORDER BY `Diak`.`nev` ASC;","timestamp":"2026-03-19 12:25:21.497","type":"database"}
{"environment":"development","ip":"::1","key":"ip:::1","level":"warn","message":"Suspicious activity detected","method":"GET","path":"/api/rooms/1/occupancy","requestCount":51,"service":"kanyr-backend","timestamp":"2026-03-19 12:25:21.499","userAgent":"Mozilla/5.0 (Windows NT 10.0; Win64; x64) AppleWebKit/537.36 (KHTML, like Gecko) Chrome/146.0.0.0 Safari/537.36"}
{"environment":"development","level":"debug","message":"SQL Query","service":"kanyr-backend","sql":"Executing (default): SELECT `id`, `token`, `user_id`, `expires_at`, `revoked_at` FROM `revoked_tokens` AS `RevokedToken` WHERE `RevokedToken`.`token` = 'eyJhbGciOiJIUzI1NiIsInR5cCI6IkpXVCJ9.eyJkYXRhIjoiVUhpRlk1UVAxUzVEV1VkZ1VQVjhEUT09Oi9tZXE2enkrd1R6T0hsWTRLWUJtbEE9PTpsTUFTcTkydmp1RmlINUEvZmdHcSs2aHBBaDh0aVRHbUNWOGg2S09WMzVGMWs4Z3hIbmZ4dzVHaE9mRWxrTk1JMDBRQ0l5WXYyZEtmQ1NCQ0dWeVhFYmQrRzYyUTdUTUhXMFZmMXl4blJvZ0xmNDl6TFNzPSIsImlhdCI6MTc3MzkxODg4NiwiZXhwIjoxNzc0MDA1Mjg2fQ.VAIm4WIwcNKJZYRQB5SoyrfI3HATkek21g4ntNKixYI' LIMIT 1;","timestamp":"2026-03-19 12:25:21.502","type":"database"}
{"environment":"development","ip":"::1","key":"ip:::1","level":"warn","message":"Suspicious activity detected","method":"GET","path":"/api/rooms/2/occupancy","requestCount":52,"service":"kanyr-backend","timestamp":"2026-03-19 12:25:21.512","userAgent":"Mozilla/5.0 (Windows NT 10.0; Win64; x64) AppleWebKit/537.36 (KHTML, like Gecko) Chrome/146.0.0.0 Safari/537.36"}
{"environment":"development","level":"debug","message":"SQL Query","service":"kanyr-backend","sql":"Executing (default): SELECT `id`, `token`, `user_id`, `expires_at`, `revoked_at` FROM `revoked_tokens` AS `RevokedToken` WHERE `RevokedToken`.`token` = 'eyJhbGciOiJIUzI1NiIsInR5cCI6IkpXVCJ9.eyJkYXRhIjoiVUhpRlk1UVAxUzVEV1VkZ1VQVjhEUT09Oi9tZXE2enkrd1R6T0hsWTRLWUJtbEE9PTpsTUFTcTkydmp1RmlINUEvZmdHcSs2aHBBaDh0aVRHbUNWOGg2S09WMzVGMWs4Z3hIbmZ4dzVHaE9mRWxrTk1JMDBRQ0l5WXYyZEtmQ1NCQ0dWeVhFYmQrRzYyUTdUTUhXMFZmMXl4blJvZ0xmNDl6TFNzPSIsImlhdCI6MTc3MzkxODg4NiwiZXhwIjoxNzc0MDA1Mjg2fQ.VAIm4WIwcNKJZYRQB5SoyrfI3HATkek21g4ntNKixYI' LIMIT 1;","timestamp":"2026-03-19 12:25:21.515","type":"database"}
{"environment":"development","ip":"::1","key":"ip:::1","level":"warn","message":"Suspicious activity detected","method":"GET","path":"/api/rooms/3/occupancy","requestCount":53,"service":"kanyr-backend","timestamp":"2026-03-19 12:25:21.516","userAgent":"Mozilla/5.0 (Windows NT 10.0; Win64; x64) AppleWebKit/537.36 (KHTML, like Gecko) Chrome/146.0.0.0 Safari/537.36"}
{"environment":"development","level":"debug","message":"SQL Query","service":"kanyr-backend","sql":"Executing (default): SELECT `id`, `token`, `user_id`, `expires_at`, `revoked_at` FROM `revoked_tokens` AS `RevokedToken` WHERE `RevokedToken`.`token` = 'eyJhbGciOiJIUzI1NiIsInR5cCI6IkpXVCJ9.eyJkYXRhIjoiVUhpRlk1UVAxUzVEV1VkZ1VQVjhEUT09Oi9tZXE2enkrd1R6T0hsWTRLWUJtbEE9PTpsTUFTcTkydmp1RmlINUEvZmdHcSs2aHBBaDh0aVRHbUNWOGg2S09WMzVGMWs4Z3hIbmZ4dzVHaE9mRWxrTk1JMDBRQ0l5WXYyZEtmQ1NCQ0dWeVhFYmQrRzYyUTdUTUhXMFZmMXl4blJvZ0xmNDl6TFNzPSIsImlhdCI6MTc3MzkxODg4NiwiZXhwIjoxNzc0MDA1Mjg2fQ.VAIm4WIwcNKJZYRQB5SoyrfI3HATkek21g4ntNKixYI' LIMIT 1;","timestamp":"2026-03-19 12:25:21.518","type":"database"}
{"environment":"development","ip":"::1","key":"ip:::1","level":"warn","message":"Suspicious activity detected","method":"GET","path":"/api/rooms/4/occupancy","requestCount":54,"service":"kanyr-backend","timestamp":"2026-03-19 12:25:21.519","userAgent":"Mozilla/5.0 (Windows NT 10.0; Win64; x64) AppleWebKit/537.36 (KHTML, like Gecko) Chrome/146.0.0.0 Safari/537.36"}
{"environment":"development","level":"debug","message":"SQL Query","service":"kanyr-backend","sql":"Executing (default): SELECT `id`, `token`, `user_id`, `expires_at`, `revoked_at` FROM `revoked_tokens` AS `RevokedToken` WHERE `RevokedToken`.`token` = 'eyJhbGciOiJIUzI1NiIsInR5cCI6IkpXVCJ9.eyJkYXRhIjoiVUhpRlk1UVAxUzVEV1VkZ1VQVjhEUT09Oi9tZXE2enkrd1R6T0hsWTRLWUJtbEE9PTpsTUFTcTkydmp1RmlINUEvZmdHcSs2aHBBaDh0aVRHbUNWOGg2S09WMzVGMWs4Z3hIbmZ4dzVHaE9mRWxrTk1JMDBRQ0l5WXYyZEtmQ1NCQ0dWeVhFYmQrRzYyUTdUTUhXMFZmMXl4blJvZ0xmNDl6TFNzPSIsImlhdCI6MTc3MzkxODg4NiwiZXhwIjoxNzc0MDA1Mjg2fQ.VAIm4WIwcNKJZYRQB5SoyrfI3HATkek21g4ntNKixYI' LIMIT 1;","timestamp":"2026-03-19 12:25:21.531","type":"database"}
{"environment":"development","ip":"::1","key":"ip:::1","level":"warn","message":"Suspicious activity detected","method":"GET","path":"/api/rooms/5/occupancy","requestCount":55,"service":"kanyr-backend","timestamp":"2026-03-19 12:25:21.532","userAgent":"Mozilla/5.0 (Windows NT 10.0; Win64; x64) AppleWebKit/537.36 (KHTML, like Gecko) Chrome/146.0.0.0 Safari/537.36"}
{"environment":"development","level":"debug","message":"SQL Query","service":"kanyr-backend","sql":"Executing (default): SELECT `id`, `token`, `user_id`, `expires_at`, `revoked_at` FROM `revoked_tokens` AS `RevokedToken` WHERE `RevokedToken`.`token` = 'eyJhbGciOiJIUzI1NiIsInR5cCI6IkpXVCJ9.eyJkYXRhIjoiVUhpRlk1UVAxUzVEV1VkZ1VQVjhEUT09Oi9tZXE2enkrd1R6T0hsWTRLWUJtbEE9PTpsTUFTcTkydmp1RmlINUEvZmdHcSs2aHBBaDh0aVRHbUNWOGg2S09WMzVGMWs4Z3hIbmZ4dzVHaE9mRWxrTk1JMDBRQ0l5WXYyZEtmQ1NCQ0dWeVhFYmQrRzYyUTdUTUhXMFZmMXl4blJvZ0xmNDl6TFNzPSIsImlhdCI6MTc3MzkxODg4NiwiZXhwIjoxNzc0MDA1Mjg2fQ.VAIm4WIwcNKJZYRQB5SoyrfI3HATkek21g4ntNKixYI' LIMIT 1;","timestamp":"2026-03-19 12:25:21.534","type":"database"}
{"duration":"133ms","environment":"development","ip":"::1","level":"info","message":"HTTP Request","method":"GET","service":"kanyr-backend","statusCode":304,"timestamp":"2026-03-19 12:25:21.549","type":"http","url":"/api/students","userAgent":"Mozilla/5.0 (Windows NT 10.0; Win64; x64) AppleWebKit/537.36 (KHTML, like Gecko) Chrome/146.0.0.0 Safari/537.36","userId":null}
{"environment":"development","level":"debug","message":"SQL Query","service":"kanyr-backend","sql":"Executing (default): SELECT `user_id`, `username`, `email`, `password`, `admin`, `diak_id`, `token_version`, `last_password_change`, `security_flags`, `deleted_at`, `created_at`, `updated_at` FROM `felhasznalos` AS `Felhasznalo` WHERE (`Felhasznalo`.`deleted_at` IS NULL AND `Felhasznalo`.`user_id` = 1);","timestamp":"2026-03-19 12:25:21.551","type":"database"}
{"environment":"development","level":"debug","message":"SQL Query","service":"kanyr-backend","sql":"Executing (default): SELECT `user_id`, `username`, `email`, `password`, `admin`, `diak_id`, `token_version`, `last_password_change`, `security_flags`, `deleted_at`, `created_at`, `updated_at` FROM `felhasznalos` AS `Felhasznalo` WHERE (`Felhasznalo`.`deleted_at` IS NULL AND `Felhasznalo`.`user_id` = 1);","timestamp":"2026-03-19 12:25:21.553","type":"database"}
{"environment":"development","level":"debug","message":"SQL Query","service":"kanyr-backend","sql":"Executing (default): SELECT `user_id`, `username`, `email`, `password`, `admin`, `diak_id`, `token_version`, `last_password_change`, `security_flags`, `deleted_at`, `created_at`, `updated_at` FROM `felhasznalos` AS `Felhasznalo` WHERE (`Felhasznalo`.`deleted_at` IS NULL AND `Felhasznalo`.`user_id` = 1);","timestamp":"2026-03-19 12:25:21.565","type":"database"}
{"environment":"development","level":"debug","message":"SQL Query","service":"kanyr-backend","sql":"Executing (default): SELECT `user_id`, `username`, `email`, `password`, `admin`, `diak_id`, `token_version`, `last_password_change`, `security_flags`, `deleted_at`, `created_at`, `updated_at` FROM `felhasznalos` AS `Felhasznalo` WHERE (`Felhasznalo`.`deleted_at` IS NULL AND `Felhasznalo`.`user_id` = 1);","timestamp":"2026-03-19 12:25:21.567","type":"database"}
{"environment":"development","level":"debug","message":"SQL Query","service":"kanyr-backend","sql":"Executing (default): SELECT `user_id`, `username`, `email`, `password`, `admin`, `diak_id`, `token_version`, `last_password_change`, `security_flags`, `deleted_at`, `created_at`, `updated_at` FROM `felhasznalos` AS `Felhasznalo` WHERE (`Felhasznalo`.`deleted_at` IS NULL AND `Felhasznalo`.`user_id` = 1);","timestamp":"2026-03-19 12:25:21.568","type":"database"}
{"environment":"development","ip":"::1","key":"ip:::1","level":"warn","message":"Suspicious activity detected","method":"GET","path":"/api/rooms/6/occupancy","requestCount":56,"service":"kanyr-backend","timestamp":"2026-03-19 12:25:21.569","userAgent":"Mozilla/5.0 (Windows NT 10.0; Win64; x64) AppleWebKit/537.36 (KHTML, like Gecko) Chrome/146.0.0.0 Safari/537.36"}
{"environment":"development","level":"debug","message":"SQL Query","service":"kanyr-backend","sql":"Executing (default): SELECT `id`, `token`, `user_id`, `expires_at`, `revoked_at` FROM `revoked_tokens` AS `RevokedToken` WHERE `RevokedToken`.`token` = 'eyJhbGciOiJIUzI1NiIsInR5cCI6IkpXVCJ9.eyJkYXRhIjoiVUhpRlk1UVAxUzVEV1VkZ1VQVjhEUT09Oi9tZXE2enkrd1R6T0hsWTRLWUJtbEE9PTpsTUFTcTkydmp1RmlINUEvZmdHcSs2aHBBaDh0aVRHbUNWOGg2S09WMzVGMWs4Z3hIbmZ4dzVHaE9mRWxrTk1JMDBRQ0l5WXYyZEtmQ1NCQ0dWeVhFYmQrRzYyUTdUTUhXMFZmMXl4blJvZ0xmNDl6TFNzPSIsImlhdCI6MTc3MzkxODg4NiwiZXhwIjoxNzc0MDA1Mjg2fQ.VAIm4WIwcNKJZYRQB5SoyrfI3HATkek21g4ntNKixYI' LIMIT 1;","timestamp":"2026-03-19 12:25:21.580","type":"database"}
{"duration":"66ms","environment":"development","ip":"::1","level":"info","message":"HTTP Request","method":"GET","service":"kanyr-backend","statusCode":304,"timestamp":"2026-03-19 12:25:21.585","type":"http","url":"/api/rooms/4/occupancy","userAgent":"Mozilla/5.0 (Windows NT 10.0; Win64; x64) AppleWebKit/537.36 (KHTML, like Gecko) Chrome/146.0.0.0 Safari/537.36","userId":null}
{"duration":"100ms","environment":"development","ip":"::1","level":"info","message":"HTTP Request","method":"GET","service":"kanyr-backend","statusCode":304,"timestamp":"2026-03-19 12:25:21.599","type":"http","url":"/api/rooms/1/occupancy","userAgent":"Mozilla/5.0 (Windows NT 10.0; Win64; x64) AppleWebKit/537.36 (KHTML, like Gecko) Chrome/146.0.0.0 Safari/537.36","userId":null}
{"duration":"85ms","environment":"development","ip":"::1","level":"info","message":"HTTP Request","method":"GET","service":"kanyr-backend","statusCode":304,"timestamp":"2026-03-19 12:25:21.602","type":"http","url":"/api/rooms/3/occupancy","userAgent":"Mozilla/5.0 (Windows NT 10.0; Win64; x64) AppleWebKit/537.36 (KHTML, like Gecko) Chrome/146.0.0.0 Safari/537.36","userId":null}
{"duration":"112ms","environment":"development","ip":"::1","level":"info","message":"HTTP Request","method":"GET","service":"kanyr-backend","statusCode":304,"timestamp":"2026-03-19 12:25:21.616","type":"http","url":"/api/rooms/2/occupancy","userAgent":"Mozilla/5.0 (Windows NT 10.0; Win64; x64) AppleWebKit/537.36 (KHTML, like Gecko) Chrome/146.0.0.0 Safari/537.36","userId":null}
{"duration":"87ms","environment":"development","ip":"::1","level":"info","message":"HTTP Request","method":"GET","service":"kanyr-backend","statusCode":304,"timestamp":"2026-03-19 12:25:21.619","type":"http","url":"/api/rooms/5/occupancy","userAgent":"Mozilla/5.0 (Windows NT 10.0; Win64; x64) AppleWebKit/537.36 (KHTML, like Gecko) Chrome/146.0.0.0 Safari/537.36","userId":null}
{"environment":"development","level":"debug","message":"SQL Query","service":"kanyr-backend","sql":"Executing (default): SELECT `user_id`, `username`, `email`, `password`, `admin`, `diak_id`, `token_version`, `last_password_change`, `security_flags`, `deleted_at`, `created_at`, `updated_at` FROM `felhasznalos` AS `Felhasznalo` WHERE (`Felhasznalo`.`deleted_at` IS NULL AND `Felhasznalo`.`user_id` = 1);","timestamp":"2026-03-19 12:25:21.630","type":"database"}
{"duration":"64ms","environment":"development","ip":"::1","level":"info","message":"HTTP Request","method":"GET","service":"kanyr-backend","statusCode":304,"timestamp":"2026-03-19 12:25:21.633","type":"http","url":"/api/rooms/6/occupancy","userAgent":"Mozilla/5.0 (Windows NT 10.0; Win64; x64) AppleWebKit/537.36 (KHTML, like Gecko) Chrome/146.0.0.0 Safari/537.36","userId":null}
{"environment":"development","ip":"::1","key":"ip:::1","level":"warn","message":"Suspicious activity detected","method":"GET","path":"/api/students/statistics","requestCount":57,"service":"kanyr-backend","timestamp":"2026-03-19 12:25:24.801","userAgent":"Mozilla/5.0 (Windows NT 10.0; Win64; x64) AppleWebKit/537.36 (KHTML, like Gecko) Chrome/146.0.0.0 Safari/537.36"}
{"environment":"development","level":"debug","message":"SQL Query","service":"kanyr-backend","sql":"Executing (default): SELECT `id`, `token`, `user_id`, `expires_at`, `revoked_at` FROM `revoked_tokens` AS `RevokedToken` WHERE `RevokedToken`.`token` = 'eyJhbGciOiJIUzI1NiIsInR5cCI6IkpXVCJ9.eyJkYXRhIjoiVUhpRlk1UVAxUzVEV1VkZ1VQVjhEUT09Oi9tZXE2enkrd1R6T0hsWTRLWUJtbEE9PTpsTUFTcTkydmp1RmlINUEvZmdHcSs2aHBBaDh0aVRHbUNWOGg2S09WMzVGMWs4Z3hIbmZ4dzVHaE9mRWxrTk1JMDBRQ0l5WXYyZEtmQ1NCQ0dWeVhFYmQrRzYyUTdUTUhXMFZmMXl4blJvZ0xmNDl6TFNzPSIsImlhdCI6MTc3MzkxODg4NiwiZXhwIjoxNzc0MDA1Mjg2fQ.VAIm4WIwcNKJZYRQB5SoyrfI3HATkek21g4ntNKixYI' LIMIT 1;","timestamp":"2026-03-19 12:25:24.808","type":"database"}
{"environment":"development","level":"debug","message":"SQL Query","service":"kanyr-backend","sql":"Executing (default): SELECT `user_id`, `username`, `email`, `password`, `admin`, `diak_id`, `token_version`, `last_password_change`, `security_flags`, `deleted_at`, `created_at`, `updated_at` FROM `felhasznalos` AS `Felhasznalo` WHERE (`Felhasznalo`.`deleted_at` IS NULL AND `Felhasznalo`.`user_id` = 1);","timestamp":"2026-03-19 12:25:24.822","type":"database"}
{"duration":"37ms","environment":"development","ip":"::1","level":"info","message":"HTTP Request","method":"GET","service":"kanyr-backend","statusCode":304,"timestamp":"2026-03-19 12:25:24.843","type":"http","url":"/api/students/statistics","userAgent":"Mozilla/5.0 (Windows NT 10.0; Win64; x64) AppleWebKit/537.36 (KHTML, like Gecko) Chrome/146.0.0.0 Safari/537.36","userId":null}
{"environment":"development","ip":"::1","key":"ip:::1","level":"warn","message":"Suspicious activity detected","method":"GET","path":"/api/rooms","requestCount":58,"service":"kanyr-backend","timestamp":"2026-03-19 12:25:24.864","userAgent":"Mozilla/5.0 (Windows NT 10.0; Win64; x64) AppleWebKit/537.36 (KHTML, like Gecko) Chrome/146.0.0.0 Safari/537.36"}
{"environment":"development","level":"debug","message":"SQL Query","service":"kanyr-backend","sql":"Executing (default): SELECT `id`, `token`, `user_id`, `expires_at`, `revoked_at` FROM `revoked_tokens` AS `RevokedToken` WHERE `RevokedToken`.`token` = 'eyJhbGciOiJIUzI1NiIsInR5cCI6IkpXVCJ9.eyJkYXRhIjoiVUhpRlk1UVAxUzVEV1VkZ1VQVjhEUT09Oi9tZXE2enkrd1R6T0hsWTRLWUJtbEE9PTpsTUFTcTkydmp1RmlINUEvZmdHcSs2aHBBaDh0aVRHbUNWOGg2S09WMzVGMWs4Z3hIbmZ4dzVHaE9mRWxrTk1JMDBRQ0l5WXYyZEtmQ1NCQ0dWeVhFYmQrRzYyUTdUTUhXMFZmMXl4blJvZ0xmNDl6TFNzPSIsImlhdCI6MTc3MzkxODg4NiwiZXhwIjoxNzc0MDA1Mjg2fQ.VAIm4WIwcNKJZYRQB5SoyrfI3HATkek21g4ntNKixYI' LIMIT 1;","timestamp":"2026-03-19 12:25:24.870","type":"database"}
{"environment":"development","level":"debug","message":"SQL Query","service":"kanyr-backend","sql":"Executing (default): SELECT `user_id`, `username`, `email`, `password`, `admin`, `diak_id`, `token_version`, `last_password_change`, `security_flags`, `deleted_at`, `created_at`, `updated_at` FROM `felhasznalos` AS `Felhasznalo` WHERE (`Felhasznalo`.`deleted_at` IS NULL AND `Felhasznalo`.`user_id` = 1);","timestamp":"2026-03-19 12:25:24.879","type":"database"}
{"duration":"20ms","environment":"development","ip":"::1","level":"info","message":"HTTP Request","method":"GET","service":"kanyr-backend","statusCode":304,"timestamp":"2026-03-19 12:25:24.883","type":"http","url":"/api/rooms","userAgent":"Mozilla/5.0 (Windows NT 10.0; Win64; x64) AppleWebKit/537.36 (KHTML, like Gecko) Chrome/146.0.0.0 Safari/537.36","userId":null}
{"environment":"development","ip":"::1","key":"ip:::1","level":"warn","message":"Suspicious activity detected","method":"GET","path":"/api/students","requestCount":59,"service":"kanyr-backend","timestamp":"2026-03-19 12:25:24.897","userAgent":"Mozilla/5.0 (Windows NT 10.0; Win64; x64) AppleWebKit/537.36 (KHTML, like Gecko) Chrome/146.0.0.0 Safari/537.36"}
{"environment":"development","level":"debug","message":"SQL Query","service":"kanyr-backend","sql":"Executing (default): SELECT `id`, `token`, `user_id`, `expires_at`, `revoked_at` FROM `revoked_tokens` AS `RevokedToken` WHERE `RevokedToken`.`token` = 'eyJhbGciOiJIUzI1NiIsInR5cCI6IkpXVCJ9.eyJkYXRhIjoiVUhpRlk1UVAxUzVEV1VkZ1VQVjhEUT09Oi9tZXE2enkrd1R6T0hsWTRLWUJtbEE9PTpsTUFTcTkydmp1RmlINUEvZmdHcSs2aHBBaDh0aVRHbUNWOGg2S09WMzVGMWs4Z3hIbmZ4dzVHaE9mRWxrTk1JMDBRQ0l5WXYyZEtmQ1NCQ0dWeVhFYmQrRzYyUTdUTUhXMFZmMXl4blJvZ0xmNDl6TFNzPSIsImlhdCI6MTc3MzkxODg4NiwiZXhwIjoxNzc0MDA1Mjg2fQ.VAIm4WIwcNKJZYRQB5SoyrfI3HATkek21g4ntNKixYI' LIMIT 1;","timestamp":"2026-03-19 12:25:24.900","type":"database"}
{"environment":"development","level":"debug","message":"SQL Query","service":"kanyr-backend","sql":"Executing (default): SELECT `user_id`, `username`, `email`, `password`, `admin`, `diak_id`, `token_version`, `last_password_change`, `security_flags`, `deleted_at`, `created_at`, `updated_at` FROM `felhasznalos` AS `Felhasznalo` WHERE (`Felhasznalo`.`deleted_at` IS NULL AND `Felhasznalo`.`user_id` = 1);","timestamp":"2026-03-19 12:25:24.909","type":"database"}
{"environment":"development","level":"debug","message":"SQL Query","service":"kanyr-backend","sql":"Executing (default): SELECT count(*) AS `count` FROM `diaks` AS `Diak` WHERE (`Diak`.`deleted_at` IS NULL);","timestamp":"2026-03-19 12:25:24.913","type":"database"}
{"environment":"development","level":"debug","message":"SQL Query","service":"kanyr-backend","sql":"Executing (default): SELECT `Diak`.*, `szulo`.`szulo_id` AS `szulo.szulo_id`, `szulo`.`nev` AS `szulo.nev`, `szulo`.`email` AS `szulo.email`, `szulo`.`telefonszam` AS `szulo.telefonszam`, `szulo`.`szemelyi_igazolvany_szam` AS `szulo.szemelyi_igazolvany_szam`, `szulo`.`cim_id` AS `szulo.cim_id`, `szulo`.`deleted_at` AS `szulo.deleted_at`, `szulo`.`created_at` AS `szulo.created_at`, `szulo`.`updated_at` AS `szulo.updated_at`, `szulo->lakcim`.`cim_id` AS `szulo.lakcim.cim_id`, `szulo->lakcim`.`orszag` AS `szulo.lakcim.orszag`, `szulo->lakcim`.`iranyitoszam` AS `szulo.lakcim.iranyitoszam`, `szulo->lakcim`.`varos` AS `szulo.lakcim.varos`, `szulo->lakcim`.`utca_hazszam` AS `szulo.lakcim.utca_hazszam`, `szulo->lakcim`.`deleted_at` AS `szulo.lakcim.deleted_at`, `szulo->lakcim`.`created_at` AS `szulo.lakcim.created_at`, `szulo->lakcim`.`updated_at` AS `szulo.lakcim.updated_at`, `lakcim`.`cim_id` AS `lakcim.cim_id`, `lakcim`.`orszag` AS `lakcim.orszag`, `lakcim`.`iranyitoszam` AS `lakcim.iranyitoszam`, `lakcim`.`varos` AS `lakcim.varos`, `lakcim`.`utca_hazszam` AS `lakcim.utca_hazszam`, `lakcim`.`deleted_at` AS `lakcim.deleted_at`, `lakcim`.`created_at` AS `lakcim.created_at`, `lakcim`.`updated_at` AS `lakcim.updated_at`, `bekoltozesek`.`bekoltozes_id` AS `bekoltozesek.bekoltozes_id`, `bekoltozesek`.`diak_id` AS `bekoltozesek.diak_id`, `bekoltozesek`.`szoba_id` AS `bekoltozesek.szoba_id`, `bekoltozesek`.`bekoltozes_datum` AS `bekoltozesek.bekoltozes_datum`, `bekoltozesek`.`kikoltozes_datum` AS `bekoltozesek.kikoltozes_datum`, `bekoltozesek`.`deleted_at` AS `bekoltozesek.deleted_at`, `bekoltozesek`.`created_at` AS `bekoltozesek.created_at`, `bekoltozesek`.`updated_at` AS `bekoltozesek.updated_at`, `bekoltozesek->szoba`.`szoba_id` AS `bekoltozesek.szoba.szoba_id`, `bekoltozesek->szoba`.`szoba_szama` AS `bekoltozesek.szoba.szoba_szama`, `bekoltozesek->szoba`.`osszes_hely` AS `bekoltozesek.szoba.osszes_hely`, `bekoltozesek->szoba`.`deleted_at` AS `bekoltozesek.szoba.deleted_at`, `bekoltozesek->szoba`.`created_at` AS `bekoltozesek.szoba.created_at`, `bekoltozesek->szoba`.`updated_at` AS `bekoltozesek.szoba.updated_at` FROM (SELECT `Diak`.`diak_id`, `Diak`.`nev`, `Diak`.`email`, `Diak`.`telefonszam`, `Diak`.`szuletesi_datum`, `Diak`.`szemelyi_igazolvany_szam`, `Diak`.`taj_szam`, `Diak`.`diakigazolvany_szam`, `Diak`.`szulo_id`, `Diak`.`kapcsolat_tipusa`, `Diak`.`cim_id`, `Diak`.`nem`, `Diak`.`deleted_at`, `Diak`.`created_at`, `Diak`.`updated_at` FROM `diaks` AS `Diak` WHERE `Diak`.`deleted_at` IS NULL ORDER BY `Diak`.`nev` ASC LIMIT 0, 50) AS `Diak` LEFT OUTER JOIN `szulos` AS `szulo` ON `Diak`.`szulo_id` = `szulo`.`szulo_id` AND (`szulo`.`deleted_at` IS NULL) LEFT OUTER JOIN `lakcims` AS `szulo->lakcim` ON `szulo`.`cim_id` = `szulo->lakcim`.`cim_id` AND (`szulo->lakcim`.`deleted_at` IS NULL) LEFT OUTER JOIN `lakcims` AS `lakcim` ON `Diak`.`cim_id` = `lakcim`.`cim_id` AND (`lakcim`.`deleted_at` IS NULL) LEFT OUTER JOIN `szoba_bekoltozes` AS `bekoltozesek` ON `Diak`.`diak_id` = `bekoltozesek`.`diak_id` AND (`bekoltozesek`.`deleted_at` IS NULL) LEFT OUTER JOIN `szobas` AS `bekoltozesek->szoba` ON `bekoltozesek`.`szoba_id` = `bekoltozesek->szoba`.`szoba_id` AND (`bekoltozesek->szoba`.`deleted_at` IS NULL) ORDER BY `Diak`.`nev` ASC;","timestamp":"2026-03-19 12:25:24.927","type":"database"}
{"duration":"49ms","environment":"development","ip":"::1","level":"info","message":"HTTP Request","method":"GET","service":"kanyr-backend","statusCode":304,"timestamp":"2026-03-19 12:25:24.945","type":"http","url":"/api/students","userAgent":"Mozilla/5.0 (Windows NT 10.0; Win64; x64) AppleWebKit/537.36 (KHTML, like Gecko) Chrome/146.0.0.0 Safari/537.36","userId":null}
{"environment":"development","ip":"::1","key":"ip:::1","level":"warn","message":"Suspicious activity detected","method":"GET","path":"/api/room-changes/admin/notifications","requestCount":60,"service":"kanyr-backend","timestamp":"2026-03-19 12:25:26.518","userAgent":"Mozilla/5.0 (Windows NT 10.0; Win64; x64) AppleWebKit/537.36 (KHTML, like Gecko) Chrome/146.0.0.0 Safari/537.36"}
{"environment":"development","level":"debug","message":"SQL Query","service":"kanyr-backend","sql":"Executing (default): SELECT `id`, `token`, `user_id`, `expires_at`, `revoked_at` FROM `revoked_tokens` AS `RevokedToken` WHERE `RevokedToken`.`token` = 'eyJhbGciOiJIUzI1NiIsInR5cCI6IkpXVCJ9.eyJkYXRhIjoiVUhpRlk1UVAxUzVEV1VkZ1VQVjhEUT09Oi9tZXE2enkrd1R6T0hsWTRLWUJtbEE9PTpsTUFTcTkydmp1RmlINUEvZmdHcSs2aHBBaDh0aVRHbUNWOGg2S09WMzVGMWs4Z3hIbmZ4dzVHaE9mRWxrTk1JMDBRQ0l5WXYyZEtmQ1NCQ0dWeVhFYmQrRzYyUTdUTUhXMFZmMXl4blJvZ0xmNDl6TFNzPSIsImlhdCI6MTc3MzkxODg4NiwiZXhwIjoxNzc0MDA1Mjg2fQ.VAIm4WIwcNKJZYRQB5SoyrfI3HATkek21g4ntNKixYI' LIMIT 1;","timestamp":"2026-03-19 12:25:26.522","type":"database"}
{"environment":"development","ip":"::1","key":"ip:::1","level":"warn","message":"Suspicious activity detected","method":"GET","path":"/api/students/statistics","requestCount":61,"service":"kanyr-backend","timestamp":"2026-03-19 12:25:26.523","userAgent":"Mozilla/5.0 (Windows NT 10.0; Win64; x64) AppleWebKit/537.36 (KHTML, like Gecko) Chrome/146.0.0.0 Safari/537.36"}
{"environment":"development","level":"debug","message":"SQL Query","service":"kanyr-backend","sql":"Executing (default): SELECT `id`, `token`, `user_id`, `expires_at`, `revoked_at` FROM `revoked_tokens` AS `RevokedToken` WHERE `RevokedToken`.`token` = 'eyJhbGciOiJIUzI1NiIsInR5cCI6IkpXVCJ9.eyJkYXRhIjoiVUhpRlk1UVAxUzVEV1VkZ1VQVjhEUT09Oi9tZXE2enkrd1R6T0hsWTRLWUJtbEE9PTpsTUFTcTkydmp1RmlINUEvZmdHcSs2aHBBaDh0aVRHbUNWOGg2S09WMzVGMWs4Z3hIbmZ4dzVHaE9mRWxrTk1JMDBRQ0l5WXYyZEtmQ1NCQ0dWeVhFYmQrRzYyUTdUTUhXMFZmMXl4blJvZ0xmNDl6TFNzPSIsImlhdCI6MTc3MzkxODg4NiwiZXhwIjoxNzc0MDA1Mjg2fQ.VAIm4WIwcNKJZYRQB5SoyrfI3HATkek21g4ntNKixYI' LIMIT 1;","timestamp":"2026-03-19 12:25:26.546","type":"database"}
{"environment":"development","ip":"::1","key":"ip:::1","level":"warn","message":"Suspicious activity detected","method":"GET","path":"/api/auth/me","requestCount":62,"service":"kanyr-backend","timestamp":"2026-03-19 12:25:26.549","userAgent":"Mozilla/5.0 (Windows NT 10.0; Win64; x64) AppleWebKit/537.36 (KHTML, like Gecko) Chrome/146.0.0.0 Safari/537.36"}
{"environment":"development","level":"debug","message":"SQL Query","service":"kanyr-backend","sql":"Executing (default): SELECT `id`, `token`, `user_id`, `expires_at`, `revoked_at` FROM `revoked_tokens` AS `RevokedToken` WHERE `RevokedToken`.`token` = 'eyJhbGciOiJIUzI1NiIsInR5cCI6IkpXVCJ9.eyJkYXRhIjoiVUhpRlk1UVAxUzVEV1VkZ1VQVjhEUT09Oi9tZXE2enkrd1R6T0hsWTRLWUJtbEE9PTpsTUFTcTkydmp1RmlINUEvZmdHcSs2aHBBaDh0aVRHbUNWOGg2S09WMzVGMWs4Z3hIbmZ4dzVHaE9mRWxrTk1JMDBRQ0l5WXYyZEtmQ1NCQ0dWeVhFYmQrRzYyUTdUTUhXMFZmMXl4blJvZ0xmNDl6TFNzPSIsImlhdCI6MTc3MzkxODg4NiwiZXhwIjoxNzc0MDA1Mjg2fQ.VAIm4WIwcNKJZYRQB5SoyrfI3HATkek21g4ntNKixYI' LIMIT 1;","timestamp":"2026-03-19 12:25:26.564","type":"database"}
{"environment":"development","level":"debug","message":"SQL Query","service":"kanyr-backend","sql":"Executing (default): SELECT `user_id`, `username`, `email`, `password`, `admin`, `diak_id`, `token_version`, `last_password_change`, `security_flags`, `deleted_at`, `created_at`, `updated_at` FROM `felhasznalos` AS `Felhasznalo` WHERE (`Felhasznalo`.`deleted_at` IS NULL AND `Felhasznalo`.`user_id` = 1);","timestamp":"2026-03-19 12:25:26.569","type":"database"}
{"environment":"development","level":"debug","message":"SQL Query","service":"kanyr-backend","sql":"Executing (default): SELECT `user_id`, `username`, `email`, `password`, `admin`, `diak_id`, `token_version`, `last_password_change`, `security_flags`, `deleted_at`, `created_at`, `updated_at` FROM `felhasznalos` AS `Felhasznalo` WHERE (`Felhasznalo`.`deleted_at` IS NULL AND `Felhasznalo`.`user_id` = 1);","timestamp":"2026-03-19 12:25:26.580","type":"database"}
{"environment":"development","level":"debug","message":"SQL Query","service":"kanyr-backend","sql":"Executing (default): SELECT `user_id`, `username`, `email`, `password`, `admin`, `diak_id`, `token_version`, `last_password_change`, `security_flags`, `deleted_at`, `created_at`, `updated_at` FROM `felhasznalos` AS `Felhasznalo` WHERE (`Felhasznalo`.`deleted_at` IS NULL AND `Felhasznalo`.`user_id` = 1);","timestamp":"2026-03-19 12:25:26.581","type":"database"}
{"duration":"74ms","environment":"development","ip":"::1","level":"info","message":"HTTP Request","method":"GET","service":"kanyr-backend","statusCode":304,"timestamp":"2026-03-19 12:25:26.597","type":"http","url":"/api/students/statistics","userAgent":"Mozilla/5.0 (Windows NT 10.0; Win64; x64) AppleWebKit/537.36 (KHTML, like Gecko) Chrome/146.0.0.0 Safari/537.36","userId":null}
{"environment":"development","level":"debug","message":"SQL Query","service":"kanyr-backend","sql":"Executing (default): SELECT `Notification`.`notification_id`, `Notification`.`diak_id`, `Notification`.`szoba_valtoztatas_id`, `Notification`.`tipus`, `Notification`.`uzenet`, `Notification`.`elolvasva`, `Notification`.`deleted_at`, `Notification`.`created_at`, `Notification`.`updated_at`, `diak`.`diak_id` AS `diak.diak_id`, `diak`.`nev` AS `diak.nev`, `diak`.`email` AS `diak.email`, `diak`.`telefonszam` AS `diak.telefonszam`, `szoba_valtoztatas`.`valtoztatas_id` AS `szoba_valtoztatas.valtoztatas_id`, `szoba_valtoztatas`.`diak_id` AS `szoba_valtoztatas.diak_id`, `szoba_valtoztatas`.`jelenlegi_szoba_id` AS `szoba_valtoztatas.jelenlegi_szoba_id`, `szoba_valtoztatas`.`kivant_szoba_id` AS `szoba_valtoztatas.kivant_szoba_id`, `szoba_valtoztatas`.`statusz` AS `szoba_valtoztatas.statusz`, `szoba_valtoztatas`.`indok` AS `szoba_valtoztatas.indok`, `szoba_valtoztatas`.`academic_year` AS `szoba_valtoztatas.academic_year`, `szoba_valtoztatas`.`semester_count` AS `szoba_valtoztatas.semester_count`, `szoba_valtoztatas`.`deleted_at` AS `szoba_valtoztatas.deleted_at`, `szoba_valtoztatas`.`created_at` AS `szoba_valtoztatas.created_at`, `szoba_valtoztatas`.`updated_at` AS `szoba_valtoztatas.updated_at`, `szoba_valtoztatas->jelenlegi_szoba`.`szoba_id` AS `szoba_valtoztatas.jelenlegi_szoba.szoba_id`, `szoba_valtoztatas->jelenlegi_szoba`.`szoba_szama` AS `szoba_valtoztatas.jelenlegi_szoba.szoba_szama`, `szoba_valtoztatas->kivant_szoba`.`szoba_id` AS `szoba_valtoztatas.kivant_szoba.szoba_id`, `szoba_valtoztatas->kivant_szoba`.`szoba_szama` AS `szoba_valtoztatas.kivant_szoba.szoba_szama` FROM `notifications` AS `Notification` LEFT OUTER JOIN `diaks` AS `diak` ON `Notification`.`diak_id` = `diak`.`diak_id` AND (`diak`.`deleted_at` IS NULL) LEFT OUTER JOIN `szobavaltoztatas` AS `szoba_valtoztatas` ON `Notification`.`szoba_valtoztatas_id` = `szoba_valtoztatas`.`valtoztatas_id` AND (`szoba_valtoztatas`.`deleted_at` IS NULL) LEFT OUTER JOIN `szobas` AS `szoba_valtoztatas->jelenlegi_szoba` ON `szoba_valtoztatas`.`jelenlegi_szoba_id` = `szoba_valtoztatas->jelenlegi_szoba`.`szoba_id` AND (`szoba_valtoztatas->jelenlegi_szoba`.`deleted_at` IS NULL) LEFT OUTER JOIN `szobas` AS `szoba_valtoztatas->kivant_szoba` ON `szoba_valtoztatas`.`kivant_szoba_id` = `szoba_valtoztatas->kivant_szoba`.`szoba_id` AND (`szoba_valtoztatas->kivant_szoba`.`deleted_at` IS NULL) WHERE (`Notification`.`deleted_at` IS NULL) ORDER BY `Notification`.`created_at` DESC;","timestamp":"2026-03-19 12:25:26.603","type":"database"}
{"duration":"67ms","environment":"development","ip":"::1","level":"info","message":"HTTP Request","method":"GET","service":"kanyr-backend","statusCode":304,"timestamp":"2026-03-19 12:25:26.615","type":"http","url":"/api/auth/me","userAgent":"Mozilla/5.0 (Windows NT 10.0; Win64; x64) AppleWebKit/537.36 (KHTML, like Gecko) Chrome/146.0.0.0 Safari/537.36","userId":null}
{"duration":"133ms","environment":"development","ip":"::1","level":"info","message":"HTTP Request","method":"GET","service":"kanyr-backend","statusCode":304,"timestamp":"2026-03-19 12:25:26.652","type":"http","url":"/api/room-changes/admin/notifications","userAgent":"Mozilla/5.0 (Windows NT 10.0; Win64; x64) AppleWebKit/537.36 (KHTML, like Gecko) Chrome/146.0.0.0 Safari/537.36","userId":null}
{"environment":"development","ip":"::1","key":"ip:::1","level":"warn","message":"Suspicious activity detected","method":"GET","path":"/api/students/statistics","requestCount":63,"service":"kanyr-backend","timestamp":"2026-03-19 12:25:38.913","userAgent":"Mozilla/5.0 (Windows NT 10.0; Win64; x64) AppleWebKit/537.36 (KHTML, like Gecko) Chrome/146.0.0.0 Safari/537.36"}
{"environment":"development","level":"debug","message":"SQL Query","service":"kanyr-backend","sql":"Executing (default): SELECT `id`, `token`, `user_id`, `expires_at`, `revoked_at` FROM `revoked_tokens` AS `RevokedToken` WHERE `RevokedToken`.`token` = 'eyJhbGciOiJIUzI1NiIsInR5cCI6IkpXVCJ9.eyJkYXRhIjoiVUhpRlk1UVAxUzVEV1VkZ1VQVjhEUT09Oi9tZXE2enkrd1R6T0hsWTRLWUJtbEE9PTpsTUFTcTkydmp1RmlINUEvZmdHcSs2aHBBaDh0aVRHbUNWOGg2S09WMzVGMWs4Z3hIbmZ4dzVHaE9mRWxrTk1JMDBRQ0l5WXYyZEtmQ1NCQ0dWeVhFYmQrRzYyUTdUTUhXMFZmMXl4blJvZ0xmNDl6TFNzPSIsImlhdCI6MTc3MzkxODg4NiwiZXhwIjoxNzc0MDA1Mjg2fQ.VAIm4WIwcNKJZYRQB5SoyrfI3HATkek21g4ntNKixYI' LIMIT 1;","timestamp":"2026-03-19 12:25:38.916","type":"database"}
{"environment":"development","level":"debug","message":"SQL Query","service":"kanyr-backend","sql":"Executing (default): SELECT `user_id`, `username`, `email`, `password`, `admin`, `diak_id`, `token_version`, `last_password_change`, `security_flags`, `deleted_at`, `created_at`, `updated_at` FROM `felhasznalos` AS `Felhasznalo` WHERE (`Felhasznalo`.`deleted_at` IS NULL AND `Felhasznalo`.`user_id` = 1);","timestamp":"2026-03-19 12:25:38.919","type":"database"}
{"duration":"16ms","environment":"development","ip":"::1","level":"info","message":"HTTP Request","method":"GET","service":"kanyr-backend","statusCode":304,"timestamp":"2026-03-19 12:25:38.930","type":"http","url":"/api/students/statistics","userAgent":"Mozilla/5.0 (Windows NT 10.0; Win64; x64) AppleWebKit/537.36 (KHTML, like Gecko) Chrome/146.0.0.0 Safari/537.36","userId":null}
{"environment":"development","ip":"::1","key":"ip:::1","level":"warn","message":"Suspicious activity detected","method":"GET","path":"/api/rooms","requestCount":64,"service":"kanyr-backend","timestamp":"2026-03-19 12:25:40.518","userAgent":"Mozilla/5.0 (Windows NT 10.0; Win64; x64) AppleWebKit/537.36 (KHTML, like Gecko) Chrome/146.0.0.0 Safari/537.36"}
{"environment":"development","level":"debug","message":"SQL Query","service":"kanyr-backend","sql":"Executing (default): SELECT `id`, `token`, `user_id`, `expires_at`, `revoked_at` FROM `revoked_tokens` AS `RevokedToken` WHERE `RevokedToken`.`token` = 'eyJhbGciOiJIUzI1NiIsInR5cCI6IkpXVCJ9.eyJkYXRhIjoiVUhpRlk1UVAxUzVEV1VkZ1VQVjhEUT09Oi9tZXE2enkrd1R6T0hsWTRLWUJtbEE9PTpsTUFTcTkydmp1RmlINUEvZmdHcSs2aHBBaDh0aVRHbUNWOGg2S09WMzVGMWs4Z3hIbmZ4dzVHaE9mRWxrTk1JMDBRQ0l5WXYyZEtmQ1NCQ0dWeVhFYmQrRzYyUTdUTUhXMFZmMXl4blJvZ0xmNDl6TFNzPSIsImlhdCI6MTc3MzkxODg4NiwiZXhwIjoxNzc0MDA1Mjg2fQ.VAIm4WIwcNKJZYRQB5SoyrfI3HATkek21g4ntNKixYI' LIMIT 1;","timestamp":"2026-03-19 12:25:40.522","type":"database"}
{"environment":"development","ip":"::1","key":"ip:::1","level":"warn","message":"Suspicious activity detected","method":"GET","path":"/api/rooms/available","requestCount":65,"service":"kanyr-backend","timestamp":"2026-03-19 12:25:40.535","userAgent":"Mozilla/5.0 (Windows NT 10.0; Win64; x64) AppleWebKit/537.36 (KHTML, like Gecko) Chrome/146.0.0.0 Safari/537.36"}
{"environment":"development","level":"debug","message":"SQL Query","service":"kanyr-backend","sql":"Executing (default): SELECT `id`, `token`, `user_id`, `expires_at`, `revoked_at` FROM `revoked_tokens` AS `RevokedToken` WHERE `RevokedToken`.`token` = 'eyJhbGciOiJIUzI1NiIsInR5cCI6IkpXVCJ9.eyJkYXRhIjoiVUhpRlk1UVAxUzVEV1VkZ1VQVjhEUT09Oi9tZXE2enkrd1R6T0hsWTRLWUJtbEE9PTpsTUFTcTkydmp1RmlINUEvZmdHcSs2aHBBaDh0aVRHbUNWOGg2S09WMzVGMWs4Z3hIbmZ4dzVHaE9mRWxrTk1JMDBRQ0l5WXYyZEtmQ1NCQ0dWeVhFYmQrRzYyUTdUTUhXMFZmMXl4blJvZ0xmNDl6TFNzPSIsImlhdCI6MTc3MzkxODg4NiwiZXhwIjoxNzc0MDA1Mjg2fQ.VAIm4WIwcNKJZYRQB5SoyrfI3HATkek21g4ntNKixYI' LIMIT 1;","timestamp":"2026-03-19 12:25:40.549","type":"database"}
{"environment":"development","ip":"::1","key":"ip:::1","level":"warn","message":"Suspicious activity detected","method":"GET","path":"/api/students","requestCount":66,"service":"kanyr-backend","timestamp":"2026-03-19 12:25:40.554","userAgent":"Mozilla/5.0 (Windows NT 10.0; Win64; x64) AppleWebKit/537.36 (KHTML, like Gecko) Chrome/146.0.0.0 Safari/537.36"}
{"environment":"development","level":"debug","message":"SQL Query","service":"kanyr-backend","sql":"Executing (default): SELECT `id`, `token`, `user_id`, `expires_at`, `revoked_at` FROM `revoked_tokens` AS `RevokedToken` WHERE `RevokedToken`.`token` = 'eyJhbGciOiJIUzI1NiIsInR5cCI6IkpXVCJ9.eyJkYXRhIjoiVUhpRlk1UVAxUzVEV1VkZ1VQVjhEUT09Oi9tZXE2enkrd1R6T0hsWTRLWUJtbEE9PTpsTUFTcTkydmp1RmlINUEvZmdHcSs2aHBBaDh0aVRHbUNWOGg2S09WMzVGMWs4Z3hIbmZ4dzVHaE9mRWxrTk1JMDBRQ0l5WXYyZEtmQ1NCQ0dWeVhFYmQrRzYyUTdUTUhXMFZmMXl4blJvZ0xmNDl6TFNzPSIsImlhdCI6MTc3MzkxODg4NiwiZXhwIjoxNzc0MDA1Mjg2fQ.VAIm4WIwcNKJZYRQB5SoyrfI3HATkek21g4ntNKixYI' LIMIT 1;","timestamp":"2026-03-19 12:25:40.565","type":"database"}
{"environment":"development","level":"debug","message":"SQL Query","service":"kanyr-backend","sql":"Executing (default): SELECT `user_id`, `username`, `email`, `password`, `admin`, `diak_id`, `token_version`, `last_password_change`, `security_flags`, `deleted_at`, `created_at`, `updated_at` FROM `felhasznalos` AS `Felhasznalo` WHERE (`Felhasznalo`.`deleted_at` IS NULL AND `Felhasznalo`.`user_id` = 1);","timestamp":"2026-03-19 12:25:40.567","type":"database"}
{"environment":"development","level":"debug","message":"SQL Query","service":"kanyr-backend","sql":"Executing (default): SELECT `user_id`, `username`, `email`, `password`, `admin`, `diak_id`, `token_version`, `last_password_change`, `security_flags`, `deleted_at`, `created_at`, `updated_at` FROM `felhasznalos` AS `Felhasznalo` WHERE (`Felhasznalo`.`deleted_at` IS NULL AND `Felhasznalo`.`user_id` = 1);","timestamp":"2026-03-19 12:25:40.571","type":"database"}
{"environment":"development","level":"debug","message":"SQL Query","service":"kanyr-backend","sql":"Executing (default): SELECT `user_id`, `username`, `email`, `password`, `admin`, `diak_id`, `token_version`, `last_password_change`, `security_flags`, `deleted_at`, `created_at`, `updated_at` FROM `felhasznalos` AS `Felhasznalo` WHERE (`Felhasznalo`.`deleted_at` IS NULL AND `Felhasznalo`.`user_id` = 1);","timestamp":"2026-03-19 12:25:40.584","type":"database"}
{"duration":"70ms","environment":"development","ip":"::1","level":"info","message":"HTTP Request","method":"GET","service":"kanyr-backend","statusCode":304,"timestamp":"2026-03-19 12:25:40.605","type":"http","url":"/api/rooms","userAgent":"Mozilla/5.0 (Windows NT 10.0; Win64; x64) AppleWebKit/537.36 (KHTML, like Gecko) Chrome/146.0.0.0 Safari/537.36","userId":null}
{"environment":"development","ip":"::1","key":"ip:::1","level":"warn","message":"Suspicious activity detected","method":"GET","path":"/api/rooms/1/occupancy","requestCount":67,"service":"kanyr-backend","timestamp":"2026-03-19 12:25:40.618","userAgent":"Mozilla/5.0 (Windows NT 10.0; Win64; x64) AppleWebKit/537.36 (KHTML, like Gecko) Chrome/146.0.0.0 Safari/537.36"}
{"environment":"development","level":"debug","message":"SQL Query","service":"kanyr-backend","sql":"Executing (default): SELECT `id`, `token`, `user_id`, `expires_at`, `revoked_at` FROM `revoked_tokens` AS `RevokedToken` WHERE `RevokedToken`.`token` = 'eyJhbGciOiJIUzI1NiIsInR5cCI6IkpXVCJ9.eyJkYXRhIjoiVUhpRlk1UVAxUzVEV1VkZ1VQVjhEUT09Oi9tZXE2enkrd1R6T0hsWTRLWUJtbEE9PTpsTUFTcTkydmp1RmlINUEvZmdHcSs2aHBBaDh0aVRHbUNWOGg2S09WMzVGMWs4Z3hIbmZ4dzVHaE9mRWxrTk1JMDBRQ0l5WXYyZEtmQ1NCQ0dWeVhFYmQrRzYyUTdUTUhXMFZmMXl4blJvZ0xmNDl6TFNzPSIsImlhdCI6MTc3MzkxODg4NiwiZXhwIjoxNzc0MDA1Mjg2fQ.VAIm4WIwcNKJZYRQB5SoyrfI3HATkek21g4ntNKixYI' LIMIT 1;","timestamp":"2026-03-19 12:25:40.630","type":"database"}
{"environment":"development","ip":"::1","key":"ip:::1","level":"warn","message":"Suspicious activity detected","method":"GET","path":"/api/rooms/2/occupancy","requestCount":68,"service":"kanyr-backend","timestamp":"2026-03-19 12:25:40.633","userAgent":"Mozilla/5.0 (Windows NT 10.0; Win64; x64) AppleWebKit/537.36 (KHTML, like Gecko) Chrome/146.0.0.0 Safari/537.36"}
{"environment":"development","level":"debug","message":"SQL Query","service":"kanyr-backend","sql":"Executing (default): SELECT `id`, `token`, `user_id`, `expires_at`, `revoked_at` FROM `revoked_tokens` AS `RevokedToken` WHERE `RevokedToken`.`token` = 'eyJhbGciOiJIUzI1NiIsInR5cCI6IkpXVCJ9.eyJkYXRhIjoiVUhpRlk1UVAxUzVEV1VkZ1VQVjhEUT09Oi9tZXE2enkrd1R6T0hsWTRLWUJtbEE9PTpsTUFTcTkydmp1RmlINUEvZmdHcSs2aHBBaDh0aVRHbUNWOGg2S09WMzVGMWs4Z3hIbmZ4dzVHaE9mRWxrTk1JMDBRQ0l5WXYyZEtmQ1NCQ0dWeVhFYmQrRzYyUTdUTUhXMFZmMXl4blJvZ0xmNDl6TFNzPSIsImlhdCI6MTc3MzkxODg4NiwiZXhwIjoxNzc0MDA1Mjg2fQ.VAIm4WIwcNKJZYRQB5SoyrfI3HATkek21g4ntNKixYI' LIMIT 1;","timestamp":"2026-03-19 12:25:40.647","type":"database"}
{"duration":"118ms","environment":"development","ip":"::1","level":"info","message":"HTTP Request","method":"GET","service":"kanyr-backend","statusCode":304,"timestamp":"2026-03-19 12:25:40.653","type":"http","url":"/api/rooms/available","userAgent":"Mozilla/5.0 (Windows NT 10.0; Win64; x64) AppleWebKit/537.36 (KHTML, like Gecko) Chrome/146.0.0.0 Safari/537.36","userId":null}
{"environment":"development","level":"debug","message":"SQL Query","service":"kanyr-backend","sql":"Executing (default): SELECT count(*) AS `count` FROM `diaks` AS `Diak` WHERE (`Diak`.`deleted_at` IS NULL);","timestamp":"2026-03-19 12:25:40.670","type":"database"}
{"environment":"development","ip":"::1","key":"ip:::1","level":"warn","message":"Suspicious activity detected","method":"GET","path":"/api/rooms/3/occupancy","requestCount":69,"service":"kanyr-backend","timestamp":"2026-03-19 12:25:40.682","userAgent":"Mozilla/5.0 (Windows NT 10.0; Win64; x64) AppleWebKit/537.36 (KHTML, like Gecko) Chrome/146.0.0.0 Safari/537.36"}
{"environment":"development","level":"debug","message":"SQL Query","service":"kanyr-backend","sql":"Executing (default): SELECT `id`, `token`, `user_id`, `expires_at`, `revoked_at` FROM `revoked_tokens` AS `RevokedToken` WHERE `RevokedToken`.`token` = 'eyJhbGciOiJIUzI1NiIsInR5cCI6IkpXVCJ9.eyJkYXRhIjoiVUhpRlk1UVAxUzVEV1VkZ1VQVjhEUT09Oi9tZXE2enkrd1R6T0hsWTRLWUJtbEE9PTpsTUFTcTkydmp1RmlINUEvZmdHcSs2aHBBaDh0aVRHbUNWOGg2S09WMzVGMWs4Z3hIbmZ4dzVHaE9mRWxrTk1JMDBRQ0l5WXYyZEtmQ1NCQ0dWeVhFYmQrRzYyUTdUTUhXMFZmMXl4blJvZ0xmNDl6TFNzPSIsImlhdCI6MTc3MzkxODg4NiwiZXhwIjoxNzc0MDA1Mjg2fQ.VAIm4WIwcNKJZYRQB5SoyrfI3HATkek21g4ntNKixYI' LIMIT 1;","timestamp":"2026-03-19 12:25:40.687","type":"database"}
{"environment":"development","ip":"::1","key":"ip:::1","level":"warn","message":"Suspicious activity detected","method":"GET","path":"/api/rooms/4/occupancy","requestCount":70,"service":"kanyr-backend","timestamp":"2026-03-19 12:25:40.701","userAgent":"Mozilla/5.0 (Windows NT 10.0; Win64; x64) AppleWebKit/537.36 (KHTML, like Gecko) Chrome/146.0.0.0 Safari/537.36"}
{"environment":"development","level":"debug","message":"SQL Query","service":"kanyr-backend","sql":"Executing (default): SELECT `id`, `token`, `user_id`, `expires_at`, `revoked_at` FROM `revoked_tokens` AS `RevokedToken` WHERE `RevokedToken`.`token` = 'eyJhbGciOiJIUzI1NiIsInR5cCI6IkpXVCJ9.eyJkYXRhIjoiVUhpRlk1UVAxUzVEV1VkZ1VQVjhEUT09Oi9tZXE2enkrd1R6T0hsWTRLWUJtbEE9PTpsTUFTcTkydmp1RmlINUEvZmdHcSs2aHBBaDh0aVRHbUNWOGg2S09WMzVGMWs4Z3hIbmZ4dzVHaE9mRWxrTk1JMDBRQ0l5WXYyZEtmQ1NCQ0dWeVhFYmQrRzYyUTdUTUhXMFZmMXl4blJvZ0xmNDl6TFNzPSIsImlhdCI6MTc3MzkxODg4NiwiZXhwIjoxNzc0MDA1Mjg2fQ.VAIm4WIwcNKJZYRQB5SoyrfI3HATkek21g4ntNKixYI' LIMIT 1;","timestamp":"2026-03-19 12:25:40.705","type":"database"}
{"environment":"development","ip":"::1","key":"ip:::1","level":"warn","message":"Suspicious activity detected","method":"GET","path":"/api/rooms/5/occupancy","requestCount":71,"service":"kanyr-backend","timestamp":"2026-03-19 12:25:40.717","userAgent":"Mozilla/5.0 (Windows NT 10.0; Win64; x64) AppleWebKit/537.36 (KHTML, like Gecko) Chrome/146.0.0.0 Safari/537.36"}
{"environment":"development","level":"debug","message":"SQL Query","service":"kanyr-backend","sql":"Executing (default): SELECT `id`, `token`, `user_id`, `expires_at`, `revoked_at` FROM `revoked_tokens` AS `RevokedToken` WHERE `RevokedToken`.`token` = 'eyJhbGciOiJIUzI1NiIsInR5cCI6IkpXVCJ9.eyJkYXRhIjoiVUhpRlk1UVAxUzVEV1VkZ1VQVjhEUT09Oi9tZXE2enkrd1R6T0hsWTRLWUJtbEE9PTpsTUFTcTkydmp1RmlINUEvZmdHcSs2aHBBaDh0aVRHbUNWOGg2S09WMzVGMWs4Z3hIbmZ4dzVHaE9mRWxrTk1JMDBRQ0l5WXYyZEtmQ1NCQ0dWeVhFYmQrRzYyUTdUTUhXMFZmMXl4blJvZ0xmNDl6TFNzPSIsImlhdCI6MTc3MzkxODg4NiwiZXhwIjoxNzc0MDA1Mjg2fQ.VAIm4WIwcNKJZYRQB5SoyrfI3HATkek21g4ntNKixYI' LIMIT 1;","timestamp":"2026-03-19 12:25:40.721","type":"database"}
{"environment":"development","level":"debug","message":"SQL Query","service":"kanyr-backend","sql":"Executing (default): SELECT `user_id`, `username`, `email`, `password`, `admin`, `diak_id`, `token_version`, `last_password_change`, `security_flags`, `deleted_at`, `created_at`, `updated_at` FROM `felhasznalos` AS `Felhasznalo` WHERE (`Felhasznalo`.`deleted_at` IS NULL AND `Felhasznalo`.`user_id` = 1);","timestamp":"2026-03-19 12:25:40.735","type":"database"}
{"environment":"development","level":"debug","message":"SQL Query","service":"kanyr-backend","sql":"Executing (default): SELECT `user_id`, `username`, `email`, `password`, `admin`, `diak_id`, `token_version`, `last_password_change`, `security_flags`, `deleted_at`, `created_at`, `updated_at` FROM `felhasznalos` AS `Felhasznalo` WHERE (`Felhasznalo`.`deleted_at` IS NULL AND `Felhasznalo`.`user_id` = 1);","timestamp":"2026-03-19 12:25:40.736","type":"database"}
{"environment":"development","level":"debug","message":"SQL Query","service":"kanyr-backend","sql":"Executing (default): SELECT `Diak`.*, `szulo`.`szulo_id` AS `szulo.szulo_id`, `szulo`.`nev` AS `szulo.nev`, `szulo`.`email` AS `szulo.email`, `szulo`.`telefonszam` AS `szulo.telefonszam`, `szulo`.`szemelyi_igazolvany_szam` AS `szulo.szemelyi_igazolvany_szam`, `szulo`.`cim_id` AS `szulo.cim_id`, `szulo`.`deleted_at` AS `szulo.deleted_at`, `szulo`.`created_at` AS `szulo.created_at`, `szulo`.`updated_at` AS `szulo.updated_at`, `szulo->lakcim`.`cim_id` AS `szulo.lakcim.cim_id`, `szulo->lakcim`.`orszag` AS `szulo.lakcim.orszag`, `szulo->lakcim`.`iranyitoszam` AS `szulo.lakcim.iranyitoszam`, `szulo->lakcim`.`varos` AS `szulo.lakcim.varos`, `szulo->lakcim`.`utca_hazszam` AS `szulo.lakcim.utca_hazszam`, `szulo->lakcim`.`deleted_at` AS `szulo.lakcim.deleted_at`, `szulo->lakcim`.`created_at` AS `szulo.lakcim.created_at`, `szulo->lakcim`.`updated_at` AS `szulo.lakcim.updated_at`, `lakcim`.`cim_id` AS `lakcim.cim_id`, `lakcim`.`orszag` AS `lakcim.orszag`, `lakcim`.`iranyitoszam` AS `lakcim.iranyitoszam`, `lakcim`.`varos` AS `lakcim.varos`, `lakcim`.`utca_hazszam` AS `lakcim.utca_hazszam`, `lakcim`.`deleted_at` AS `lakcim.deleted_at`, `lakcim`.`created_at` AS `lakcim.created_at`, `lakcim`.`updated_at` AS `lakcim.updated_at`, `bekoltozesek`.`bekoltozes_id` AS `bekoltozesek.bekoltozes_id`, `bekoltozesek`.`diak_id` AS `bekoltozesek.diak_id`, `bekoltozesek`.`szoba_id` AS `bekoltozesek.szoba_id`, `bekoltozesek`.`bekoltozes_datum` AS `bekoltozesek.bekoltozes_datum`, `bekoltozesek`.`kikoltozes_datum` AS `bekoltozesek.kikoltozes_datum`, `bekoltozesek`.`deleted_at` AS `bekoltozesek.deleted_at`, `bekoltozesek`.`created_at` AS `bekoltozesek.created_at`, `bekoltozesek`.`updated_at` AS `bekoltozesek.updated_at`, `bekoltozesek->szoba`.`szoba_id` AS `bekoltozesek.szoba.szoba_id`, `bekoltozesek->szoba`.`szoba_szama` AS `bekoltozesek.szoba.szoba_szama`, `bekoltozesek->szoba`.`osszes_hely` AS `bekoltozesek.szoba.osszes_hely`, `bekoltozesek->szoba`.`deleted_at` AS `bekoltozesek.szoba.deleted_at`, `bekoltozesek->szoba`.`created_at` AS `bekoltozesek.szoba.created_at`, `bekoltozesek->szoba`.`updated_at` AS `bekoltozesek.szoba.updated_at` FROM (SELECT `Diak`.`diak_id`, `Diak`.`nev`, `Diak`.`email`, `Diak`.`telefonszam`, `Diak`.`szuletesi_datum`, `Diak`.`szemelyi_igazolvany_szam`, `Diak`.`taj_szam`, `Diak`.`diakigazolvany_szam`, `Diak`.`szulo_id`, `Diak`.`kapcsolat_tipusa`, `Diak`.`cim_id`, `Diak`.`nem`, `Diak`.`deleted_at`, `Diak`.`created_at`, `Diak`.`updated_at` FROM `diaks` AS `Diak` WHERE `Diak`.`deleted_at` IS NULL ORDER BY `Diak`.`nev` ASC LIMIT 0, 50) AS `Diak` LEFT OUTER JOIN `szulos` AS `szulo` ON `Diak`.`szulo_id` = `szulo`.`szulo_id` AND (`szulo`.`deleted_at` IS NULL) LEFT OUTER JOIN `lakcims` AS `szulo->lakcim` ON `szulo`.`cim_id` = `szulo->lakcim`.`cim_id` AND (`szulo->lakcim`.`deleted_at` IS NULL) LEFT OUTER JOIN `lakcims` AS `lakcim` ON `Diak`.`cim_id` = `lakcim`.`cim_id` AND (`lakcim`.`deleted_at` IS NULL) LEFT OUTER JOIN `szoba_bekoltozes` AS `bekoltozesek` ON `Diak`.`diak_id` = `bekoltozesek`.`diak_id` AND (`bekoltozesek`.`deleted_at` IS NULL) LEFT OUTER JOIN `szobas` AS `bekoltozesek->szoba` ON `bekoltozesek`.`szoba_id` = `bekoltozesek->szoba`.`szoba_id` AND (`bekoltozesek->szoba`.`deleted_at` IS NULL) ORDER BY `Diak`.`nev` ASC;","timestamp":"2026-03-19 12:25:40.748","type":"database"}
{"environment":"development","level":"debug","message":"SQL Query","service":"kanyr-backend","sql":"Executing (default): SELECT `user_id`, `username`, `email`, `password`, `admin`, `diak_id`, `token_version`, `last_password_change`, `security_flags`, `deleted_at`, `created_at`, `updated_at` FROM `felhasznalos` AS `Felhasznalo` WHERE (`Felhasznalo`.`deleted_at` IS NULL AND `Felhasznalo`.`user_id` = 1);","timestamp":"2026-03-19 12:25:40.749","type":"database"}
{"environment":"development","level":"debug","message":"SQL Query","service":"kanyr-backend","sql":"Executing (default): SELECT `user_id`, `username`, `email`, `password`, `admin`, `diak_id`, `token_version`, `last_password_change`, `security_flags`, `deleted_at`, `created_at`, `updated_at` FROM `felhasznalos` AS `Felhasznalo` WHERE (`Felhasznalo`.`deleted_at` IS NULL AND `Felhasznalo`.`user_id` = 1);","timestamp":"2026-03-19 12:25:40.751","type":"database"}
{"environment":"development","level":"debug","message":"SQL Query","service":"kanyr-backend","sql":"Executing (default): SELECT `user_id`, `username`, `email`, `password`, `admin`, `diak_id`, `token_version`, `last_password_change`, `security_flags`, `deleted_at`, `created_at`, `updated_at` FROM `felhasznalos` AS `Felhasznalo` WHERE (`Felhasznalo`.`deleted_at` IS NULL AND `Felhasznalo`.`user_id` = 1);","timestamp":"2026-03-19 12:25:40.754","type":"database"}
{"duration":"149ms","environment":"development","ip":"::1","level":"info","message":"HTTP Request","method":"GET","service":"kanyr-backend","statusCode":304,"timestamp":"2026-03-19 12:25:40.767","type":"http","url":"/api/rooms/1/occupancy","userAgent":"Mozilla/5.0 (Windows NT 10.0; Win64; x64) AppleWebKit/537.36 (KHTML, like Gecko) Chrome/146.0.0.0 Safari/537.36","userId":null}
{"duration":"98ms","environment":"development","ip":"::1","level":"info","message":"HTTP Request","method":"GET","service":"kanyr-backend","statusCode":304,"timestamp":"2026-03-19 12:25:40.780","type":"http","url":"/api/rooms/3/occupancy","userAgent":"Mozilla/5.0 (Windows NT 10.0; Win64; x64) AppleWebKit/537.36 (KHTML, like Gecko) Chrome/146.0.0.0 Safari/537.36","userId":null}
{"duration":"250ms","environment":"development","ip":"::1","level":"info","message":"HTTP Request","method":"GET","service":"kanyr-backend","statusCode":304,"timestamp":"2026-03-19 12:25:40.801","type":"http","url":"/api/students","userAgent":"Mozilla/5.0 (Windows NT 10.0; Win64; x64) AppleWebKit/537.36 (KHTML, like Gecko) Chrome/146.0.0.0 Safari/537.36","userId":null}
{"duration":"116ms","environment":"development","ip":"::1","level":"info","message":"HTTP Request","method":"GET","service":"kanyr-backend","statusCode":304,"timestamp":"2026-03-19 12:25:40.804","type":"http","url":"/api/rooms/4/occupancy","userAgent":"Mozilla/5.0 (Windows NT 10.0; Win64; x64) AppleWebKit/537.36 (KHTML, like Gecko) Chrome/146.0.0.0 Safari/537.36","userId":null}
{"duration":"180ms","environment":"development","ip":"::1","level":"info","message":"HTTP Request","method":"GET","service":"kanyr-backend","statusCode":304,"timestamp":"2026-03-19 12:25:40.814","type":"http","url":"/api/rooms/2/occupancy","userAgent":"Mozilla/5.0 (Windows NT 10.0; Win64; x64) AppleWebKit/537.36 (KHTML, like Gecko) Chrome/146.0.0.0 Safari/537.36","userId":null}
{"duration":"101ms","environment":"development","ip":"::1","level":"info","message":"HTTP Request","method":"GET","service":"kanyr-backend","statusCode":304,"timestamp":"2026-03-19 12:25:40.818","type":"http","url":"/api/rooms/5/occupancy","userAgent":"Mozilla/5.0 (Windows NT 10.0; Win64; x64) AppleWebKit/537.36 (KHTML, like Gecko) Chrome/146.0.0.0 Safari/537.36","userId":null}
{"environment":"development","ip":"::1","key":"ip:::1","level":"warn","message":"Suspicious activity detected","method":"GET","path":"/api/rooms/6/occupancy","requestCount":72,"service":"kanyr-backend","timestamp":"2026-03-19 12:25:40.829","userAgent":"Mozilla/5.0 (Windows NT 10.0; Win64; x64) AppleWebKit/537.36 (KHTML, like Gecko) Chrome/146.0.0.0 Safari/537.36"}
{"environment":"development","level":"debug","message":"SQL Query","service":"kanyr-backend","sql":"Executing (default): SELECT `id`, `token`, `user_id`, `expires_at`, `revoked_at` FROM `revoked_tokens` AS `RevokedToken` WHERE `RevokedToken`.`token` = 'eyJhbGciOiJIUzI1NiIsInR5cCI6IkpXVCJ9.eyJkYXRhIjoiVUhpRlk1UVAxUzVEV1VkZ1VQVjhEUT09Oi9tZXE2enkrd1R6T0hsWTRLWUJtbEE9PTpsTUFTcTkydmp1RmlINUEvZmdHcSs2aHBBaDh0aVRHbUNWOGg2S09WMzVGMWs4Z3hIbmZ4dzVHaE9mRWxrTk1JMDBRQ0l5WXYyZEtmQ1NCQ0dWeVhFYmQrRzYyUTdUTUhXMFZmMXl4blJvZ0xmNDl6TFNzPSIsImlhdCI6MTc3MzkxODg4NiwiZXhwIjoxNzc0MDA1Mjg2fQ.VAIm4WIwcNKJZYRQB5SoyrfI3HATkek21g4ntNKixYI' LIMIT 1;","timestamp":"2026-03-19 12:25:40.834","type":"database"}
{"environment":"development","level":"debug","message":"SQL Query","service":"kanyr-backend","sql":"Executing (default): SELECT `user_id`, `username`, `email`, `password`, `admin`, `diak_id`, `token_version`, `last_password_change`, `security_flags`, `deleted_at`, `created_at`, `updated_at` FROM `felhasznalos` AS `Felhasznalo` WHERE (`Felhasznalo`.`deleted_at` IS NULL AND `Felhasznalo`.`user_id` = 1);","timestamp":"2026-03-19 12:25:40.843","type":"database"}
{"duration":"22ms","environment":"development","ip":"::1","level":"info","message":"HTTP Request","method":"GET","service":"kanyr-backend","statusCode":304,"timestamp":"2026-03-19 12:25:40.850","type":"http","url":"/api/rooms/6/occupancy","userAgent":"Mozilla/5.0 (Windows NT 10.0; Win64; x64) AppleWebKit/537.36 (KHTML, like Gecko) Chrome/146.0.0.0 Safari/537.36","userId":null}
{"environment":"development","ip":"::1","key":"ip:::1","level":"warn","message":"Suspicious activity detected","method":"GET","path":"/api/rooms/1/occupancy","requestCount":73,"service":"kanyr-backend","timestamp":"2026-03-19 12:25:42.579","userAgent":"Mozilla/5.0 (Windows NT 10.0; Win64; x64) AppleWebKit/537.36 (KHTML, like Gecko) Chrome/146.0.0.0 Safari/537.36"}
{"environment":"development","level":"debug","message":"SQL Query","service":"kanyr-backend","sql":"Executing (default): SELECT `id`, `token`, `user_id`, `expires_at`, `revoked_at` FROM `revoked_tokens` AS `RevokedToken` WHERE `RevokedToken`.`token` = 'eyJhbGciOiJIUzI1NiIsInR5cCI6IkpXVCJ9.eyJkYXRhIjoiVUhpRlk1UVAxUzVEV1VkZ1VQVjhEUT09Oi9tZXE2enkrd1R6T0hsWTRLWUJtbEE9PTpsTUFTcTkydmp1RmlINUEvZmdHcSs2aHBBaDh0aVRHbUNWOGg2S09WMzVGMWs4Z3hIbmZ4dzVHaE9mRWxrTk1JMDBRQ0l5WXYyZEtmQ1NCQ0dWeVhFYmQrRzYyUTdUTUhXMFZmMXl4blJvZ0xmNDl6TFNzPSIsImlhdCI6MTc3MzkxODg4NiwiZXhwIjoxNzc0MDA1Mjg2fQ.VAIm4WIwcNKJZYRQB5SoyrfI3HATkek21g4ntNKixYI' LIMIT 1;","timestamp":"2026-03-19 12:25:42.582","type":"database"}
{"environment":"development","level":"debug","message":"SQL Query","service":"kanyr-backend","sql":"Executing (default): SELECT `user_id`, `username`, `email`, `password`, `admin`, `diak_id`, `token_version`, `last_password_change`, `security_flags`, `deleted_at`, `created_at`, `updated_at` FROM `felhasznalos` AS `Felhasznalo` WHERE (`Felhasznalo`.`deleted_at` IS NULL AND `Felhasznalo`.`user_id` = 1);","timestamp":"2026-03-19 12:25:42.589","type":"database"}
{"duration":"21ms","environment":"development","ip":"::1","level":"info","message":"HTTP Request","method":"GET","service":"kanyr-backend","statusCode":304,"timestamp":"2026-03-19 12:25:42.599","type":"http","url":"/api/rooms/1/occupancy","userAgent":"Mozilla/5.0 (Windows NT 10.0; Win64; x64) AppleWebKit/537.36 (KHTML, like Gecko) Chrome/146.0.0.0 Safari/537.36","userId":null}
{"environment":"development","ip":"::1","key":"ip:::1","level":"warn","message":"Suspicious activity detected","method":"GET","path":"/api/room-changes/admin/notifications","requestCount":72,"service":"kanyr-backend","timestamp":"2026-03-19 12:25:56.949","userAgent":"Mozilla/5.0 (Windows NT 10.0; Win64; x64) AppleWebKit/537.36 (KHTML, like Gecko) Chrome/146.0.0.0 Safari/537.36"}
{"environment":"development","level":"debug","message":"SQL Query","service":"kanyr-backend","sql":"Executing (default): SELECT `id`, `token`, `user_id`, `expires_at`, `revoked_at` FROM `revoked_tokens` AS `RevokedToken` WHERE `RevokedToken`.`token` = 'eyJhbGciOiJIUzI1NiIsInR5cCI6IkpXVCJ9.eyJkYXRhIjoiVUhpRlk1UVAxUzVEV1VkZ1VQVjhEUT09Oi9tZXE2enkrd1R6T0hsWTRLWUJtbEE9PTpsTUFTcTkydmp1RmlINUEvZmdHcSs2aHBBaDh0aVRHbUNWOGg2S09WMzVGMWs4Z3hIbmZ4dzVHaE9mRWxrTk1JMDBRQ0l5WXYyZEtmQ1NCQ0dWeVhFYmQrRzYyUTdUTUhXMFZmMXl4blJvZ0xmNDl6TFNzPSIsImlhdCI6MTc3MzkxODg4NiwiZXhwIjoxNzc0MDA1Mjg2fQ.VAIm4WIwcNKJZYRQB5SoyrfI3HATkek21g4ntNKixYI' LIMIT 1;","timestamp":"2026-03-19 12:25:56.952","type":"database"}
{"environment":"development","ip":"::1","key":"ip:::1","level":"warn","message":"Suspicious activity detected","method":"GET","path":"/api/students/statistics","requestCount":73,"service":"kanyr-backend","timestamp":"2026-03-19 12:25:56.983","userAgent":"Mozilla/5.0 (Windows NT 10.0; Win64; x64) AppleWebKit/537.36 (KHTML, like Gecko) Chrome/146.0.0.0 Safari/537.36"}
{"environment":"development","level":"debug","message":"SQL Query","service":"kanyr-backend","sql":"Executing (default): SELECT `id`, `token`, `user_id`, `expires_at`, `revoked_at` FROM `revoked_tokens` AS `RevokedToken` WHERE `RevokedToken`.`token` = 'eyJhbGciOiJIUzI1NiIsInR5cCI6IkpXVCJ9.eyJkYXRhIjoiVUhpRlk1UVAxUzVEV1VkZ1VQVjhEUT09Oi9tZXE2enkrd1R6T0hsWTRLWUJtbEE9PTpsTUFTcTkydmp1RmlINUEvZmdHcSs2aHBBaDh0aVRHbUNWOGg2S09WMzVGMWs4Z3hIbmZ4dzVHaE9mRWxrTk1JMDBRQ0l5WXYyZEtmQ1NCQ0dWeVhFYmQrRzYyUTdUTUhXMFZmMXl4blJvZ0xmNDl6TFNzPSIsImlhdCI6MTc3MzkxODg4NiwiZXhwIjoxNzc0MDA1Mjg2fQ.VAIm4WIwcNKJZYRQB5SoyrfI3HATkek21g4ntNKixYI' LIMIT 1;","timestamp":"2026-03-19 12:25:56.987","type":"database"}
{"environment":"development","ip":"::1","key":"ip:::1","level":"warn","message":"Suspicious activity detected","method":"GET","path":"/api/auth/me","requestCount":74,"service":"kanyr-backend","timestamp":"2026-03-19 12:25:56.988","userAgent":"Mozilla/5.0 (Windows NT 10.0; Win64; x64) AppleWebKit/537.36 (KHTML, like Gecko) Chrome/146.0.0.0 Safari/537.36"}
{"environment":"development","level":"debug","message":"SQL Query","service":"kanyr-backend","sql":"Executing (default): SELECT `id`, `token`, `user_id`, `expires_at`, `revoked_at` FROM `revoked_tokens` AS `RevokedToken` WHERE `RevokedToken`.`token` = 'eyJhbGciOiJIUzI1NiIsInR5cCI6IkpXVCJ9.eyJkYXRhIjoiVUhpRlk1UVAxUzVEV1VkZ1VQVjhEUT09Oi9tZXE2enkrd1R6T0hsWTRLWUJtbEE9PTpsTUFTcTkydmp1RmlINUEvZmdHcSs2aHBBaDh0aVRHbUNWOGg2S09WMzVGMWs4Z3hIbmZ4dzVHaE9mRWxrTk1JMDBRQ0l5WXYyZEtmQ1NCQ0dWeVhFYmQrRzYyUTdUTUhXMFZmMXl4blJvZ0xmNDl6TFNzPSIsImlhdCI6MTc3MzkxODg4NiwiZXhwIjoxNzc0MDA1Mjg2fQ.VAIm4WIwcNKJZYRQB5SoyrfI3HATkek21g4ntNKixYI' LIMIT 1;","timestamp":"2026-03-19 12:25:57.004","type":"database"}
{"environment":"development","level":"debug","message":"SQL Query","service":"kanyr-backend","sql":"Executing (default): SELECT `user_id`, `username`, `email`, `password`, `admin`, `diak_id`, `token_version`, `last_password_change`, `security_flags`, `deleted_at`, `created_at`, `updated_at` FROM `felhasznalos` AS `Felhasznalo` WHERE (`Felhasznalo`.`deleted_at` IS NULL AND `Felhasznalo`.`user_id` = 1);","timestamp":"2026-03-19 12:25:57.019","type":"database"}
{"environment":"development","level":"debug","message":"SQL Query","service":"kanyr-backend","sql":"Executing (default): SELECT `user_id`, `username`, `email`, `password`, `admin`, `diak_id`, `token_version`, `last_password_change`, `security_flags`, `deleted_at`, `created_at`, `updated_at` FROM `felhasznalos` AS `Felhasznalo` WHERE (`Felhasznalo`.`deleted_at` IS NULL AND `Felhasznalo`.`user_id` = 1);","timestamp":"2026-03-19 12:25:57.022","type":"database"}
{"environment":"development","level":"debug","message":"SQL Query","service":"kanyr-backend","sql":"Executing (default): SELECT `user_id`, `username`, `email`, `password`, `admin`, `diak_id`, `token_version`, `last_password_change`, `security_flags`, `deleted_at`, `created_at`, `updated_at` FROM `felhasznalos` AS `Felhasznalo` WHERE (`Felhasznalo`.`deleted_at` IS NULL AND `Felhasznalo`.`user_id` = 1);","timestamp":"2026-03-19 12:25:57.034","type":"database"}
{"environment":"development","level":"debug","message":"SQL Query","service":"kanyr-backend","sql":"Executing (default): SELECT `Notification`.`notification_id`, `Notification`.`diak_id`, `Notification`.`szoba_valtoztatas_id`, `Notification`.`tipus`, `Notification`.`uzenet`, `Notification`.`elolvasva`, `Notification`.`deleted_at`, `Notification`.`created_at`, `Notification`.`updated_at`, `diak`.`diak_id` AS `diak.diak_id`, `diak`.`nev` AS `diak.nev`, `diak`.`email` AS `diak.email`, `diak`.`telefonszam` AS `diak.telefonszam`, `szoba_valtoztatas`.`valtoztatas_id` AS `szoba_valtoztatas.valtoztatas_id`, `szoba_valtoztatas`.`diak_id` AS `szoba_valtoztatas.diak_id`, `szoba_valtoztatas`.`jelenlegi_szoba_id` AS `szoba_valtoztatas.jelenlegi_szoba_id`, `szoba_valtoztatas`.`kivant_szoba_id` AS `szoba_valtoztatas.kivant_szoba_id`, `szoba_valtoztatas`.`statusz` AS `szoba_valtoztatas.statusz`, `szoba_valtoztatas`.`indok` AS `szoba_valtoztatas.indok`, `szoba_valtoztatas`.`academic_year` AS `szoba_valtoztatas.academic_year`, `szoba_valtoztatas`.`semester_count` AS `szoba_valtoztatas.semester_count`, `szoba_valtoztatas`.`deleted_at` AS `szoba_valtoztatas.deleted_at`, `szoba_valtoztatas`.`created_at` AS `szoba_valtoztatas.created_at`, `szoba_valtoztatas`.`updated_at` AS `szoba_valtoztatas.updated_at`, `szoba_valtoztatas->jelenlegi_szoba`.`szoba_id` AS `szoba_valtoztatas.jelenlegi_szoba.szoba_id`, `szoba_valtoztatas->jelenlegi_szoba`.`szoba_szama` AS `szoba_valtoztatas.jelenlegi_szoba.szoba_szama`, `szoba_valtoztatas->kivant_szoba`.`szoba_id` AS `szoba_valtoztatas.kivant_szoba.szoba_id`, `szoba_valtoztatas->kivant_szoba`.`szoba_szama` AS `szoba_valtoztatas.kivant_szoba.szoba_szama` FROM `notifications` AS `Notification` LEFT OUTER JOIN `diaks` AS `diak` ON `Notification`.`diak_id` = `diak`.`diak_id` AND (`diak`.`deleted_at` IS NULL) LEFT OUTER JOIN `szobavaltoztatas` AS `szoba_valtoztatas` ON `Notification`.`szoba_valtoztatas_id` = `szoba_valtoztatas`.`valtoztatas_id` AND (`szoba_valtoztatas`.`deleted_at` IS NULL) LEFT OUTER JOIN `szobas` AS `szoba_valtoztatas->jelenlegi_szoba` ON `szoba_valtoztatas`.`jelenlegi_szoba_id` = `szoba_valtoztatas->jelenlegi_szoba`.`szoba_id` AND (`szoba_valtoztatas->jelenlegi_szoba`.`deleted_at` IS NULL) LEFT OUTER JOIN `szobas` AS `szoba_valtoztatas->kivant_szoba` ON `szoba_valtoztatas`.`kivant_szoba_id` = `szoba_valtoztatas->kivant_szoba`.`szoba_id` AND (`szoba_valtoztatas->kivant_szoba`.`deleted_at` IS NULL) WHERE (`Notification`.`deleted_at` IS NULL) ORDER BY `Notification`.`created_at` DESC;","timestamp":"2026-03-19 12:25:57.050","type":"database"}
{"duration":"63ms","environment":"development","ip":"::1","level":"info","message":"HTTP Request","method":"GET","service":"kanyr-backend","statusCode":304,"timestamp":"2026-03-19 12:25:57.052","type":"http","url":"/api/auth/me","userAgent":"Mozilla/5.0 (Windows NT 10.0; Win64; x64) AppleWebKit/537.36 (KHTML, like Gecko) Chrome/146.0.0.0 Safari/537.36","userId":null}
{"duration":"84ms","environment":"development","ip":"::1","level":"info","message":"HTTP Request","method":"GET","service":"kanyr-backend","statusCode":304,"timestamp":"2026-03-19 12:25:57.055","type":"http","url":"/api/students/statistics","userAgent":"Mozilla/5.0 (Windows NT 10.0; Win64; x64) AppleWebKit/537.36 (KHTML, like Gecko) Chrome/146.0.0.0 Safari/537.36","userId":null}
{"duration":"137ms","environment":"development","ip":"::1","level":"info","message":"HTTP Request","method":"GET","service":"kanyr-backend","statusCode":304,"timestamp":"2026-03-19 12:25:57.085","type":"http","url":"/api/room-changes/admin/notifications","userAgent":"Mozilla/5.0 (Windows NT 10.0; Win64; x64) AppleWebKit/537.36 (KHTML, like Gecko) Chrome/146.0.0.0 Safari/537.36","userId":null}
{"environment":"development","ip":"::1","key":"ip:::1","level":"warn","message":"Suspicious activity detected","method":"GET","path":"/api/students","requestCount":75,"service":"kanyr-backend","timestamp":"2026-03-19 12:25:57.903","userAgent":"Mozilla/5.0 (Windows NT 10.0; Win64; x64) AppleWebKit/537.36 (KHTML, like Gecko) Chrome/146.0.0.0 Safari/537.36"}
{"environment":"development","level":"debug","message":"SQL Query","service":"kanyr-backend","sql":"Executing (default): SELECT `id`, `token`, `user_id`, `expires_at`, `revoked_at` FROM `revoked_tokens` AS `RevokedToken` WHERE `RevokedToken`.`token` = 'eyJhbGciOiJIUzI1NiIsInR5cCI6IkpXVCJ9.eyJkYXRhIjoiVUhpRlk1UVAxUzVEV1VkZ1VQVjhEUT09Oi9tZXE2enkrd1R6T0hsWTRLWUJtbEE9PTpsTUFTcTkydmp1RmlINUEvZmdHcSs2aHBBaDh0aVRHbUNWOGg2S09WMzVGMWs4Z3hIbmZ4dzVHaE9mRWxrTk1JMDBRQ0l5WXYyZEtmQ1NCQ0dWeVhFYmQrRzYyUTdUTUhXMFZmMXl4blJvZ0xmNDl6TFNzPSIsImlhdCI6MTc3MzkxODg4NiwiZXhwIjoxNzc0MDA1Mjg2fQ.VAIm4WIwcNKJZYRQB5SoyrfI3HATkek21g4ntNKixYI' LIMIT 1;","timestamp":"2026-03-19 12:25:57.915","type":"database"}
{"environment":"development","level":"debug","message":"SQL Query","service":"kanyr-backend","sql":"Executing (default): SELECT `user_id`, `username`, `email`, `password`, `admin`, `diak_id`, `token_version`, `last_password_change`, `security_flags`, `deleted_at`, `created_at`, `updated_at` FROM `felhasznalos` AS `Felhasznalo` WHERE (`Felhasznalo`.`deleted_at` IS NULL AND `Felhasznalo`.`user_id` = 1);","timestamp":"2026-03-19 12:25:57.920","type":"database"}
{"environment":"development","level":"debug","message":"SQL Query","service":"kanyr-backend","sql":"Executing (default): SELECT count(*) AS `count` FROM `diaks` AS `Diak` WHERE (`Diak`.`deleted_at` IS NULL);","timestamp":"2026-03-19 12:25:57.934","type":"database"}
{"environment":"development","level":"debug","message":"SQL Query","service":"kanyr-backend","sql":"Executing (default): SELECT `Diak`.*, `szulo`.`szulo_id` AS `szulo.szulo_id`, `szulo`.`nev` AS `szulo.nev`, `szulo`.`email` AS `szulo.email`, `szulo`.`telefonszam` AS `szulo.telefonszam`, `szulo`.`szemelyi_igazolvany_szam` AS `szulo.szemelyi_igazolvany_szam`, `szulo`.`cim_id` AS `szulo.cim_id`, `szulo`.`deleted_at` AS `szulo.deleted_at`, `szulo`.`created_at` AS `szulo.created_at`, `szulo`.`updated_at` AS `szulo.updated_at`, `szulo->lakcim`.`cim_id` AS `szulo.lakcim.cim_id`, `szulo->lakcim`.`orszag` AS `szulo.lakcim.orszag`, `szulo->lakcim`.`iranyitoszam` AS `szulo.lakcim.iranyitoszam`, `szulo->lakcim`.`varos` AS `szulo.lakcim.varos`, `szulo->lakcim`.`utca_hazszam` AS `szulo.lakcim.utca_hazszam`, `szulo->lakcim`.`deleted_at` AS `szulo.lakcim.deleted_at`, `szulo->lakcim`.`created_at` AS `szulo.lakcim.created_at`, `szulo->lakcim`.`updated_at` AS `szulo.lakcim.updated_at`, `lakcim`.`cim_id` AS `lakcim.cim_id`, `lakcim`.`orszag` AS `lakcim.orszag`, `lakcim`.`iranyitoszam` AS `lakcim.iranyitoszam`, `lakcim`.`varos` AS `lakcim.varos`, `lakcim`.`utca_hazszam` AS `lakcim.utca_hazszam`, `lakcim`.`deleted_at` AS `lakcim.deleted_at`, `lakcim`.`created_at` AS `lakcim.created_at`, `lakcim`.`updated_at` AS `lakcim.updated_at`, `bekoltozesek`.`bekoltozes_id` AS `bekoltozesek.bekoltozes_id`, `bekoltozesek`.`diak_id` AS `bekoltozesek.diak_id`, `bekoltozesek`.`szoba_id` AS `bekoltozesek.szoba_id`, `bekoltozesek`.`bekoltozes_datum` AS `bekoltozesek.bekoltozes_datum`, `bekoltozesek`.`kikoltozes_datum` AS `bekoltozesek.kikoltozes_datum`, `bekoltozesek`.`deleted_at` AS `bekoltozesek.deleted_at`, `bekoltozesek`.`created_at` AS `bekoltozesek.created_at`, `bekoltozesek`.`updated_at` AS `bekoltozesek.updated_at`, `bekoltozesek->szoba`.`szoba_id` AS `bekoltozesek.szoba.szoba_id`, `bekoltozesek->szoba`.`szoba_szama` AS `bekoltozesek.szoba.szoba_szama`, `bekoltozesek->szoba`.`osszes_hely` AS `bekoltozesek.szoba.osszes_hely`, `bekoltozesek->szoba`.`deleted_at` AS `bekoltozesek.szoba.deleted_at`, `bekoltozesek->szoba`.`created_at` AS `bekoltozesek.szoba.created_at`, `bekoltozesek->szoba`.`updated_at` AS `bekoltozesek.szoba.updated_at` FROM (SELECT `Diak`.`diak_id`, `Diak`.`nev`, `Diak`.`email`, `Diak`.`telefonszam`, `Diak`.`szuletesi_datum`, `Diak`.`szemelyi_igazolvany_szam`, `Diak`.`taj_szam`, `Diak`.`diakigazolvany_szam`, `Diak`.`szulo_id`, `Diak`.`kapcsolat_tipusa`, `Diak`.`cim_id`, `Diak`.`nem`, `Diak`.`deleted_at`, `Diak`.`created_at`, `Diak`.`updated_at` FROM `diaks` AS `Diak` WHERE `Diak`.`deleted_at` IS NULL ORDER BY `Diak`.`nev` ASC LIMIT 0, 50) AS `Diak` LEFT OUTER JOIN `szulos` AS `szulo` ON `Diak`.`szulo_id` = `szulo`.`szulo_id` AND (`szulo`.`deleted_at` IS NULL) LEFT OUTER JOIN `lakcims` AS `szulo->lakcim` ON `szulo`.`cim_id` = `szulo->lakcim`.`cim_id` AND (`szulo->lakcim`.`deleted_at` IS NULL) LEFT OUTER JOIN `lakcims` AS `lakcim` ON `Diak`.`cim_id` = `lakcim`.`cim_id` AND (`lakcim`.`deleted_at` IS NULL) LEFT OUTER JOIN `szoba_bekoltozes` AS `bekoltozesek` ON `Diak`.`diak_id` = `bekoltozesek`.`diak_id` AND (`bekoltozesek`.`deleted_at` IS NULL) LEFT OUTER JOIN `szobas` AS `bekoltozesek->szoba` ON `bekoltozesek`.`szoba_id` = `bekoltozesek->szoba`.`szoba_id` AND (`bekoltozesek->szoba`.`deleted_at` IS NULL) ORDER BY `Diak`.`nev` ASC;","timestamp":"2026-03-19 12:25:57.951","type":"database"}
{"duration":"97ms","environment":"development","ip":"::1","level":"info","message":"HTTP Request","method":"GET","service":"kanyr-backend","statusCode":304,"timestamp":"2026-03-19 12:25:58.000","type":"http","url":"/api/students?includeRelations=true","userAgent":"Mozilla/5.0 (Windows NT 10.0; Win64; x64) AppleWebKit/537.36 (KHTML, like Gecko) Chrome/146.0.0.0 Safari/537.36","userId":null}
{"environment":"development","ip":"::1","key":"ip:::1","level":"warn","message":"Suspicious activity detected","method":"GET","path":"/api/szulos","requestCount":75,"service":"kanyr-backend","timestamp":"2026-03-19 12:26:00.567","userAgent":"Mozilla/5.0 (Windows NT 10.0; Win64; x64) AppleWebKit/537.36 (KHTML, like Gecko) Chrome/146.0.0.0 Safari/537.36"}
{"environment":"development","error":{"details":null,"isOperational":true,"message":"Endpoint not found","name":"NotFoundError","requestId":"req-20260319-122600-J5BK","stack":"NotFoundError: Endpoint not found\n    at C:\\Users\\SZ2\\Documents\\13.B\\Projektmunka\\KANYR\\backend\\app.js:289:13\n    at Layer.handleRequest (C:\\Users\\SZ2\\Documents\\13.B\\Projektmunka\\KANYR\\backend\\node_modules\\router\\lib\\layer.js:152:17)\n    at trimPrefix (C:\\Users\\SZ2\\Documents\\13.B\\Projektmunka\\KANYR\\backend\\node_modules\\router\\index.js:342:13)\n    at C:\\Users\\SZ2\\Documents\\13.B\\Projektmunka\\KANYR\\backend\\node_modules\\router\\index.js:297:9\n    at processParams (C:\\Users\\SZ2\\Documents\\13.B\\Projektmunka\\KANYR\\backend\\node_modules\\router\\index.js:582:12)\n    at next (C:\\Users\\SZ2\\Documents\\13.B\\Projektmunka\\KANYR\\backend\\node_modules\\router\\index.js:291:5)\n    at csrfProtectionMiddleware (C:\\Users\\SZ2\\Documents\\13.B\\Projektmunka\\KANYR\\backend\\middleware\\csrfMiddleware.js:154:14)\n    at Layer.handleRequest (C:\\Users\\SZ2\\Documents\\13.B\\Projektmunka\\KANYR\\backend\\node_modules\\router\\lib\\layer.js:152:17)\n    at trimPrefix (C:\\Users\\SZ2\\Documents\\13.B\\Projektmunka\\KANYR\\backend\\node_modules\\router\\index.js:342:13)\n    at C:\\Users\\SZ2\\Documents\\13.B\\Projektmunka\\KANYR\\backend\\node_modules\\router\\index.js:297:9","status":"fail","statusCode":404,"timestamp":"2026-03-19T11:26:00.568Z","userId":null},"ip":"::1","level":"error","message":"Endpoint not found","method":"GET","service":"kanyr-backend","stack":"NotFoundError: Endpoint not found\n    at C:\\Users\\SZ2\\Documents\\13.B\\Projektmunka\\KANYR\\backend\\app.js:289:13\n    at Layer.handleRequest (C:\\Users\\SZ2\\Documents\\13.B\\Projektmunka\\KANYR\\backend\\node_modules\\router\\lib\\layer.js:152:17)\n    at trimPrefix (C:\\Users\\SZ2\\Documents\\13.B\\Projektmunka\\KANYR\\backend\\node_modules\\router\\index.js:342:13)\n    at C:\\Users\\SZ2\\Documents\\13.B\\Projektmunka\\KANYR\\backend\\node_modules\\router\\index.js:297:9\n    at processParams (C:\\Users\\SZ2\\Documents\\13.B\\Projektmunka\\KANYR\\backend\\node_modules\\router\\index.js:582:12)\n    at next (C:\\Users\\SZ2\\Documents\\13.B\\Projektmunka\\KANYR\\backend\\node_modules\\router\\index.js:291:5)\n    at csrfProtectionMiddleware (C:\\Users\\SZ2\\Documents\\13.B\\Projektmunka\\KANYR\\backend\\middleware\\csrfMiddleware.js:154:14)\n    at Layer.handleRequest (C:\\Users\\SZ2\\Documents\\13.B\\Projektmunka\\KANYR\\backend\\node_modules\\router\\lib\\layer.js:152:17)\n    at trimPrefix (C:\\Users\\SZ2\\Documents\\13.B\\Projektmunka\\KANYR\\backend\\node_modules\\router\\index.js:342:13)\n    at C:\\Users\\SZ2\\Documents\\13.B\\Projektmunka\\KANYR\\backend\\node_modules\\router\\index.js:297:9","timestamp":"2026-03-19 12:26:00.569","type":"error","url":"/api/szulos","userId":null}
{"duration":"4ms","environment":"development","ip":"::1","level":"info","message":"HTTP Request","method":"GET","service":"kanyr-backend","statusCode":404,"timestamp":"2026-03-19 12:26:00.571","type":"http","url":"/api/szulos","userAgent":"Mozilla/5.0 (Windows NT 10.0; Win64; x64) AppleWebKit/537.36 (KHTML, like Gecko) Chrome/146.0.0.0 Safari/537.36","userId":null}
{"environment":"development","ip":"::1","key":"ip:::1","level":"warn","message":"Suspicious activity detected","method":"GET","path":"/api/rooms","requestCount":66,"service":"kanyr-backend","timestamp":"2026-03-19 12:26:02.626","userAgent":"Mozilla/5.0 (Windows NT 10.0; Win64; x64) AppleWebKit/537.36 (KHTML, like Gecko) Chrome/146.0.0.0 Safari/537.36"}
{"environment":"development","level":"debug","message":"SQL Query","service":"kanyr-backend","sql":"Executing (default): SELECT `id`, `token`, `user_id`, `expires_at`, `revoked_at` FROM `revoked_tokens` AS `RevokedToken` WHERE `RevokedToken`.`token` = 'eyJhbGciOiJIUzI1NiIsInR5cCI6IkpXVCJ9.eyJkYXRhIjoiVUhpRlk1UVAxUzVEV1VkZ1VQVjhEUT09Oi9tZXE2enkrd1R6T0hsWTRLWUJtbEE9PTpsTUFTcTkydmp1RmlINUEvZmdHcSs2aHBBaDh0aVRHbUNWOGg2S09WMzVGMWs4Z3hIbmZ4dzVHaE9mRWxrTk1JMDBRQ0l5WXYyZEtmQ1NCQ0dWeVhFYmQrRzYyUTdUTUhXMFZmMXl4blJvZ0xmNDl6TFNzPSIsImlhdCI6MTc3MzkxODg4NiwiZXhwIjoxNzc0MDA1Mjg2fQ.VAIm4WIwcNKJZYRQB5SoyrfI3HATkek21g4ntNKixYI' LIMIT 1;","timestamp":"2026-03-19 12:26:02.631","type":"database"}
{"environment":"development","ip":"::1","key":"ip:::1","level":"warn","message":"Suspicious activity detected","method":"GET","path":"/api/rooms/available","requestCount":67,"service":"kanyr-backend","timestamp":"2026-03-19 12:26:02.633","userAgent":"Mozilla/5.0 (Windows NT 10.0; Win64; x64) AppleWebKit/537.36 (KHTML, like Gecko) Chrome/146.0.0.0 Safari/537.36"}
{"environment":"development","level":"debug","message":"SQL Query","service":"kanyr-backend","sql":"Executing (default): SELECT `id`, `token`, `user_id`, `expires_at`, `revoked_at` FROM `revoked_tokens` AS `RevokedToken` WHERE `RevokedToken`.`token` = 'eyJhbGciOiJIUzI1NiIsInR5cCI6IkpXVCJ9.eyJkYXRhIjoiVUhpRlk1UVAxUzVEV1VkZ1VQVjhEUT09Oi9tZXE2enkrd1R6T0hsWTRLWUJtbEE9PTpsTUFTcTkydmp1RmlINUEvZmdHcSs2aHBBaDh0aVRHbUNWOGg2S09WMzVGMWs4Z3hIbmZ4dzVHaE9mRWxrTk1JMDBRQ0l5WXYyZEtmQ1NCQ0dWeVhFYmQrRzYyUTdUTUhXMFZmMXl4blJvZ0xmNDl6TFNzPSIsImlhdCI6MTc3MzkxODg4NiwiZXhwIjoxNzc0MDA1Mjg2fQ.VAIm4WIwcNKJZYRQB5SoyrfI3HATkek21g4ntNKixYI' LIMIT 1;","timestamp":"2026-03-19 12:26:02.636","type":"database"}
{"environment":"development","ip":"::1","key":"ip:::1","level":"warn","message":"Suspicious activity detected","method":"GET","path":"/api/students","requestCount":68,"service":"kanyr-backend","timestamp":"2026-03-19 12:26:02.638","userAgent":"Mozilla/5.0 (Windows NT 10.0; Win64; x64) AppleWebKit/537.36 (KHTML, like Gecko) Chrome/146.0.0.0 Safari/537.36"}
{"environment":"development","level":"debug","message":"SQL Query","service":"kanyr-backend","sql":"Executing (default): SELECT `id`, `token`, `user_id`, `expires_at`, `revoked_at` FROM `revoked_tokens` AS `RevokedToken` WHERE `RevokedToken`.`token` = 'eyJhbGciOiJIUzI1NiIsInR5cCI6IkpXVCJ9.eyJkYXRhIjoiVUhpRlk1UVAxUzVEV1VkZ1VQVjhEUT09Oi9tZXE2enkrd1R6T0hsWTRLWUJtbEE9PTpsTUFTcTkydmp1RmlINUEvZmdHcSs2aHBBaDh0aVRHbUNWOGg2S09WMzVGMWs4Z3hIbmZ4dzVHaE9mRWxrTk1JMDBRQ0l5WXYyZEtmQ1NCQ0dWeVhFYmQrRzYyUTdUTUhXMFZmMXl4blJvZ0xmNDl6TFNzPSIsImlhdCI6MTc3MzkxODg4NiwiZXhwIjoxNzc0MDA1Mjg2fQ.VAIm4WIwcNKJZYRQB5SoyrfI3HATkek21g4ntNKixYI' LIMIT 1;","timestamp":"2026-03-19 12:26:02.651","type":"database"}
{"environment":"development","level":"debug","message":"SQL Query","service":"kanyr-backend","sql":"Executing (default): SELECT `user_id`, `username`, `email`, `password`, `admin`, `diak_id`, `token_version`, `last_password_change`, `security_flags`, `deleted_at`, `created_at`, `updated_at` FROM `felhasznalos` AS `Felhasznalo` WHERE (`Felhasznalo`.`deleted_at` IS NULL AND `Felhasznalo`.`user_id` = 1);","timestamp":"2026-03-19 12:26:02.654","type":"database"}
{"environment":"development","level":"debug","message":"SQL Query","service":"kanyr-backend","sql":"Executing (default): SELECT `user_id`, `username`, `email`, `password`, `admin`, `diak_id`, `token_version`, `last_password_change`, `security_flags`, `deleted_at`, `created_at`, `updated_at` FROM `felhasznalos` AS `Felhasznalo` WHERE (`Felhasznalo`.`deleted_at` IS NULL AND `Felhasznalo`.`user_id` = 1);","timestamp":"2026-03-19 12:26:02.655","type":"database"}
{"environment":"development","level":"debug","message":"SQL Query","service":"kanyr-backend","sql":"Executing (default): SELECT `user_id`, `username`, `email`, `password`, `admin`, `diak_id`, `token_version`, `last_password_change`, `security_flags`, `deleted_at`, `created_at`, `updated_at` FROM `felhasznalos` AS `Felhasznalo` WHERE (`Felhasznalo`.`deleted_at` IS NULL AND `Felhasznalo`.`user_id` = 1);","timestamp":"2026-03-19 12:26:02.666","type":"database"}
{"duration":"44ms","environment":"development","ip":"::1","level":"info","message":"HTTP Request","method":"GET","service":"kanyr-backend","statusCode":304,"timestamp":"2026-03-19 12:26:02.669","type":"http","url":"/api/rooms","userAgent":"Mozilla/5.0 (Windows NT 10.0; Win64; x64) AppleWebKit/537.36 (KHTML, like Gecko) Chrome/146.0.0.0 Safari/537.36","userId":null}
{"environment":"development","level":"debug","message":"SQL Query","service":"kanyr-backend","sql":"Executing (default): SELECT `szoba_id`, `szoba_szama`, `osszes_hely`, `deleted_at`, `created_at`, `updated_at` FROM `szobas` AS `Szoba` WHERE `Szoba`.`deleted_at` IS NULL ORDER BY `Szoba`.`szoba_id` ASC LIMIT 0, 10;","timestamp":"2026-03-19 12:26:02.671","type":"database"}
{"environment":"development","level":"debug","message":"SQL Query","service":"kanyr-backend","sql":"Executing (default): SELECT count(*) AS `count` FROM `diaks` AS `Diak` WHERE (`Diak`.`deleted_at` IS NULL);","timestamp":"2026-03-19 12:26:02.688","type":"database"}
{"environment":"development","level":"debug","message":"SQL Query","service":"kanyr-backend","sql":"Executing (default): SELECT `szoba_id`, COUNT(`bekoltozes_id`) AS `occupancy` FROM `szoba_bekoltozes` AS `SzobaBekoltozes` WHERE (`SzobaBekoltozes`.`deleted_at` IS NULL AND (`SzobaBekoltozes`.`szoba_id` IN (1, 2, 3, 4, 5, 6) AND `SzobaBekoltozes`.`kikoltozes_datum` IS NULL)) GROUP BY `szoba_id`;","timestamp":"2026-03-19 12:26:02.705","type":"database"}
{"environment":"development","level":"debug","message":"SQL Query","service":"kanyr-backend","sql":"Executing (default): SELECT `Diak`.*, `szulo`.`szulo_id` AS `szulo.szulo_id`, `szulo`.`nev` AS `szulo.nev`, `szulo`.`email` AS `szulo.email`, `szulo`.`telefonszam` AS `szulo.telefonszam`, `szulo`.`szemelyi_igazolvany_szam` AS `szulo.szemelyi_igazolvany_szam`, `szulo`.`cim_id` AS `szulo.cim_id`, `szulo`.`deleted_at` AS `szulo.deleted_at`, `szulo`.`created_at` AS `szulo.created_at`, `szulo`.`updated_at` AS `szulo.updated_at`, `szulo->lakcim`.`cim_id` AS `szulo.lakcim.cim_id`, `szulo->lakcim`.`orszag` AS `szulo.lakcim.orszag`, `szulo->lakcim`.`iranyitoszam` AS `szulo.lakcim.iranyitoszam`, `szulo->lakcim`.`varos` AS `szulo.lakcim.varos`, `szulo->lakcim`.`utca_hazszam` AS `szulo.lakcim.utca_hazszam`, `szulo->lakcim`.`deleted_at` AS `szulo.lakcim.deleted_at`, `szulo->lakcim`.`created_at` AS `szulo.lakcim.created_at`, `szulo->lakcim`.`updated_at` AS `szulo.lakcim.updated_at`, `lakcim`.`cim_id` AS `lakcim.cim_id`, `lakcim`.`orszag` AS `lakcim.orszag`, `lakcim`.`iranyitoszam` AS `lakcim.iranyitoszam`, `lakcim`.`varos` AS `lakcim.varos`, `lakcim`.`utca_hazszam` AS `lakcim.utca_hazszam`, `lakcim`.`deleted_at` AS `lakcim.deleted_at`, `lakcim`.`created_at` AS `lakcim.created_at`, `lakcim`.`updated_at` AS `lakcim.updated_at`, `bekoltozesek`.`bekoltozes_id` AS `bekoltozesek.bekoltozes_id`, `bekoltozesek`.`diak_id` AS `bekoltozesek.diak_id`, `bekoltozesek`.`szoba_id` AS `bekoltozesek.szoba_id`, `bekoltozesek`.`bekoltozes_datum` AS `bekoltozesek.bekoltozes_datum`, `bekoltozesek`.`kikoltozes_datum` AS `bekoltozesek.kikoltozes_datum`, `bekoltozesek`.`deleted_at` AS `bekoltozesek.deleted_at`, `bekoltozesek`.`created_at` AS `bekoltozesek.created_at`, `bekoltozesek`.`updated_at` AS `bekoltozesek.updated_at`, `bekoltozesek->szoba`.`szoba_id` AS `bekoltozesek.szoba.szoba_id`, `bekoltozesek->szoba`.`szoba_szama` AS `bekoltozesek.szoba.szoba_szama`, `bekoltozesek->szoba`.`osszes_hely` AS `bekoltozesek.szoba.osszes_hely`, `bekoltozesek->szoba`.`deleted_at` AS `bekoltozesek.szoba.deleted_at`, `bekoltozesek->szoba`.`created_at` AS `bekoltozesek.szoba.created_at`, `bekoltozesek->szoba`.`updated_at` AS `bekoltozesek.szoba.updated_at` FROM (SELECT `Diak`.`diak_id`, `Diak`.`nev`, `Diak`.`email`, `Diak`.`telefonszam`, `Diak`.`szuletesi_datum`, `Diak`.`szemelyi_igazolvany_szam`, `Diak`.`taj_szam`, `Diak`.`diakigazolvany_szam`, `Diak`.`szulo_id`, `Diak`.`kapcsolat_tipusa`, `Diak`.`cim_id`, `Diak`.`nem`, `Diak`.`deleted_at`, `Diak`.`created_at`, `Diak`.`updated_at` FROM `diaks` AS `Diak` WHERE `Diak`.`deleted_at` IS NULL ORDER BY `Diak`.`nev` ASC LIMIT 0, 50) AS `Diak` LEFT OUTER JOIN `szulos` AS `szulo` ON `Diak`.`szulo_id` = `szulo`.`szulo_id` AND (`szulo`.`deleted_at` IS NULL) LEFT OUTER JOIN `lakcims` AS `szulo->lakcim` ON `szulo`.`cim_id` = `szulo->lakcim`.`cim_id` AND (`szulo->lakcim`.`deleted_at` IS NULL) LEFT OUTER JOIN `lakcims` AS `lakcim` ON `Diak`.`cim_id` = `lakcim`.`cim_id` AND (`lakcim`.`deleted_at` IS NULL) LEFT OUTER JOIN `szoba_bekoltozes` AS `bekoltozesek` ON `Diak`.`diak_id` = `bekoltozesek`.`diak_id` AND (`bekoltozesek`.`deleted_at` IS NULL) LEFT OUTER JOIN `szobas` AS `bekoltozesek->szoba` ON `bekoltozesek`.`szoba_id` = `bekoltozesek->szoba`.`szoba_id` AND (`bekoltozesek->szoba`.`deleted_at` IS NULL) ORDER BY `Diak`.`nev` ASC;","timestamp":"2026-03-19 12:26:02.718","type":"database"}
{"environment":"development","ip":"::1","key":"ip:::1","level":"warn","message":"Suspicious activity detected","method":"GET","path":"/api/rooms/1/occupancy","requestCount":69,"service":"kanyr-backend","timestamp":"2026-03-19 12:26:02.720","userAgent":"Mozilla/5.0 (Windows NT 10.0; Win64; x64) AppleWebKit/537.36 (KHTML, like Gecko) Chrome/146.0.0.0 Safari/537.36"}
{"environment":"development","level":"debug","message":"SQL Query","service":"kanyr-backend","sql":"Executing (default): SELECT `id`, `token`, `user_id`, `expires_at`, `revoked_at` FROM `revoked_tokens` AS `RevokedToken` WHERE `RevokedToken`.`token` = 'eyJhbGciOiJIUzI1NiIsInR5cCI6IkpXVCJ9.eyJkYXRhIjoiVUhpRlk1UVAxUzVEV1VkZ1VQVjhEUT09Oi9tZXE2enkrd1R6T0hsWTRLWUJtbEE9PTpsTUFTcTkydmp1RmlINUEvZmdHcSs2aHBBaDh0aVRHbUNWOGg2S09WMzVGMWs4Z3hIbmZ4dzVHaE9mRWxrTk1JMDBRQ0l5WXYyZEtmQ1NCQ0dWeVhFYmQrRzYyUTdUTUhXMFZmMXl4blJvZ0xmNDl6TFNzPSIsImlhdCI6MTc3MzkxODg4NiwiZXhwIjoxNzc0MDA1Mjg2fQ.VAIm4WIwcNKJZYRQB5SoyrfI3HATkek21g4ntNKixYI' LIMIT 1;","timestamp":"2026-03-19 12:26:02.732","type":"database"}
{"environment":"development","ip":"::1","key":"ip:::1","level":"warn","message":"Suspicious activity detected","method":"GET","path":"/api/rooms/3/occupancy","requestCount":70,"service":"kanyr-backend","timestamp":"2026-03-19 12:26:02.733","userAgent":"Mozilla/5.0 (Windows NT 10.0; Win64; x64) AppleWebKit/537.36 (KHTML, like Gecko) Chrome/146.0.0.0 Safari/537.36"}
{"environment":"development","level":"debug","message":"SQL Query","service":"kanyr-backend","sql":"Executing (default): SELECT `id`, `token`, `user_id`, `expires_at`, `revoked_at` FROM `revoked_tokens` AS `RevokedToken` WHERE `RevokedToken`.`token` = 'eyJhbGciOiJIUzI1NiIsInR5cCI6IkpXVCJ9.eyJkYXRhIjoiVUhpRlk1UVAxUzVEV1VkZ1VQVjhEUT09Oi9tZXE2enkrd1R6T0hsWTRLWUJtbEE9PTpsTUFTcTkydmp1RmlINUEvZmdHcSs2aHBBaDh0aVRHbUNWOGg2S09WMzVGMWs4Z3hIbmZ4dzVHaE9mRWxrTk1JMDBRQ0l5WXYyZEtmQ1NCQ0dWeVhFYmQrRzYyUTdUTUhXMFZmMXl4blJvZ0xmNDl6TFNzPSIsImlhdCI6MTc3MzkxODg4NiwiZXhwIjoxNzc0MDA1Mjg2fQ.VAIm4WIwcNKJZYRQB5SoyrfI3HATkek21g4ntNKixYI' LIMIT 1;","timestamp":"2026-03-19 12:26:02.735","type":"database"}
{"environment":"development","ip":"::1","key":"ip:::1","level":"warn","message":"Suspicious activity detected","method":"GET","path":"/api/rooms/2/occupancy","requestCount":71,"service":"kanyr-backend","timestamp":"2026-03-19 12:26:02.736","userAgent":"Mozilla/5.0 (Windows NT 10.0; Win64; x64) AppleWebKit/537.36 (KHTML, like Gecko) Chrome/146.0.0.0 Safari/537.36"}
{"environment":"development","level":"debug","message":"SQL Query","service":"kanyr-backend","sql":"Executing (default): SELECT `id`, `token`, `user_id`, `expires_at`, `revoked_at` FROM `revoked_tokens` AS `RevokedToken` WHERE `RevokedToken`.`token` = 'eyJhbGciOiJIUzI1NiIsInR5cCI6IkpXVCJ9.eyJkYXRhIjoiVUhpRlk1UVAxUzVEV1VkZ1VQVjhEUT09Oi9tZXE2enkrd1R6T0hsWTRLWUJtbEE9PTpsTUFTcTkydmp1RmlINUEvZmdHcSs2aHBBaDh0aVRHbUNWOGg2S09WMzVGMWs4Z3hIbmZ4dzVHaE9mRWxrTk1JMDBRQ0l5WXYyZEtmQ1NCQ0dWeVhFYmQrRzYyUTdUTUhXMFZmMXl4blJvZ0xmNDl6TFNzPSIsImlhdCI6MTc3MzkxODg4NiwiZXhwIjoxNzc0MDA1Mjg2fQ.VAIm4WIwcNKJZYRQB5SoyrfI3HATkek21g4ntNKixYI' LIMIT 1;","timestamp":"2026-03-19 12:26:02.739","type":"database"}
{"environment":"development","ip":"::1","key":"ip:::1","level":"warn","message":"Suspicious activity detected","method":"GET","path":"/api/rooms/4/occupancy","requestCount":72,"service":"kanyr-backend","timestamp":"2026-03-19 12:26:02.748","userAgent":"Mozilla/5.0 (Windows NT 10.0; Win64; x64) AppleWebKit/537.36 (KHTML, like Gecko) Chrome/146.0.0.0 Safari/537.36"}
{"environment":"development","level":"debug","message":"SQL Query","service":"kanyr-backend","sql":"Executing (default): SELECT `id`, `token`, `user_id`, `expires_at`, `revoked_at` FROM `revoked_tokens` AS `RevokedToken` WHERE `RevokedToken`.`token` = 'eyJhbGciOiJIUzI1NiIsInR5cCI6IkpXVCJ9.eyJkYXRhIjoiVUhpRlk1UVAxUzVEV1VkZ1VQVjhEUT09Oi9tZXE2enkrd1R6T0hsWTRLWUJtbEE9PTpsTUFTcTkydmp1RmlINUEvZmdHcSs2aHBBaDh0aVRHbUNWOGg2S09WMzVGMWs4Z3hIbmZ4dzVHaE9mRWxrTk1JMDBRQ0l5WXYyZEtmQ1NCQ0dWeVhFYmQrRzYyUTdUTUhXMFZmMXl4blJvZ0xmNDl6TFNzPSIsImlhdCI6MTc3MzkxODg4NiwiZXhwIjoxNzc0MDA1Mjg2fQ.VAIm4WIwcNKJZYRQB5SoyrfI3HATkek21g4ntNKixYI' LIMIT 1;","timestamp":"2026-03-19 12:26:02.750","type":"database"}
{"duration":"121ms","environment":"development","ip":"::1","level":"info","message":"HTTP Request","method":"GET","service":"kanyr-backend","statusCode":304,"timestamp":"2026-03-19 12:26:02.754","type":"http","url":"/api/rooms/available","userAgent":"Mozilla/5.0 (Windows NT 10.0; Win64; x64) AppleWebKit/537.36 (KHTML, like Gecko) Chrome/146.0.0.0 Safari/537.36","userId":null}
{"environment":"development","level":"debug","message":"SQL Query","service":"kanyr-backend","sql":"Executing (default): SELECT `user_id`, `username`, `email`, `password`, `admin`, `diak_id`, `token_version`, `last_password_change`, `security_flags`, `deleted_at`, `created_at`, `updated_at` FROM `felhasznalos` AS `Felhasznalo` WHERE (`Felhasznalo`.`deleted_at` IS NULL AND `Felhasznalo`.`user_id` = 1);","timestamp":"2026-03-19 12:26:02.767","type":"database"}
{"environment":"development","level":"debug","message":"SQL Query","service":"kanyr-backend","sql":"Executing (default): SELECT `user_id`, `username`, `email`, `password`, `admin`, `diak_id`, `token_version`, `last_password_change`, `security_flags`, `deleted_at`, `created_at`, `updated_at` FROM `felhasznalos` AS `Felhasznalo` WHERE (`Felhasznalo`.`deleted_at` IS NULL AND `Felhasznalo`.`user_id` = 1);","timestamp":"2026-03-19 12:26:02.769","type":"database"}
{"environment":"development","level":"debug","message":"SQL Query","service":"kanyr-backend","sql":"Executing (default): SELECT `user_id`, `username`, `email`, `password`, `admin`, `diak_id`, `token_version`, `last_password_change`, `security_flags`, `deleted_at`, `created_at`, `updated_at` FROM `felhasznalos` AS `Felhasznalo` WHERE (`Felhasznalo`.`deleted_at` IS NULL AND `Felhasznalo`.`user_id` = 1);","timestamp":"2026-03-19 12:26:02.770","type":"database"}
{"environment":"development","ip":"::1","key":"ip:::1","level":"warn","message":"Suspicious activity detected","method":"GET","path":"/api/rooms/5/occupancy","requestCount":73,"service":"kanyr-backend","timestamp":"2026-03-19 12:26:02.771","userAgent":"Mozilla/5.0 (Windows NT 10.0; Win64; x64) AppleWebKit/537.36 (KHTML, like Gecko) Chrome/146.0.0.0 Safari/537.36"}
{"environment":"development","level":"debug","message":"SQL Query","service":"kanyr-backend","sql":"Executing (default): SELECT `id`, `token`, `user_id`, `expires_at`, `revoked_at` FROM `revoked_tokens` AS `RevokedToken` WHERE `RevokedToken`.`token` = 'eyJhbGciOiJIUzI1NiIsInR5cCI6IkpXVCJ9.eyJkYXRhIjoiVUhpRlk1UVAxUzVEV1VkZ1VQVjhEUT09Oi9tZXE2enkrd1R6T0hsWTRLWUJtbEE9PTpsTUFTcTkydmp1RmlINUEvZmdHcSs2aHBBaDh0aVRHbUNWOGg2S09WMzVGMWs4Z3hIbmZ4dzVHaE9mRWxrTk1JMDBRQ0l5WXYyZEtmQ1NCQ0dWeVhFYmQrRzYyUTdUTUhXMFZmMXl4blJvZ0xmNDl6TFNzPSIsImlhdCI6MTc3MzkxODg4NiwiZXhwIjoxNzc0MDA1Mjg2fQ.VAIm4WIwcNKJZYRQB5SoyrfI3HATkek21g4ntNKixYI' LIMIT 1;","timestamp":"2026-03-19 12:26:02.782","type":"database"}
{"duration":"149ms","environment":"development","ip":"::1","level":"info","message":"HTTP Request","method":"GET","service":"kanyr-backend","statusCode":304,"timestamp":"2026-03-19 12:26:02.786","type":"http","url":"/api/students","userAgent":"Mozilla/5.0 (Windows NT 10.0; Win64; x64) AppleWebKit/537.36 (KHTML, like Gecko) Chrome/146.0.0.0 Safari/537.36","userId":null}
{"environment":"development","level":"debug","message":"SQL Query","service":"kanyr-backend","sql":"Executing (default): SELECT `user_id`, `username`, `email`, `password`, `admin`, `diak_id`, `token_version`, `last_password_change`, `security_flags`, `deleted_at`, `created_at`, `updated_at` FROM `felhasznalos` AS `Felhasznalo` WHERE (`Felhasznalo`.`deleted_at` IS NULL AND `Felhasznalo`.`user_id` = 1);","timestamp":"2026-03-19 12:26:02.798","type":"database"}
{"environment":"development","ip":"::1","key":"ip:::1","level":"warn","message":"Suspicious activity detected","method":"GET","path":"/api/rooms/6/occupancy","requestCount":74,"service":"kanyr-backend","timestamp":"2026-03-19 12:26:02.803","userAgent":"Mozilla/5.0 (Windows NT 10.0; Win64; x64) AppleWebKit/537.36 (KHTML, like Gecko) Chrome/146.0.0.0 Safari/537.36"}
{"environment":"development","level":"debug","message":"SQL Query","service":"kanyr-backend","sql":"Executing (default): SELECT `id`, `token`, `user_id`, `expires_at`, `revoked_at` FROM `revoked_tokens` AS `RevokedToken` WHERE `RevokedToken`.`token` = 'eyJhbGciOiJIUzI1NiIsInR5cCI6IkpXVCJ9.eyJkYXRhIjoiVUhpRlk1UVAxUzVEV1VkZ1VQVjhEUT09Oi9tZXE2enkrd1R6T0hsWTRLWUJtbEE9PTpsTUFTcTkydmp1RmlINUEvZmdHcSs2aHBBaDh0aVRHbUNWOGg2S09WMzVGMWs4Z3hIbmZ4dzVHaE9mRWxrTk1JMDBRQ0l5WXYyZEtmQ1NCQ0dWeVhFYmQrRzYyUTdUTUhXMFZmMXl4blJvZ0xmNDl6TFNzPSIsImlhdCI6MTc3MzkxODg4NiwiZXhwIjoxNzc0MDA1Mjg2fQ.VAIm4WIwcNKJZYRQB5SoyrfI3HATkek21g4ntNKixYI' LIMIT 1;","timestamp":"2026-03-19 12:26:02.805","type":"database"}
{"duration":"82ms","environment":"development","ip":"::1","level":"info","message":"HTTP Request","method":"GET","service":"kanyr-backend","statusCode":304,"timestamp":"2026-03-19 12:26:02.818","type":"http","url":"/api/rooms/2/occupancy","userAgent":"Mozilla/5.0 (Windows NT 10.0; Win64; x64) AppleWebKit/537.36 (KHTML, like Gecko) Chrome/146.0.0.0 Safari/537.36","userId":null}
{"environment":"development","level":"debug","message":"SQL Query","service":"kanyr-backend","sql":"Executing (default): SELECT `user_id`, `username`, `email`, `password`, `admin`, `diak_id`, `token_version`, `last_password_change`, `security_flags`, `deleted_at`, `created_at`, `updated_at` FROM `felhasznalos` AS `Felhasznalo` WHERE (`Felhasznalo`.`deleted_at` IS NULL AND `Felhasznalo`.`user_id` = 1);","timestamp":"2026-03-19 12:26:02.820","type":"database"}
{"environment":"development","level":"debug","message":"SQL Query","service":"kanyr-backend","sql":"Executing (default): SELECT `user_id`, `username`, `email`, `password`, `admin`, `diak_id`, `token_version`, `last_password_change`, `security_flags`, `deleted_at`, `created_at`, `updated_at` FROM `felhasznalos` AS `Felhasznalo` WHERE (`Felhasznalo`.`deleted_at` IS NULL AND `Felhasznalo`.`user_id` = 1);","timestamp":"2026-03-19 12:26:02.822","type":"database"}
{"duration":"116ms","environment":"development","ip":"::1","level":"info","message":"HTTP Request","method":"GET","service":"kanyr-backend","statusCode":304,"timestamp":"2026-03-19 12:26:02.835","type":"http","url":"/api/rooms/1/occupancy","userAgent":"Mozilla/5.0 (Windows NT 10.0; Win64; x64) AppleWebKit/537.36 (KHTML, like Gecko) Chrome/146.0.0.0 Safari/537.36","userId":null}
{"duration":"88ms","environment":"development","ip":"::1","level":"info","message":"HTTP Request","method":"GET","service":"kanyr-backend","statusCode":304,"timestamp":"2026-03-19 12:26:02.837","type":"http","url":"/api/rooms/4/occupancy","userAgent":"Mozilla/5.0 (Windows NT 10.0; Win64; x64) AppleWebKit/537.36 (KHTML, like Gecko) Chrome/146.0.0.0 Safari/537.36","userId":null}
{"duration":"116ms","environment":"development","ip":"::1","level":"info","message":"HTTP Request","method":"GET","service":"kanyr-backend","statusCode":304,"timestamp":"2026-03-19 12:26:02.850","type":"http","url":"/api/rooms/3/occupancy","userAgent":"Mozilla/5.0 (Windows NT 10.0; Win64; x64) AppleWebKit/537.36 (KHTML, like Gecko) Chrome/146.0.0.0 Safari/537.36","userId":null}
{"duration":"100ms","environment":"development","ip":"::1","level":"info","message":"HTTP Request","method":"GET","service":"kanyr-backend","statusCode":304,"timestamp":"2026-03-19 12:26:02.879","type":"http","url":"/api/rooms/5/occupancy","userAgent":"Mozilla/5.0 (Windows NT 10.0; Win64; x64) AppleWebKit/537.36 (KHTML, like Gecko) Chrome/146.0.0.0 Safari/537.36","userId":null}
{"duration":"79ms","environment":"development","ip":"::1","level":"info","message":"HTTP Request","method":"GET","service":"kanyr-backend","statusCode":304,"timestamp":"2026-03-19 12:26:02.882","type":"http","url":"/api/rooms/6/occupancy","userAgent":"Mozilla/5.0 (Windows NT 10.0; Win64; x64) AppleWebKit/537.36 (KHTML, like Gecko) Chrome/146.0.0.0 Safari/537.36","userId":null}
{"environment":"development","ip":"::1","key":"ip:::1","level":"warn","message":"Suspicious activity detected","method":"GET","path":"/api/students/statistics","requestCount":75,"service":"kanyr-backend","timestamp":"2026-03-19 12:26:03.699","userAgent":"Mozilla/5.0 (Windows NT 10.0; Win64; x64) AppleWebKit/537.36 (KHTML, like Gecko) Chrome/146.0.0.0 Safari/537.36"}
{"environment":"development","level":"debug","message":"SQL Query","service":"kanyr-backend","sql":"Executing (default): SELECT `id`, `token`, `user_id`, `expires_at`, `revoked_at` FROM `revoked_tokens` AS `RevokedToken` WHERE `RevokedToken`.`token` = 'eyJhbGciOiJIUzI1NiIsInR5cCI6IkpXVCJ9.eyJkYXRhIjoiVUhpRlk1UVAxUzVEV1VkZ1VQVjhEUT09Oi9tZXE2enkrd1R6T0hsWTRLWUJtbEE9PTpsTUFTcTkydmp1RmlINUEvZmdHcSs2aHBBaDh0aVRHbUNWOGg2S09WMzVGMWs4Z3hIbmZ4dzVHaE9mRWxrTk1JMDBRQ0l5WXYyZEtmQ1NCQ0dWeVhFYmQrRzYyUTdUTUhXMFZmMXl4blJvZ0xmNDl6TFNzPSIsImlhdCI6MTc3MzkxODg4NiwiZXhwIjoxNzc0MDA1Mjg2fQ.VAIm4WIwcNKJZYRQB5SoyrfI3HATkek21g4ntNKixYI' LIMIT 1;","timestamp":"2026-03-19 12:26:03.703","type":"database"}
{"environment":"development","level":"debug","message":"SQL Query","service":"kanyr-backend","sql":"Executing (default): SELECT `user_id`, `username`, `email`, `password`, `admin`, `diak_id`, `token_version`, `last_password_change`, `security_flags`, `deleted_at`, `created_at`, `updated_at` FROM `felhasznalos` AS `Felhasznalo` WHERE (`Felhasznalo`.`deleted_at` IS NULL AND `Felhasznalo`.`user_id` = 1);","timestamp":"2026-03-19 12:26:03.712","type":"database"}
{"duration":"17ms","environment":"development","ip":"::1","level":"info","message":"HTTP Request","method":"GET","service":"kanyr-backend","statusCode":304,"timestamp":"2026-03-19 12:26:03.716","type":"http","url":"/api/students/statistics","userAgent":"Mozilla/5.0 (Windows NT 10.0; Win64; x64) AppleWebKit/537.36 (KHTML, like Gecko) Chrome/146.0.0.0 Safari/537.36","userId":null}
{"environment":"development","ip":"::1","key":"ip:::1","level":"warn","message":"Suspicious activity detected","method":"GET","path":"/api/rooms","requestCount":76,"service":"kanyr-backend","timestamp":"2026-03-19 12:26:03.741","userAgent":"Mozilla/5.0 (Windows NT 10.0; Win64; x64) AppleWebKit/537.36 (KHTML, like Gecko) Chrome/146.0.0.0 Safari/537.36"}
{"environment":"development","level":"debug","message":"SQL Query","service":"kanyr-backend","sql":"Executing (default): SELECT `id`, `token`, `user_id`, `expires_at`, `revoked_at` FROM `revoked_tokens` AS `RevokedToken` WHERE `RevokedToken`.`token` = 'eyJhbGciOiJIUzI1NiIsInR5cCI6IkpXVCJ9.eyJkYXRhIjoiVUhpRlk1UVAxUzVEV1VkZ1VQVjhEUT09Oi9tZXE2enkrd1R6T0hsWTRLWUJtbEE9PTpsTUFTcTkydmp1RmlINUEvZmdHcSs2aHBBaDh0aVRHbUNWOGg2S09WMzVGMWs4Z3hIbmZ4dzVHaE9mRWxrTk1JMDBRQ0l5WXYyZEtmQ1NCQ0dWeVhFYmQrRzYyUTdUTUhXMFZmMXl4blJvZ0xmNDl6TFNzPSIsImlhdCI6MTc3MzkxODg4NiwiZXhwIjoxNzc0MDA1Mjg2fQ.VAIm4WIwcNKJZYRQB5SoyrfI3HATkek21g4ntNKixYI' LIMIT 1;","timestamp":"2026-03-19 12:26:03.747","type":"database"}
{"environment":"development","level":"debug","message":"SQL Query","service":"kanyr-backend","sql":"Executing (default): SELECT `user_id`, `username`, `email`, `password`, `admin`, `diak_id`, `token_version`, `last_password_change`, `security_flags`, `deleted_at`, `created_at`, `updated_at` FROM `felhasznalos` AS `Felhasznalo` WHERE (`Felhasznalo`.`deleted_at` IS NULL AND `Felhasznalo`.`user_id` = 1);","timestamp":"2026-03-19 12:26:03.749","type":"database"}
{"duration":"12ms","environment":"development","ip":"::1","level":"info","message":"HTTP Request","method":"GET","service":"kanyr-backend","statusCode":304,"timestamp":"2026-03-19 12:26:03.751","type":"http","url":"/api/rooms","userAgent":"Mozilla/5.0 (Windows NT 10.0; Win64; x64) AppleWebKit/537.36 (KHTML, like Gecko) Chrome/146.0.0.0 Safari/537.36","userId":null}
{"environment":"development","ip":"::1","key":"ip:::1","level":"warn","message":"Suspicious activity detected","method":"GET","path":"/api/students","requestCount":77,"service":"kanyr-backend","timestamp":"2026-03-19 12:26:03.764","userAgent":"Mozilla/5.0 (Windows NT 10.0; Win64; x64) AppleWebKit/537.36 (KHTML, like Gecko) Chrome/146.0.0.0 Safari/537.36"}
{"environment":"development","level":"debug","message":"SQL Query","service":"kanyr-backend","sql":"Executing (default): SELECT `id`, `token`, `user_id`, `expires_at`, `revoked_at` FROM `revoked_tokens` AS `RevokedToken` WHERE `RevokedToken`.`token` = 'eyJhbGciOiJIUzI1NiIsInR5cCI6IkpXVCJ9.eyJkYXRhIjoiVUhpRlk1UVAxUzVEV1VkZ1VQVjhEUT09Oi9tZXE2enkrd1R6T0hsWTRLWUJtbEE9PTpsTUFTcTkydmp1RmlINUEvZmdHcSs2aHBBaDh0aVRHbUNWOGg2S09WMzVGMWs4Z3hIbmZ4dzVHaE9mRWxrTk1JMDBRQ0l5WXYyZEtmQ1NCQ0dWeVhFYmQrRzYyUTdUTUhXMFZmMXl4blJvZ0xmNDl6TFNzPSIsImlhdCI6MTc3MzkxODg4NiwiZXhwIjoxNzc0MDA1Mjg2fQ.VAIm4WIwcNKJZYRQB5SoyrfI3HATkek21g4ntNKixYI' LIMIT 1;","timestamp":"2026-03-19 12:26:03.768","type":"database"}
{"environment":"development","level":"debug","message":"SQL Query","service":"kanyr-backend","sql":"Executing (default): SELECT `user_id`, `username`, `email`, `password`, `admin`, `diak_id`, `token_version`, `last_password_change`, `security_flags`, `deleted_at`, `created_at`, `updated_at` FROM `felhasznalos` AS `Felhasznalo` WHERE (`Felhasznalo`.`deleted_at` IS NULL AND `Felhasznalo`.`user_id` = 1);","timestamp":"2026-03-19 12:26:03.769","type":"database"}
{"environment":"development","level":"debug","message":"SQL Query","service":"kanyr-backend","sql":"Executing (default): SELECT count(*) AS `count` FROM `diaks` AS `Diak` WHERE (`Diak`.`deleted_at` IS NULL);","timestamp":"2026-03-19 12:26:03.771","type":"database"}
{"environment":"development","level":"debug","message":"SQL Query","service":"kanyr-backend","sql":"Executing (default): SELECT `Diak`.*, `szulo`.`szulo_id` AS `szulo.szulo_id`, `szulo`.`nev` AS `szulo.nev`, `szulo`.`email` AS `szulo.email`, `szulo`.`telefonszam` AS `szulo.telefonszam`, `szulo`.`szemelyi_igazolvany_szam` AS `szulo.szemelyi_igazolvany_szam`, `szulo`.`cim_id` AS `szulo.cim_id`, `szulo`.`deleted_at` AS `szulo.deleted_at`, `szulo`.`created_at` AS `szulo.created_at`, `szulo`.`updated_at` AS `szulo.updated_at`, `szulo->lakcim`.`cim_id` AS `szulo.lakcim.cim_id`, `szulo->lakcim`.`orszag` AS `szulo.lakcim.orszag`, `szulo->lakcim`.`iranyitoszam` AS `szulo.lakcim.iranyitoszam`, `szulo->lakcim`.`varos` AS `szulo.lakcim.varos`, `szulo->lakcim`.`utca_hazszam` AS `szulo.lakcim.utca_hazszam`, `szulo->lakcim`.`deleted_at` AS `szulo.lakcim.deleted_at`, `szulo->lakcim`.`created_at` AS `szulo.lakcim.created_at`, `szulo->lakcim`.`updated_at` AS `szulo.lakcim.updated_at`, `lakcim`.`cim_id` AS `lakcim.cim_id`, `lakcim`.`orszag` AS `lakcim.orszag`, `lakcim`.`iranyitoszam` AS `lakcim.iranyitoszam`, `lakcim`.`varos` AS `lakcim.varos`, `lakcim`.`utca_hazszam` AS `lakcim.utca_hazszam`, `lakcim`.`deleted_at` AS `lakcim.deleted_at`, `lakcim`.`created_at` AS `lakcim.created_at`, `lakcim`.`updated_at` AS `lakcim.updated_at`, `bekoltozesek`.`bekoltozes_id` AS `bekoltozesek.bekoltozes_id`, `bekoltozesek`.`diak_id` AS `bekoltozesek.diak_id`, `bekoltozesek`.`szoba_id` AS `bekoltozesek.szoba_id`, `bekoltozesek`.`bekoltozes_datum` AS `bekoltozesek.bekoltozes_datum`, `bekoltozesek`.`kikoltozes_datum` AS `bekoltozesek.kikoltozes_datum`, `bekoltozesek`.`deleted_at` AS `bekoltozesek.deleted_at`, `bekoltozesek`.`created_at` AS `bekoltozesek.created_at`, `bekoltozesek`.`updated_at` AS `bekoltozesek.updated_at`, `bekoltozesek->szoba`.`szoba_id` AS `bekoltozesek.szoba.szoba_id`, `bekoltozesek->szoba`.`szoba_szama` AS `bekoltozesek.szoba.szoba_szama`, `bekoltozesek->szoba`.`osszes_hely` AS `bekoltozesek.szoba.osszes_hely`, `bekoltozesek->szoba`.`deleted_at` AS `bekoltozesek.szoba.deleted_at`, `bekoltozesek->szoba`.`created_at` AS `bekoltozesek.szoba.created_at`, `bekoltozesek->szoba`.`updated_at` AS `bekoltozesek.szoba.updated_at` FROM (SELECT `Diak`.`diak_id`, `Diak`.`nev`, `Diak`.`email`, `Diak`.`telefonszam`, `Diak`.`szuletesi_datum`, `Diak`.`szemelyi_igazolvany_szam`, `Diak`.`taj_szam`, `Diak`.`diakigazolvany_szam`, `Diak`.`szulo_id`, `Diak`.`kapcsolat_tipusa`, `Diak`.`cim_id`, `Diak`.`nem`, `Diak`.`deleted_at`, `Diak`.`created_at`, `Diak`.`updated_at` FROM `diaks` AS `Diak` WHERE `Diak`.`deleted_at` IS NULL ORDER BY `Diak`.`nev` ASC LIMIT 0, 50) AS `Diak` LEFT OUTER JOIN `szulos` AS `szulo` ON `Diak`.`szulo_id` = `szulo`.`szulo_id` AND (`szulo`.`deleted_at` IS NULL) LEFT OUTER JOIN `lakcims` AS `szulo->lakcim` ON `szulo`.`cim_id` = `szulo->lakcim`.`cim_id` AND (`szulo->lakcim`.`deleted_at` IS NULL) LEFT OUTER JOIN `lakcims` AS `lakcim` ON `Diak`.`cim_id` = `lakcim`.`cim_id` AND (`lakcim`.`deleted_at` IS NULL) LEFT OUTER JOIN `szoba_bekoltozes` AS `bekoltozesek` ON `Diak`.`diak_id` = `bekoltozesek`.`diak_id` AND (`bekoltozesek`.`deleted_at` IS NULL) LEFT OUTER JOIN `szobas` AS `bekoltozesek->szoba` ON `bekoltozesek`.`szoba_id` = `bekoltozesek->szoba`.`szoba_id` AND (`bekoltozesek->szoba`.`deleted_at` IS NULL) ORDER BY `Diak`.`nev` ASC;","timestamp":"2026-03-19 12:26:03.779","type":"database"}
{"duration":"23ms","environment":"development","ip":"::1","level":"info","message":"HTTP Request","method":"GET","service":"kanyr-backend","statusCode":304,"timestamp":"2026-03-19 12:26:03.787","type":"http","url":"/api/students","userAgent":"Mozilla/5.0 (Windows NT 10.0; Win64; x64) AppleWebKit/537.36 (KHTML, like Gecko) Chrome/146.0.0.0 Safari/537.36","userId":null}
{"environment":"development","ip":"::1","key":"ip:::1","level":"warn","message":"Suspicious activity detected","method":"GET","path":"/api/room-changes/admin/notifications","requestCount":78,"service":"kanyr-backend","timestamp":"2026-03-19 12:26:10.797","userAgent":"Mozilla/5.0 (Windows NT 10.0; Win64; x64) AppleWebKit/537.36 (KHTML, like Gecko) Chrome/146.0.0.0 Safari/537.36"}
{"environment":"development","level":"debug","message":"SQL Query","service":"kanyr-backend","sql":"Executing (default): SELECT `id`, `token`, `user_id`, `expires_at`, `revoked_at` FROM `revoked_tokens` AS `RevokedToken` WHERE `RevokedToken`.`token` = 'eyJhbGciOiJIUzI1NiIsInR5cCI6IkpXVCJ9.eyJkYXRhIjoiVUhpRlk1UVAxUzVEV1VkZ1VQVjhEUT09Oi9tZXE2enkrd1R6T0hsWTRLWUJtbEE9PTpsTUFTcTkydmp1RmlINUEvZmdHcSs2aHBBaDh0aVRHbUNWOGg2S09WMzVGMWs4Z3hIbmZ4dzVHaE9mRWxrTk1JMDBRQ0l5WXYyZEtmQ1NCQ0dWeVhFYmQrRzYyUTdUTUhXMFZmMXl4blJvZ0xmNDl6TFNzPSIsImlhdCI6MTc3MzkxODg4NiwiZXhwIjoxNzc0MDA1Mjg2fQ.VAIm4WIwcNKJZYRQB5SoyrfI3HATkek21g4ntNKixYI' LIMIT 1;","timestamp":"2026-03-19 12:26:10.804","type":"database"}
{"environment":"development","ip":"::1","key":"ip:::1","level":"warn","message":"Suspicious activity detected","method":"GET","path":"/api/students/statistics","requestCount":79,"service":"kanyr-backend","timestamp":"2026-03-19 12:26:10.818","userAgent":"Mozilla/5.0 (Windows NT 10.0; Win64; x64) AppleWebKit/537.36 (KHTML, like Gecko) Chrome/146.0.0.0 Safari/537.36"}
{"environment":"development","level":"debug","message":"SQL Query","service":"kanyr-backend","sql":"Executing (default): SELECT `id`, `token`, `user_id`, `expires_at`, `revoked_at` FROM `revoked_tokens` AS `RevokedToken` WHERE `RevokedToken`.`token` = 'eyJhbGciOiJIUzI1NiIsInR5cCI6IkpXVCJ9.eyJkYXRhIjoiVUhpRlk1UVAxUzVEV1VkZ1VQVjhEUT09Oi9tZXE2enkrd1R6T0hsWTRLWUJtbEE9PTpsTUFTcTkydmp1RmlINUEvZmdHcSs2aHBBaDh0aVRHbUNWOGg2S09WMzVGMWs4Z3hIbmZ4dzVHaE9mRWxrTk1JMDBRQ0l5WXYyZEtmQ1NCQ0dWeVhFYmQrRzYyUTdUTUhXMFZmMXl4blJvZ0xmNDl6TFNzPSIsImlhdCI6MTc3MzkxODg4NiwiZXhwIjoxNzc0MDA1Mjg2fQ.VAIm4WIwcNKJZYRQB5SoyrfI3HATkek21g4ntNKixYI' LIMIT 1;","timestamp":"2026-03-19 12:26:10.835","type":"database"}
{"environment":"development","ip":"::1","key":"ip:::1","level":"warn","message":"Suspicious activity detected","method":"GET","path":"/api/auth/me","requestCount":80,"service":"kanyr-backend","timestamp":"2026-03-19 12:26:10.836","userAgent":"Mozilla/5.0 (Windows NT 10.0; Win64; x64) AppleWebKit/537.36 (KHTML, like Gecko) Chrome/146.0.0.0 Safari/537.36"}
{"environment":"development","level":"debug","message":"SQL Query","service":"kanyr-backend","sql":"Executing (default): SELECT `id`, `token`, `user_id`, `expires_at`, `revoked_at` FROM `revoked_tokens` AS `RevokedToken` WHERE `RevokedToken`.`token` = 'eyJhbGciOiJIUzI1NiIsInR5cCI6IkpXVCJ9.eyJkYXRhIjoiVUhpRlk1UVAxUzVEV1VkZ1VQVjhEUT09Oi9tZXE2enkrd1R6T0hsWTRLWUJtbEE9PTpsTUFTcTkydmp1RmlINUEvZmdHcSs2aHBBaDh0aVRHbUNWOGg2S09WMzVGMWs4Z3hIbmZ4dzVHaE9mRWxrTk1JMDBRQ0l5WXYyZEtmQ1NCQ0dWeVhFYmQrRzYyUTdUTUhXMFZmMXl4blJvZ0xmNDl6TFNzPSIsImlhdCI6MTc3MzkxODg4NiwiZXhwIjoxNzc0MDA1Mjg2fQ.VAIm4WIwcNKJZYRQB5SoyrfI3HATkek21g4ntNKixYI' LIMIT 1;","timestamp":"2026-03-19 12:26:10.850","type":"database"}
{"environment":"development","level":"debug","message":"SQL Query","service":"kanyr-backend","sql":"Executing (default): SELECT `user_id`, `username`, `email`, `password`, `admin`, `diak_id`, `token_version`, `last_password_change`, `security_flags`, `deleted_at`, `created_at`, `updated_at` FROM `felhasznalos` AS `Felhasznalo` WHERE (`Felhasznalo`.`deleted_at` IS NULL AND `Felhasznalo`.`user_id` = 1);","timestamp":"2026-03-19 12:26:10.853","type":"database"}
{"environment":"development","level":"debug","message":"SQL Query","service":"kanyr-backend","sql":"Executing (default): SELECT `user_id`, `username`, `email`, `password`, `admin`, `diak_id`, `token_version`, `last_password_change`, `security_flags`, `deleted_at`, `created_at`, `updated_at` FROM `felhasznalos` AS `Felhasznalo` WHERE (`Felhasznalo`.`deleted_at` IS NULL AND `Felhasznalo`.`user_id` = 1);","timestamp":"2026-03-19 12:26:10.854","type":"database"}
{"environment":"development","level":"debug","message":"SQL Query","service":"kanyr-backend","sql":"Executing (default): SELECT `user_id`, `username`, `email`, `password`, `admin`, `diak_id`, `token_version`, `last_password_change`, `security_flags`, `deleted_at`, `created_at`, `updated_at` FROM `felhasznalos` AS `Felhasznalo` WHERE (`Felhasznalo`.`deleted_at` IS NULL AND `Felhasznalo`.`user_id` = 1);","timestamp":"2026-03-19 12:26:10.866","type":"database"}
{"environment":"development","level":"debug","message":"SQL Query","service":"kanyr-backend","sql":"Executing (default): SELECT `Notification`.`notification_id`, `Notification`.`diak_id`, `Notification`.`szoba_valtoztatas_id`, `Notification`.`tipus`, `Notification`.`uzenet`, `Notification`.`elolvasva`, `Notification`.`deleted_at`, `Notification`.`created_at`, `Notification`.`updated_at`, `diak`.`diak_id` AS `diak.diak_id`, `diak`.`nev` AS `diak.nev`, `diak`.`email` AS `diak.email`, `diak`.`telefonszam` AS `diak.telefonszam`, `szoba_valtoztatas`.`valtoztatas_id` AS `szoba_valtoztatas.valtoztatas_id`, `szoba_valtoztatas`.`diak_id` AS `szoba_valtoztatas.diak_id`, `szoba_valtoztatas`.`jelenlegi_szoba_id` AS `szoba_valtoztatas.jelenlegi_szoba_id`, `szoba_valtoztatas`.`kivant_szoba_id` AS `szoba_valtoztatas.kivant_szoba_id`, `szoba_valtoztatas`.`statusz` AS `szoba_valtoztatas.statusz`, `szoba_valtoztatas`.`indok` AS `szoba_valtoztatas.indok`, `szoba_valtoztatas`.`academic_year` AS `szoba_valtoztatas.academic_year`, `szoba_valtoztatas`.`semester_count` AS `szoba_valtoztatas.semester_count`, `szoba_valtoztatas`.`deleted_at` AS `szoba_valtoztatas.deleted_at`, `szoba_valtoztatas`.`created_at` AS `szoba_valtoztatas.created_at`, `szoba_valtoztatas`.`updated_at` AS `szoba_valtoztatas.updated_at`, `szoba_valtoztatas->jelenlegi_szoba`.`szoba_id` AS `szoba_valtoztatas.jelenlegi_szoba.szoba_id`, `szoba_valtoztatas->jelenlegi_szoba`.`szoba_szama` AS `szoba_valtoztatas.jelenlegi_szoba.szoba_szama`, `szoba_valtoztatas->kivant_szoba`.`szoba_id` AS `szoba_valtoztatas.kivant_szoba.szoba_id`, `szoba_valtoztatas->kivant_szoba`.`szoba_szama` AS `szoba_valtoztatas.kivant_szoba.szoba_szama` FROM `notifications` AS `Notification` LEFT OUTER JOIN `diaks` AS `diak` ON `Notification`.`diak_id` = `diak`.`diak_id` AND (`diak`.`deleted_at` IS NULL) LEFT OUTER JOIN `szobavaltoztatas` AS `szoba_valtoztatas` ON `Notification`.`szoba_valtoztatas_id` = `szoba_valtoztatas`.`valtoztatas_id` AND (`szoba_valtoztatas`.`deleted_at` IS NULL) LEFT OUTER JOIN `szobas` AS `szoba_valtoztatas->jelenlegi_szoba` ON `szoba_valtoztatas`.`jelenlegi_szoba_id` = `szoba_valtoztatas->jelenlegi_szoba`.`szoba_id` AND (`szoba_valtoztatas->jelenlegi_szoba`.`deleted_at` IS NULL) LEFT OUTER JOIN `szobas` AS `szoba_valtoztatas->kivant_szoba` ON `szoba_valtoztatas`.`kivant_szoba_id` = `szoba_valtoztatas->kivant_szoba`.`szoba_id` AND (`szoba_valtoztatas->kivant_szoba`.`deleted_at` IS NULL) WHERE (`Notification`.`deleted_at` IS NULL) ORDER BY `Notification`.`created_at` DESC;","timestamp":"2026-03-19 12:26:10.871","type":"database"}
{"duration":"67ms","environment":"development","ip":"::1","level":"info","message":"HTTP Request","method":"GET","service":"kanyr-backend","statusCode":304,"timestamp":"2026-03-19 12:26:10.883","type":"http","url":"/api/students/statistics","userAgent":"Mozilla/5.0 (Windows NT 10.0; Win64; x64) AppleWebKit/537.36 (KHTML, like Gecko) Chrome/146.0.0.0 Safari/537.36","userId":null}
{"duration":"48ms","environment":"development","ip":"::1","level":"info","message":"HTTP Request","method":"GET","service":"kanyr-backend","statusCode":304,"timestamp":"2026-03-19 12:26:10.884","type":"http","url":"/api/auth/me","userAgent":"Mozilla/5.0 (Windows NT 10.0; Win64; x64) AppleWebKit/537.36 (KHTML, like Gecko) Chrome/146.0.0.0 Safari/537.36","userId":null}
{"duration":"106ms","environment":"development","ip":"::1","level":"info","message":"HTTP Request","method":"GET","service":"kanyr-backend","statusCode":304,"timestamp":"2026-03-19 12:26:10.904","type":"http","url":"/api/room-changes/admin/notifications","userAgent":"Mozilla/5.0 (Windows NT 10.0; Win64; x64) AppleWebKit/537.36 (KHTML, like Gecko) Chrome/146.0.0.0 Safari/537.36","userId":null}
{"environment":"development","ip":"::1","key":"ip:::1","level":"warn","message":"Suspicious activity detected","method":"GET","path":"/api/students","requestCount":81,"service":"kanyr-backend","timestamp":"2026-03-19 12:26:32.722","userAgent":"Mozilla/5.0 (Windows NT 10.0; Win64; x64) AppleWebKit/537.36 (KHTML, like Gecko) Chrome/146.0.0.0 Safari/537.36"}
{"environment":"development","level":"debug","message":"SQL Query","service":"kanyr-backend","sql":"Executing (default): SELECT `id`, `token`, `user_id`, `expires_at`, `revoked_at` FROM `revoked_tokens` AS `RevokedToken` WHERE `RevokedToken`.`token` = 'eyJhbGciOiJIUzI1NiIsInR5cCI6IkpXVCJ9.eyJkYXRhIjoiVUhpRlk1UVAxUzVEV1VkZ1VQVjhEUT09Oi9tZXE2enkrd1R6T0hsWTRLWUJtbEE9PTpsTUFTcTkydmp1RmlINUEvZmdHcSs2aHBBaDh0aVRHbUNWOGg2S09WMzVGMWs4Z3hIbmZ4dzVHaE9mRWxrTk1JMDBRQ0l5WXYyZEtmQ1NCQ0dWeVhFYmQrRzYyUTdUTUhXMFZmMXl4blJvZ0xmNDl6TFNzPSIsImlhdCI6MTc3MzkxODg4NiwiZXhwIjoxNzc0MDA1Mjg2fQ.VAIm4WIwcNKJZYRQB5SoyrfI3HATkek21g4ntNKixYI' LIMIT 1;","timestamp":"2026-03-19 12:26:32.726","type":"database"}
{"environment":"development","level":"debug","message":"SQL Query","service":"kanyr-backend","sql":"Executing (default): SELECT `user_id`, `username`, `email`, `password`, `admin`, `diak_id`, `token_version`, `last_password_change`, `security_flags`, `deleted_at`, `created_at`, `updated_at` FROM `felhasznalos` AS `Felhasznalo` WHERE (`Felhasznalo`.`deleted_at` IS NULL AND `Felhasznalo`.`user_id` = 1);","timestamp":"2026-03-19 12:26:32.732","type":"database"}
{"environment":"development","level":"debug","message":"SQL Query","service":"kanyr-backend","sql":"Executing (default): SELECT count(*) AS `count` FROM `diaks` AS `Diak` WHERE (`Diak`.`deleted_at` IS NULL);","timestamp":"2026-03-19 12:26:32.754","type":"database"}
{"environment":"development","level":"debug","message":"SQL Query","service":"kanyr-backend","sql":"Executing (default): SELECT `Diak`.*, `szulo`.`szulo_id` AS `szulo.szulo_id`, `szulo`.`nev` AS `szulo.nev`, `szulo`.`email` AS `szulo.email`, `szulo`.`telefonszam` AS `szulo.telefonszam`, `szulo`.`szemelyi_igazolvany_szam` AS `szulo.szemelyi_igazolvany_szam`, `szulo`.`cim_id` AS `szulo.cim_id`, `szulo`.`deleted_at` AS `szulo.deleted_at`, `szulo`.`created_at` AS `szulo.created_at`, `szulo`.`updated_at` AS `szulo.updated_at`, `szulo->lakcim`.`cim_id` AS `szulo.lakcim.cim_id`, `szulo->lakcim`.`orszag` AS `szulo.lakcim.orszag`, `szulo->lakcim`.`iranyitoszam` AS `szulo.lakcim.iranyitoszam`, `szulo->lakcim`.`varos` AS `szulo.lakcim.varos`, `szulo->lakcim`.`utca_hazszam` AS `szulo.lakcim.utca_hazszam`, `szulo->lakcim`.`deleted_at` AS `szulo.lakcim.deleted_at`, `szulo->lakcim`.`created_at` AS `szulo.lakcim.created_at`, `szulo->lakcim`.`updated_at` AS `szulo.lakcim.updated_at`, `lakcim`.`cim_id` AS `lakcim.cim_id`, `lakcim`.`orszag` AS `lakcim.orszag`, `lakcim`.`iranyitoszam` AS `lakcim.iranyitoszam`, `lakcim`.`varos` AS `lakcim.varos`, `lakcim`.`utca_hazszam` AS `lakcim.utca_hazszam`, `lakcim`.`deleted_at` AS `lakcim.deleted_at`, `lakcim`.`created_at` AS `lakcim.created_at`, `lakcim`.`updated_at` AS `lakcim.updated_at`, `bekoltozesek`.`bekoltozes_id` AS `bekoltozesek.bekoltozes_id`, `bekoltozesek`.`diak_id` AS `bekoltozesek.diak_id`, `bekoltozesek`.`szoba_id` AS `bekoltozesek.szoba_id`, `bekoltozesek`.`bekoltozes_datum` AS `bekoltozesek.bekoltozes_datum`, `bekoltozesek`.`kikoltozes_datum` AS `bekoltozesek.kikoltozes_datum`, `bekoltozesek`.`deleted_at` AS `bekoltozesek.deleted_at`, `bekoltozesek`.`created_at` AS `bekoltozesek.created_at`, `bekoltozesek`.`updated_at` AS `bekoltozesek.updated_at`, `bekoltozesek->szoba`.`szoba_id` AS `bekoltozesek.szoba.szoba_id`, `bekoltozesek->szoba`.`szoba_szama` AS `bekoltozesek.szoba.szoba_szama`, `bekoltozesek->szoba`.`osszes_hely` AS `bekoltozesek.szoba.osszes_hely`, `bekoltozesek->szoba`.`deleted_at` AS `bekoltozesek.szoba.deleted_at`, `bekoltozesek->szoba`.`created_at` AS `bekoltozesek.szoba.created_at`, `bekoltozesek->szoba`.`updated_at` AS `bekoltozesek.szoba.updated_at` FROM (SELECT `Diak`.`diak_id`, `Diak`.`nev`, `Diak`.`email`, `Diak`.`telefonszam`, `Diak`.`szuletesi_datum`, `Diak`.`szemelyi_igazolvany_szam`, `Diak`.`taj_szam`, `Diak`.`diakigazolvany_szam`, `Diak`.`szulo_id`, `Diak`.`kapcsolat_tipusa`, `Diak`.`cim_id`, `Diak`.`nem`, `Diak`.`deleted_at`, `Diak`.`created_at`, `Diak`.`updated_at` FROM `diaks` AS `Diak` WHERE `Diak`.`deleted_at` IS NULL ORDER BY `Diak`.`nev` ASC LIMIT 0, 50) AS `Diak` LEFT OUTER JOIN `szulos` AS `szulo` ON `Diak`.`szulo_id` = `szulo`.`szulo_id` AND (`szulo`.`deleted_at` IS NULL) LEFT OUTER JOIN `lakcims` AS `szulo->lakcim` ON `szulo`.`cim_id` = `szulo->lakcim`.`cim_id` AND (`szulo->lakcim`.`deleted_at` IS NULL) LEFT OUTER JOIN `lakcims` AS `lakcim` ON `Diak`.`cim_id` = `lakcim`.`cim_id` AND (`lakcim`.`deleted_at` IS NULL) LEFT OUTER JOIN `szoba_bekoltozes` AS `bekoltozesek` ON `Diak`.`diak_id` = `bekoltozesek`.`diak_id` AND (`bekoltozesek`.`deleted_at` IS NULL) LEFT OUTER JOIN `szobas` AS `bekoltozesek->szoba` ON `bekoltozesek`.`szoba_id` = `bekoltozesek->szoba`.`szoba_id` AND (`bekoltozesek->szoba`.`deleted_at` IS NULL) ORDER BY `Diak`.`nev` ASC;","timestamp":"2026-03-19 12:26:32.765","type":"database"}
{"duration":"77ms","environment":"development","ip":"::1","level":"info","message":"HTTP Request","method":"GET","service":"kanyr-backend","statusCode":304,"timestamp":"2026-03-19 12:26:32.798","type":"http","url":"/api/students?includeRelations=true","userAgent":"Mozilla/5.0 (Windows NT 10.0; Win64; x64) AppleWebKit/537.36 (KHTML, like Gecko) Chrome/146.0.0.0 Safari/537.36","userId":null}
{"environment":"development","ip":"::1","key":"ip:::1","level":"warn","message":"Suspicious activity detected","method":"GET","path":"/api/room-changes/admin/notifications","requestCount":82,"service":"kanyr-backend","timestamp":"2026-03-19 12:27:24.565","userAgent":"Mozilla/5.0 (Windows NT 10.0; Win64; x64) AppleWebKit/537.36 (KHTML, like Gecko) Chrome/146.0.0.0 Safari/537.36"}
{"environment":"development","level":"debug","message":"SQL Query","service":"kanyr-backend","sql":"Executing (default): SELECT `id`, `token`, `user_id`, `expires_at`, `revoked_at` FROM `revoked_tokens` AS `RevokedToken` WHERE `RevokedToken`.`token` = 'eyJhbGciOiJIUzI1NiIsInR5cCI6IkpXVCJ9.eyJkYXRhIjoiVUhpRlk1UVAxUzVEV1VkZ1VQVjhEUT09Oi9tZXE2enkrd1R6T0hsWTRLWUJtbEE9PTpsTUFTcTkydmp1RmlINUEvZmdHcSs2aHBBaDh0aVRHbUNWOGg2S09WMzVGMWs4Z3hIbmZ4dzVHaE9mRWxrTk1JMDBRQ0l5WXYyZEtmQ1NCQ0dWeVhFYmQrRzYyUTdUTUhXMFZmMXl4blJvZ0xmNDl6TFNzPSIsImlhdCI6MTc3MzkxODg4NiwiZXhwIjoxNzc0MDA1Mjg2fQ.VAIm4WIwcNKJZYRQB5SoyrfI3HATkek21g4ntNKixYI' LIMIT 1;","timestamp":"2026-03-19 12:27:24.568","type":"database"}
{"environment":"development","ip":"::1","key":"ip:::1","level":"warn","message":"Suspicious activity detected","method":"GET","path":"/api/students/statistics","requestCount":83,"service":"kanyr-backend","timestamp":"2026-03-19 12:27:24.569","userAgent":"Mozilla/5.0 (Windows NT 10.0; Win64; x64) AppleWebKit/537.36 (KHTML, like Gecko) Chrome/146.0.0.0 Safari/537.36"}
{"environment":"development","level":"debug","message":"SQL Query","service":"kanyr-backend","sql":"Executing (default): SELECT `id`, `token`, `user_id`, `expires_at`, `revoked_at` FROM `revoked_tokens` AS `RevokedToken` WHERE `RevokedToken`.`token` = 'eyJhbGciOiJIUzI1NiIsInR5cCI6IkpXVCJ9.eyJkYXRhIjoiVUhpRlk1UVAxUzVEV1VkZ1VQVjhEUT09Oi9tZXE2enkrd1R6T0hsWTRLWUJtbEE9PTpsTUFTcTkydmp1RmlINUEvZmdHcSs2aHBBaDh0aVRHbUNWOGg2S09WMzVGMWs4Z3hIbmZ4dzVHaE9mRWxrTk1JMDBRQ0l5WXYyZEtmQ1NCQ0dWeVhFYmQrRzYyUTdUTUhXMFZmMXl4blJvZ0xmNDl6TFNzPSIsImlhdCI6MTc3MzkxODg4NiwiZXhwIjoxNzc0MDA1Mjg2fQ.VAIm4WIwcNKJZYRQB5SoyrfI3HATkek21g4ntNKixYI' LIMIT 1;","timestamp":"2026-03-19 12:27:24.572","type":"database"}
{"environment":"development","ip":"::1","key":"ip:::1","level":"warn","message":"Suspicious activity detected","method":"GET","path":"/api/auth/me","requestCount":84,"service":"kanyr-backend","timestamp":"2026-03-19 12:27:24.577","userAgent":"Mozilla/5.0 (Windows NT 10.0; Win64; x64) AppleWebKit/537.36 (KHTML, like Gecko) Chrome/146.0.0.0 Safari/537.36"}
{"environment":"development","level":"debug","message":"SQL Query","service":"kanyr-backend","sql":"Executing (default): SELECT `id`, `token`, `user_id`, `expires_at`, `revoked_at` FROM `revoked_tokens` AS `RevokedToken` WHERE `RevokedToken`.`token` = 'eyJhbGciOiJIUzI1NiIsInR5cCI6IkpXVCJ9.eyJkYXRhIjoiVUhpRlk1UVAxUzVEV1VkZ1VQVjhEUT09Oi9tZXE2enkrd1R6T0hsWTRLWUJtbEE9PTpsTUFTcTkydmp1RmlINUEvZmdHcSs2aHBBaDh0aVRHbUNWOGg2S09WMzVGMWs4Z3hIbmZ4dzVHaE9mRWxrTk1JMDBRQ0l5WXYyZEtmQ1NCQ0dWeVhFYmQrRzYyUTdUTUhXMFZmMXl4blJvZ0xmNDl6TFNzPSIsImlhdCI6MTc3MzkxODg4NiwiZXhwIjoxNzc0MDA1Mjg2fQ.VAIm4WIwcNKJZYRQB5SoyrfI3HATkek21g4ntNKixYI' LIMIT 1;","timestamp":"2026-03-19 12:27:24.580","type":"database"}
{"environment":"development","level":"debug","message":"SQL Query","service":"kanyr-backend","sql":"Executing (default): SELECT `user_id`, `username`, `email`, `password`, `admin`, `diak_id`, `token_version`, `last_password_change`, `security_flags`, `deleted_at`, `created_at`, `updated_at` FROM `felhasznalos` AS `Felhasznalo` WHERE (`Felhasznalo`.`deleted_at` IS NULL AND `Felhasznalo`.`user_id` = 1);","timestamp":"2026-03-19 12:27:24.586","type":"database"}
{"environment":"development","level":"debug","message":"SQL Query","service":"kanyr-backend","sql":"Executing (default): SELECT `user_id`, `username`, `email`, `password`, `admin`, `diak_id`, `token_version`, `last_password_change`, `security_flags`, `deleted_at`, `created_at`, `updated_at` FROM `felhasznalos` AS `Felhasznalo` WHERE (`Felhasznalo`.`deleted_at` IS NULL AND `Felhasznalo`.`user_id` = 1);","timestamp":"2026-03-19 12:27:24.587","type":"database"}
{"environment":"development","level":"debug","message":"SQL Query","service":"kanyr-backend","sql":"Executing (default): SELECT `user_id`, `username`, `email`, `password`, `admin`, `diak_id`, `token_version`, `last_password_change`, `security_flags`, `deleted_at`, `created_at`, `updated_at` FROM `felhasznalos` AS `Felhasznalo` WHERE (`Felhasznalo`.`deleted_at` IS NULL AND `Felhasznalo`.`user_id` = 1);","timestamp":"2026-03-19 12:27:24.589","type":"database"}
{"environment":"development","level":"debug","message":"SQL Query","service":"kanyr-backend","sql":"Executing (default): SELECT count(*) AS `count` FROM `diaks` AS `Diak` WHERE (`Diak`.`deleted_at` IS NULL);","timestamp":"2026-03-19 12:27:24.621","type":"database"}
{"environment":"development","level":"debug","message":"SQL Query","service":"kanyr-backend","sql":"Executing (default): SELECT count(`Diak`.`diak_id`) AS `count` FROM `diaks` AS `Diak` INNER JOIN `szoba_bekoltozes` AS `bekoltozesek` ON `Diak`.`diak_id` = `bekoltozesek`.`diak_id` AND (`bekoltozesek`.`deleted_at` IS NULL AND `bekoltozesek`.`kikoltozes_datum` IS NULL) WHERE (`Diak`.`deleted_at` IS NULL);","timestamp":"2026-03-19 12:27:24.621","type":"database"}
{"environment":"development","level":"debug","message":"SQL Query","service":"kanyr-backend","sql":"Executing (default): SELECT count(*) AS `count` FROM `szobas` AS `Szoba` WHERE (`Szoba`.`deleted_at` IS NULL);","timestamp":"2026-03-19 12:27:24.622","type":"database"}
{"environment":"development","level":"debug","message":"SQL Query","service":"kanyr-backend","sql":"Executing (default): SELECT `szoba_id`, `szoba_szama`, `osszes_hely` FROM `szobas` AS `Szoba` WHERE (`Szoba`.`deleted_at` IS NULL);","timestamp":"2026-03-19 12:27:24.624","type":"database"}
{"environment":"development","level":"debug","message":"SQL Query","service":"kanyr-backend","sql":"Executing (default): SELECT `szoba_id`, COUNT(`bekoltozes_id`) AS `occupancy` FROM `szoba_bekoltozes` AS `SzobaBekoltozes` WHERE (`SzobaBekoltozes`.`deleted_at` IS NULL AND `SzobaBekoltozes`.`kikoltozes_datum` IS NULL) GROUP BY `szoba_id`;","timestamp":"2026-03-19 12:27:24.628","type":"database"}
{"environment":"development","level":"debug","message":"SQL Query","service":"kanyr-backend","sql":"Executing (default): SELECT `bekoltozes_id`, `diak_id`, `szoba_id`, `bekoltozes_datum`, `kikoltozes_datum`, `deleted_at`, `created_at`, `updated_at` FROM `szoba_bekoltozes` AS `SzobaBekoltozes` WHERE (`SzobaBekoltozes`.`deleted_at` IS NULL) ORDER BY `SzobaBekoltozes`.`bekoltozes_datum` DESC LIMIT 1;","timestamp":"2026-03-19 12:27:24.630","type":"database"}
{"environment":"development","level":"debug","message":"SQL Query","service":"kanyr-backend","sql":"Executing (default): SELECT `bekoltozes_id`, `diak_id`, `szoba_id`, `bekoltozes_datum`, `kikoltozes_datum`, `deleted_at`, `created_at`, `updated_at` FROM `szoba_bekoltozes` AS `SzobaBekoltozes` WHERE (`SzobaBekoltozes`.`deleted_at` IS NULL AND `SzobaBekoltozes`.`kikoltozes_datum` IS NOT NULL) ORDER BY `SzobaBekoltozes`.`kikoltozes_datum` DESC LIMIT 1;","timestamp":"2026-03-19 12:27:24.635","type":"database"}
{"environment":"development","level":"debug","message":"SQL Query","service":"kanyr-backend","sql":"Executing (default): SELECT `Notification`.`notification_id`, `Notification`.`diak_id`, `Notification`.`szoba_valtoztatas_id`, `Notification`.`tipus`, `Notification`.`uzenet`, `Notification`.`elolvasva`, `Notification`.`deleted_at`, `Notification`.`created_at`, `Notification`.`updated_at`, `diak`.`diak_id` AS `diak.diak_id`, `diak`.`nev` AS `diak.nev`, `diak`.`email` AS `diak.email`, `diak`.`telefonszam` AS `diak.telefonszam`, `szoba_valtoztatas`.`valtoztatas_id` AS `szoba_valtoztatas.valtoztatas_id`, `szoba_valtoztatas`.`diak_id` AS `szoba_valtoztatas.diak_id`, `szoba_valtoztatas`.`jelenlegi_szoba_id` AS `szoba_valtoztatas.jelenlegi_szoba_id`, `szoba_valtoztatas`.`kivant_szoba_id` AS `szoba_valtoztatas.kivant_szoba_id`, `szoba_valtoztatas`.`statusz` AS `szoba_valtoztatas.statusz`, `szoba_valtoztatas`.`indok` AS `szoba_valtoztatas.indok`, `szoba_valtoztatas`.`academic_year` AS `szoba_valtoztatas.academic_year`, `szoba_valtoztatas`.`semester_count` AS `szoba_valtoztatas.semester_count`, `szoba_valtoztatas`.`deleted_at` AS `szoba_valtoztatas.deleted_at`, `szoba_valtoztatas`.`created_at` AS `szoba_valtoztatas.created_at`, `szoba_valtoztatas`.`updated_at` AS `szoba_valtoztatas.updated_at`, `szoba_valtoztatas->jelenlegi_szoba`.`szoba_id` AS `szoba_valtoztatas.jelenlegi_szoba.szoba_id`, `szoba_valtoztatas->jelenlegi_szoba`.`szoba_szama` AS `szoba_valtoztatas.jelenlegi_szoba.szoba_szama`, `szoba_valtoztatas->kivant_szoba`.`szoba_id` AS `szoba_valtoztatas.kivant_szoba.szoba_id`, `szoba_valtoztatas->kivant_szoba`.`szoba_szama` AS `szoba_valtoztatas.kivant_szoba.szoba_szama` FROM `notifications` AS `Notification` LEFT OUTER JOIN `diaks` AS `diak` ON `Notification`.`diak_id` = `diak`.`diak_id` AND (`diak`.`deleted_at` IS NULL) LEFT OUTER JOIN `szobavaltoztatas` AS `szoba_valtoztatas` ON `Notification`.`szoba_valtoztatas_id` = `szoba_valtoztatas`.`valtoztatas_id` AND (`szoba_valtoztatas`.`deleted_at` IS NULL) LEFT OUTER JOIN `szobas` AS `szoba_valtoztatas->jelenlegi_szoba` ON `szoba_valtoztatas`.`jelenlegi_szoba_id` = `szoba_valtoztatas->jelenlegi_szoba`.`szoba_id` AND (`szoba_valtoztatas->jelenlegi_szoba`.`deleted_at` IS NULL) LEFT OUTER JOIN `szobas` AS `szoba_valtoztatas->kivant_szoba` ON `szoba_valtoztatas`.`kivant_szoba_id` = `szoba_valtoztatas->kivant_szoba`.`szoba_id` AND (`szoba_valtoztatas->kivant_szoba`.`deleted_at` IS NULL) WHERE (`Notification`.`deleted_at` IS NULL) ORDER BY `Notification`.`created_at` DESC;","timestamp":"2026-03-19 12:27:24.639","type":"database"}
{"duration":"72ms","environment":"development","ip":"::1","level":"info","message":"HTTP Request","method":"GET","service":"kanyr-backend","statusCode":304,"timestamp":"2026-03-19 12:27:24.652","type":"http","url":"/api/auth/me","userAgent":"Mozilla/5.0 (Windows NT 10.0; Win64; x64) AppleWebKit/537.36 (KHTML, like Gecko) Chrome/146.0.0.0 Safari/537.36","userId":null}
{"duration":"104ms","environment":"development","ip":"::1","level":"info","message":"HTTP Request","method":"GET","service":"kanyr-backend","statusCode":304,"timestamp":"2026-03-19 12:27:24.669","type":"http","url":"/api/room-changes/admin/notifications","userAgent":"Mozilla/5.0 (Windows NT 10.0; Win64; x64) AppleWebKit/537.36 (KHTML, like Gecko) Chrome/146.0.0.0 Safari/537.36","userId":null}
{"duration":"103ms","environment":"development","ip":"::1","level":"info","message":"HTTP Request","method":"GET","service":"kanyr-backend","statusCode":304,"timestamp":"2026-03-19 12:27:24.673","type":"http","url":"/api/students/statistics","userAgent":"Mozilla/5.0 (Windows NT 10.0; Win64; x64) AppleWebKit/537.36 (KHTML, like Gecko) Chrome/146.0.0.0 Safari/537.36","userId":null}
{"environment":"development","ip":"::1","key":"ip:::1","level":"warn","message":"Suspicious activity detected","method":"GET","path":"/api/room-changes/admin/notifications","requestCount":85,"service":"kanyr-backend","timestamp":"2026-03-19 12:27:55.648","userAgent":"Mozilla/5.0 (Windows NT 10.0; Win64; x64) AppleWebKit/537.36 (KHTML, like Gecko) Chrome/146.0.0.0 Safari/537.36"}
{"environment":"development","level":"debug","message":"SQL Query","service":"kanyr-backend","sql":"Executing (default): SELECT `id`, `token`, `user_id`, `expires_at`, `revoked_at` FROM `revoked_tokens` AS `RevokedToken` WHERE `RevokedToken`.`token` = 'eyJhbGciOiJIUzI1NiIsInR5cCI6IkpXVCJ9.eyJkYXRhIjoiVUhpRlk1UVAxUzVEV1VkZ1VQVjhEUT09Oi9tZXE2enkrd1R6T0hsWTRLWUJtbEE9PTpsTUFTcTkydmp1RmlINUEvZmdHcSs2aHBBaDh0aVRHbUNWOGg2S09WMzVGMWs4Z3hIbmZ4dzVHaE9mRWxrTk1JMDBRQ0l5WXYyZEtmQ1NCQ0dWeVhFYmQrRzYyUTdUTUhXMFZmMXl4blJvZ0xmNDl6TFNzPSIsImlhdCI6MTc3MzkxODg4NiwiZXhwIjoxNzc0MDA1Mjg2fQ.VAIm4WIwcNKJZYRQB5SoyrfI3HATkek21g4ntNKixYI' LIMIT 1;","timestamp":"2026-03-19 12:27:55.650","type":"database"}
{"environment":"development","level":"debug","message":"SQL Query","service":"kanyr-backend","sql":"Executing (default): SELECT `user_id`, `username`, `email`, `password`, `admin`, `diak_id`, `token_version`, `last_password_change`, `security_flags`, `deleted_at`, `created_at`, `updated_at` FROM `felhasznalos` AS `Felhasznalo` WHERE (`Felhasznalo`.`deleted_at` IS NULL AND `Felhasznalo`.`user_id` = 1);","timestamp":"2026-03-19 12:27:55.651","type":"database"}
{"environment":"development","level":"debug","message":"SQL Query","service":"kanyr-backend","sql":"Executing (default): SELECT `Notification`.`notification_id`, `Notification`.`diak_id`, `Notification`.`szoba_valtoztatas_id`, `Notification`.`tipus`, `Notification`.`uzenet`, `Notification`.`elolvasva`, `Notification`.`deleted_at`, `Notification`.`created_at`, `Notification`.`updated_at`, `diak`.`diak_id` AS `diak.diak_id`, `diak`.`nev` AS `diak.nev`, `diak`.`email` AS `diak.email`, `diak`.`telefonszam` AS `diak.telefonszam`, `szoba_valtoztatas`.`valtoztatas_id` AS `szoba_valtoztatas.valtoztatas_id`, `szoba_valtoztatas`.`diak_id` AS `szoba_valtoztatas.diak_id`, `szoba_valtoztatas`.`jelenlegi_szoba_id` AS `szoba_valtoztatas.jelenlegi_szoba_id`, `szoba_valtoztatas`.`kivant_szoba_id` AS `szoba_valtoztatas.kivant_szoba_id`, `szoba_valtoztatas`.`statusz` AS `szoba_valtoztatas.statusz`, `szoba_valtoztatas`.`indok` AS `szoba_valtoztatas.indok`, `szoba_valtoztatas`.`academic_year` AS `szoba_valtoztatas.academic_year`, `szoba_valtoztatas`.`semester_count` AS `szoba_valtoztatas.semester_count`, `szoba_valtoztatas`.`deleted_at` AS `szoba_valtoztatas.deleted_at`, `szoba_valtoztatas`.`created_at` AS `szoba_valtoztatas.created_at`, `szoba_valtoztatas`.`updated_at` AS `szoba_valtoztatas.updated_at`, `szoba_valtoztatas->jelenlegi_szoba`.`szoba_id` AS `szoba_valtoztatas.jelenlegi_szoba.szoba_id`, `szoba_valtoztatas->jelenlegi_szoba`.`szoba_szama` AS `szoba_valtoztatas.jelenlegi_szoba.szoba_szama`, `szoba_valtoztatas->kivant_szoba`.`szoba_id` AS `szoba_valtoztatas.kivant_szoba.szoba_id`, `szoba_valtoztatas->kivant_szoba`.`szoba_szama` AS `szoba_valtoztatas.kivant_szoba.szoba_szama` FROM `notifications` AS `Notification` LEFT OUTER JOIN `diaks` AS `diak` ON `Notification`.`diak_id` = `diak`.`diak_id` AND (`diak`.`deleted_at` IS NULL) LEFT OUTER JOIN `szobavaltoztatas` AS `szoba_valtoztatas` ON `Notification`.`szoba_valtoztatas_id` = `szoba_valtoztatas`.`valtoztatas_id` AND (`szoba_valtoztatas`.`deleted_at` IS NULL) LEFT OUTER JOIN `szobas` AS `szoba_valtoztatas->jelenlegi_szoba` ON `szoba_valtoztatas`.`jelenlegi_szoba_id` = `szoba_valtoztatas->jelenlegi_szoba`.`szoba_id` AND (`szoba_valtoztatas->jelenlegi_szoba`.`deleted_at` IS NULL) LEFT OUTER JOIN `szobas` AS `szoba_valtoztatas->kivant_szoba` ON `szoba_valtoztatas`.`kivant_szoba_id` = `szoba_valtoztatas->kivant_szoba`.`szoba_id` AND (`szoba_valtoztatas->kivant_szoba`.`deleted_at` IS NULL) WHERE (`Notification`.`deleted_at` IS NULL) ORDER BY `Notification`.`created_at` DESC;","timestamp":"2026-03-19 12:27:55.655","type":"database"}
{"duration":"11ms","environment":"development","ip":"::1","level":"info","message":"HTTP Request","method":"GET","service":"kanyr-backend","statusCode":304,"timestamp":"2026-03-19 12:27:55.659","type":"http","url":"/api/room-changes/admin/notifications","userAgent":"Mozilla/5.0 (Windows NT 10.0; Win64; x64) AppleWebKit/537.36 (KHTML, like Gecko) Chrome/146.0.0.0 Safari/537.36","userId":null}
{"environment":"development","ip":"::1","key":"ip:::1","level":"warn","message":"Suspicious activity detected","method":"GET","path":"/api/room-changes/admin/notifications","requestCount":86,"service":"kanyr-backend","timestamp":"2026-03-19 12:28:25.660","userAgent":"Mozilla/5.0 (Windows NT 10.0; Win64; x64) AppleWebKit/537.36 (KHTML, like Gecko) Chrome/146.0.0.0 Safari/537.36"}
{"environment":"development","level":"debug","message":"SQL Query","service":"kanyr-backend","sql":"Executing (default): SELECT `id`, `token`, `user_id`, `expires_at`, `revoked_at` FROM `revoked_tokens` AS `RevokedToken` WHERE `RevokedToken`.`token` = 'eyJhbGciOiJIUzI1NiIsInR5cCI6IkpXVCJ9.eyJkYXRhIjoiVUhpRlk1UVAxUzVEV1VkZ1VQVjhEUT09Oi9tZXE2enkrd1R6T0hsWTRLWUJtbEE9PTpsTUFTcTkydmp1RmlINUEvZmdHcSs2aHBBaDh0aVRHbUNWOGg2S09WMzVGMWs4Z3hIbmZ4dzVHaE9mRWxrTk1JMDBRQ0l5WXYyZEtmQ1NCQ0dWeVhFYmQrRzYyUTdUTUhXMFZmMXl4blJvZ0xmNDl6TFNzPSIsImlhdCI6MTc3MzkxODg4NiwiZXhwIjoxNzc0MDA1Mjg2fQ.VAIm4WIwcNKJZYRQB5SoyrfI3HATkek21g4ntNKixYI' LIMIT 1;","timestamp":"2026-03-19 12:28:25.665","type":"database"}
{"environment":"development","level":"debug","message":"SQL Query","service":"kanyr-backend","sql":"Executing (default): SELECT `user_id`, `username`, `email`, `password`, `admin`, `diak_id`, `token_version`, `last_password_change`, `security_flags`, `deleted_at`, `created_at`, `updated_at` FROM `felhasznalos` AS `Felhasznalo` WHERE (`Felhasznalo`.`deleted_at` IS NULL AND `Felhasznalo`.`user_id` = 1);","timestamp":"2026-03-19 12:28:25.670","type":"database"}
{"environment":"development","level":"debug","message":"SQL Query","service":"kanyr-backend","sql":"Executing (default): SELECT `Notification`.`notification_id`, `Notification`.`diak_id`, `Notification`.`szoba_valtoztatas_id`, `Notification`.`tipus`, `Notification`.`uzenet`, `Notification`.`elolvasva`, `Notification`.`deleted_at`, `Notification`.`created_at`, `Notification`.`updated_at`, `diak`.`diak_id` AS `diak.diak_id`, `diak`.`nev` AS `diak.nev`, `diak`.`email` AS `diak.email`, `diak`.`telefonszam` AS `diak.telefonszam`, `szoba_valtoztatas`.`valtoztatas_id` AS `szoba_valtoztatas.valtoztatas_id`, `szoba_valtoztatas`.`diak_id` AS `szoba_valtoztatas.diak_id`, `szoba_valtoztatas`.`jelenlegi_szoba_id` AS `szoba_valtoztatas.jelenlegi_szoba_id`, `szoba_valtoztatas`.`kivant_szoba_id` AS `szoba_valtoztatas.kivant_szoba_id`, `szoba_valtoztatas`.`statusz` AS `szoba_valtoztatas.statusz`, `szoba_valtoztatas`.`indok` AS `szoba_valtoztatas.indok`, `szoba_valtoztatas`.`academic_year` AS `szoba_valtoztatas.academic_year`, `szoba_valtoztatas`.`semester_count` AS `szoba_valtoztatas.semester_count`, `szoba_valtoztatas`.`deleted_at` AS `szoba_valtoztatas.deleted_at`, `szoba_valtoztatas`.`created_at` AS `szoba_valtoztatas.created_at`, `szoba_valtoztatas`.`updated_at` AS `szoba_valtoztatas.updated_at`, `szoba_valtoztatas->jelenlegi_szoba`.`szoba_id` AS `szoba_valtoztatas.jelenlegi_szoba.szoba_id`, `szoba_valtoztatas->jelenlegi_szoba`.`szoba_szama` AS `szoba_valtoztatas.jelenlegi_szoba.szoba_szama`, `szoba_valtoztatas->kivant_szoba`.`szoba_id` AS `szoba_valtoztatas.kivant_szoba.szoba_id`, `szoba_valtoztatas->kivant_szoba`.`szoba_szama` AS `szoba_valtoztatas.kivant_szoba.szoba_szama` FROM `notifications` AS `Notification` LEFT OUTER JOIN `diaks` AS `diak` ON `Notification`.`diak_id` = `diak`.`diak_id` AND (`diak`.`deleted_at` IS NULL) LEFT OUTER JOIN `szobavaltoztatas` AS `szoba_valtoztatas` ON `Notification`.`szoba_valtoztatas_id` = `szoba_valtoztatas`.`valtoztatas_id` AND (`szoba_valtoztatas`.`deleted_at` IS NULL) LEFT OUTER JOIN `szobas` AS `szoba_valtoztatas->jelenlegi_szoba` ON `szoba_valtoztatas`.`jelenlegi_szoba_id` = `szoba_valtoztatas->jelenlegi_szoba`.`szoba_id` AND (`szoba_valtoztatas->jelenlegi_szoba`.`deleted_at` IS NULL) LEFT OUTER JOIN `szobas` AS `szoba_valtoztatas->kivant_szoba` ON `szoba_valtoztatas`.`kivant_szoba_id` = `szoba_valtoztatas->kivant_szoba`.`szoba_id` AND (`szoba_valtoztatas->kivant_szoba`.`deleted_at` IS NULL) WHERE (`Notification`.`deleted_at` IS NULL) ORDER BY `Notification`.`created_at` DESC;","timestamp":"2026-03-19 12:28:25.679","type":"database"}
{"duration":"25ms","environment":"development","ip":"::1","level":"info","message":"HTTP Request","method":"GET","service":"kanyr-backend","statusCode":304,"timestamp":"2026-03-19 12:28:25.684","type":"http","url":"/api/room-changes/admin/notifications","userAgent":"Mozilla/5.0 (Windows NT 10.0; Win64; x64) AppleWebKit/537.36 (KHTML, like Gecko) Chrome/146.0.0.0 Safari/537.36","userId":null}
{"environment":"development","ip":"::1","key":"ip:::1","level":"warn","message":"Suspicious activity detected","method":"GET","path":"/api/room-changes/admin/notifications","requestCount":87,"service":"kanyr-backend","timestamp":"2026-03-19 12:28:54.860","userAgent":"Mozilla/5.0 (Windows NT 10.0; Win64; x64) AppleWebKit/537.36 (KHTML, like Gecko) Chrome/146.0.0.0 Safari/537.36"}
{"environment":"development","level":"debug","message":"SQL Query","service":"kanyr-backend","sql":"Executing (default): SELECT `id`, `token`, `user_id`, `expires_at`, `revoked_at` FROM `revoked_tokens` AS `RevokedToken` WHERE `RevokedToken`.`token` = 'eyJhbGciOiJIUzI1NiIsInR5cCI6IkpXVCJ9.eyJkYXRhIjoiVUhpRlk1UVAxUzVEV1VkZ1VQVjhEUT09Oi9tZXE2enkrd1R6T0hsWTRLWUJtbEE9PTpsTUFTcTkydmp1RmlINUEvZmdHcSs2aHBBaDh0aVRHbUNWOGg2S09WMzVGMWs4Z3hIbmZ4dzVHaE9mRWxrTk1JMDBRQ0l5WXYyZEtmQ1NCQ0dWeVhFYmQrRzYyUTdUTUhXMFZmMXl4blJvZ0xmNDl6TFNzPSIsImlhdCI6MTc3MzkxODg4NiwiZXhwIjoxNzc0MDA1Mjg2fQ.VAIm4WIwcNKJZYRQB5SoyrfI3HATkek21g4ntNKixYI' LIMIT 1;","timestamp":"2026-03-19 12:28:54.863","type":"database"}
{"environment":"development","level":"debug","message":"SQL Query","service":"kanyr-backend","sql":"Executing (default): SELECT `user_id`, `username`, `email`, `password`, `admin`, `diak_id`, `token_version`, `last_password_change`, `security_flags`, `deleted_at`, `created_at`, `updated_at` FROM `felhasznalos` AS `Felhasznalo` WHERE (`Felhasznalo`.`deleted_at` IS NULL AND `Felhasznalo`.`user_id` = 1);","timestamp":"2026-03-19 12:28:54.865","type":"database"}
{"environment":"development","level":"debug","message":"SQL Query","service":"kanyr-backend","sql":"Executing (default): SELECT `Notification`.`notification_id`, `Notification`.`diak_id`, `Notification`.`szoba_valtoztatas_id`, `Notification`.`tipus`, `Notification`.`uzenet`, `Notification`.`elolvasva`, `Notification`.`deleted_at`, `Notification`.`created_at`, `Notification`.`updated_at`, `diak`.`diak_id` AS `diak.diak_id`, `diak`.`nev` AS `diak.nev`, `diak`.`email` AS `diak.email`, `diak`.`telefonszam` AS `diak.telefonszam`, `szoba_valtoztatas`.`valtoztatas_id` AS `szoba_valtoztatas.valtoztatas_id`, `szoba_valtoztatas`.`diak_id` AS `szoba_valtoztatas.diak_id`, `szoba_valtoztatas`.`jelenlegi_szoba_id` AS `szoba_valtoztatas.jelenlegi_szoba_id`, `szoba_valtoztatas`.`kivant_szoba_id` AS `szoba_valtoztatas.kivant_szoba_id`, `szoba_valtoztatas`.`statusz` AS `szoba_valtoztatas.statusz`, `szoba_valtoztatas`.`indok` AS `szoba_valtoztatas.indok`, `szoba_valtoztatas`.`academic_year` AS `szoba_valtoztatas.academic_year`, `szoba_valtoztatas`.`semester_count` AS `szoba_valtoztatas.semester_count`, `szoba_valtoztatas`.`deleted_at` AS `szoba_valtoztatas.deleted_at`, `szoba_valtoztatas`.`created_at` AS `szoba_valtoztatas.created_at`, `szoba_valtoztatas`.`updated_at` AS `szoba_valtoztatas.updated_at`, `szoba_valtoztatas->jelenlegi_szoba`.`szoba_id` AS `szoba_valtoztatas.jelenlegi_szoba.szoba_id`, `szoba_valtoztatas->jelenlegi_szoba`.`szoba_szama` AS `szoba_valtoztatas.jelenlegi_szoba.szoba_szama`, `szoba_valtoztatas->kivant_szoba`.`szoba_id` AS `szoba_valtoztatas.kivant_szoba.szoba_id`, `szoba_valtoztatas->kivant_szoba`.`szoba_szama` AS `szoba_valtoztatas.kivant_szoba.szoba_szama` FROM `notifications` AS `Notification` LEFT OUTER JOIN `diaks` AS `diak` ON `Notification`.`diak_id` = `diak`.`diak_id` AND (`diak`.`deleted_at` IS NULL) LEFT OUTER JOIN `szobavaltoztatas` AS `szoba_valtoztatas` ON `Notification`.`szoba_valtoztatas_id` = `szoba_valtoztatas`.`valtoztatas_id` AND (`szoba_valtoztatas`.`deleted_at` IS NULL) LEFT OUTER JOIN `szobas` AS `szoba_valtoztatas->jelenlegi_szoba` ON `szoba_valtoztatas`.`jelenlegi_szoba_id` = `szoba_valtoztatas->jelenlegi_szoba`.`szoba_id` AND (`szoba_valtoztatas->jelenlegi_szoba`.`deleted_at` IS NULL) LEFT OUTER JOIN `szobas` AS `szoba_valtoztatas->kivant_szoba` ON `szoba_valtoztatas`.`kivant_szoba_id` = `szoba_valtoztatas->kivant_szoba`.`szoba_id` AND (`szoba_valtoztatas->kivant_szoba`.`deleted_at` IS NULL) WHERE (`Notification`.`deleted_at` IS NULL) ORDER BY `Notification`.`created_at` DESC;","timestamp":"2026-03-19 12:28:54.884","type":"database"}
{"duration":"29ms","environment":"development","ip":"::1","level":"info","message":"HTTP Request","method":"GET","service":"kanyr-backend","statusCode":304,"timestamp":"2026-03-19 12:28:54.889","type":"http","url":"/api/room-changes/admin/notifications","userAgent":"Mozilla/5.0 (Windows NT 10.0; Win64; x64) AppleWebKit/537.36 (KHTML, like Gecko) Chrome/146.0.0.0 Safari/537.36","userId":null}
{"environment":"development","ip":"::1","key":"ip:::1","level":"warn","message":"Suspicious activity detected","method":"GET","path":"/api/room-changes/admin/notifications","requestCount":88,"service":"kanyr-backend","timestamp":"2026-03-19 12:29:24.864","userAgent":"Mozilla/5.0 (Windows NT 10.0; Win64; x64) AppleWebKit/537.36 (KHTML, like Gecko) Chrome/146.0.0.0 Safari/537.36"}
{"environment":"development","level":"debug","message":"SQL Query","service":"kanyr-backend","sql":"Executing (default): SELECT `id`, `token`, `user_id`, `expires_at`, `revoked_at` FROM `revoked_tokens` AS `RevokedToken` WHERE `RevokedToken`.`token` = 'eyJhbGciOiJIUzI1NiIsInR5cCI6IkpXVCJ9.eyJkYXRhIjoiVUhpRlk1UVAxUzVEV1VkZ1VQVjhEUT09Oi9tZXE2enkrd1R6T0hsWTRLWUJtbEE9PTpsTUFTcTkydmp1RmlINUEvZmdHcSs2aHBBaDh0aVRHbUNWOGg2S09WMzVGMWs4Z3hIbmZ4dzVHaE9mRWxrTk1JMDBRQ0l5WXYyZEtmQ1NCQ0dWeVhFYmQrRzYyUTdUTUhXMFZmMXl4blJvZ0xmNDl6TFNzPSIsImlhdCI6MTc3MzkxODg4NiwiZXhwIjoxNzc0MDA1Mjg2fQ.VAIm4WIwcNKJZYRQB5SoyrfI3HATkek21g4ntNKixYI' LIMIT 1;","timestamp":"2026-03-19 12:29:24.912","type":"database"}
{"environment":"development","level":"debug","message":"SQL Query","service":"kanyr-backend","sql":"Executing (default): SELECT `user_id`, `username`, `email`, `password`, `admin`, `diak_id`, `token_version`, `last_password_change`, `security_flags`, `deleted_at`, `created_at`, `updated_at` FROM `felhasznalos` AS `Felhasznalo` WHERE (`Felhasznalo`.`deleted_at` IS NULL AND `Felhasznalo`.`user_id` = 1);","timestamp":"2026-03-19 12:29:24.993","type":"database"}
{"environment":"development","level":"debug","message":"SQL Query","service":"kanyr-backend","sql":"Executing (default): SELECT `Notification`.`notification_id`, `Notification`.`diak_id`, `Notification`.`szoba_valtoztatas_id`, `Notification`.`tipus`, `Notification`.`uzenet`, `Notification`.`elolvasva`, `Notification`.`deleted_at`, `Notification`.`created_at`, `Notification`.`updated_at`, `diak`.`diak_id` AS `diak.diak_id`, `diak`.`nev` AS `diak.nev`, `diak`.`email` AS `diak.email`, `diak`.`telefonszam` AS `diak.telefonszam`, `szoba_valtoztatas`.`valtoztatas_id` AS `szoba_valtoztatas.valtoztatas_id`, `szoba_valtoztatas`.`diak_id` AS `szoba_valtoztatas.diak_id`, `szoba_valtoztatas`.`jelenlegi_szoba_id` AS `szoba_valtoztatas.jelenlegi_szoba_id`, `szoba_valtoztatas`.`kivant_szoba_id` AS `szoba_valtoztatas.kivant_szoba_id`, `szoba_valtoztatas`.`statusz` AS `szoba_valtoztatas.statusz`, `szoba_valtoztatas`.`indok` AS `szoba_valtoztatas.indok`, `szoba_valtoztatas`.`academic_year` AS `szoba_valtoztatas.academic_year`, `szoba_valtoztatas`.`semester_count` AS `szoba_valtoztatas.semester_count`, `szoba_valtoztatas`.`deleted_at` AS `szoba_valtoztatas.deleted_at`, `szoba_valtoztatas`.`created_at` AS `szoba_valtoztatas.created_at`, `szoba_valtoztatas`.`updated_at` AS `szoba_valtoztatas.updated_at`, `szoba_valtoztatas->jelenlegi_szoba`.`szoba_id` AS `szoba_valtoztatas.jelenlegi_szoba.szoba_id`, `szoba_valtoztatas->jelenlegi_szoba`.`szoba_szama` AS `szoba_valtoztatas.jelenlegi_szoba.szoba_szama`, `szoba_valtoztatas->kivant_szoba`.`szoba_id` AS `szoba_valtoztatas.kivant_szoba.szoba_id`, `szoba_valtoztatas->kivant_szoba`.`szoba_szama` AS `szoba_valtoztatas.kivant_szoba.szoba_szama` FROM `notifications` AS `Notification` LEFT OUTER JOIN `diaks` AS `diak` ON `Notification`.`diak_id` = `diak`.`diak_id` AND (`diak`.`deleted_at` IS NULL) LEFT OUTER JOIN `szobavaltoztatas` AS `szoba_valtoztatas` ON `Notification`.`szoba_valtoztatas_id` = `szoba_valtoztatas`.`valtoztatas_id` AND (`szoba_valtoztatas`.`deleted_at` IS NULL) LEFT OUTER JOIN `szobas` AS `szoba_valtoztatas->jelenlegi_szoba` ON `szoba_valtoztatas`.`jelenlegi_szoba_id` = `szoba_valtoztatas->jelenlegi_szoba`.`szoba_id` AND (`szoba_valtoztatas->jelenlegi_szoba`.`deleted_at` IS NULL) LEFT OUTER JOIN `szobas` AS `szoba_valtoztatas->kivant_szoba` ON `szoba_valtoztatas`.`kivant_szoba_id` = `szoba_valtoztatas->kivant_szoba`.`szoba_id` AND (`szoba_valtoztatas->kivant_szoba`.`deleted_at` IS NULL) WHERE (`Notification`.`deleted_at` IS NULL) ORDER BY `Notification`.`created_at` DESC;","timestamp":"2026-03-19 12:29:25.014","type":"database"}
{"duration":"158ms","environment":"development","ip":"::1","level":"info","message":"HTTP Request","method":"GET","service":"kanyr-backend","statusCode":304,"timestamp":"2026-03-19 12:29:25.022","type":"http","url":"/api/room-changes/admin/notifications","userAgent":"Mozilla/5.0 (Windows NT 10.0; Win64; x64) AppleWebKit/537.36 (KHTML, like Gecko) Chrome/146.0.0.0 Safari/537.36","userId":null}
{"environment":"development","ip":"::1","key":"ip:::1","level":"warn","message":"Suspicious activity detected","method":"GET","path":"/api/room-changes/admin/notifications","requestCount":69,"service":"kanyr-backend","timestamp":"2026-03-19 12:29:55.652","userAgent":"Mozilla/5.0 (Windows NT 10.0; Win64; x64) AppleWebKit/537.36 (KHTML, like Gecko) Chrome/146.0.0.0 Safari/537.36"}
{"environment":"development","level":"debug","message":"SQL Query","service":"kanyr-backend","sql":"Executing (default): SELECT `id`, `token`, `user_id`, `expires_at`, `revoked_at` FROM `revoked_tokens` AS `RevokedToken` WHERE `RevokedToken`.`token` = 'eyJhbGciOiJIUzI1NiIsInR5cCI6IkpXVCJ9.eyJkYXRhIjoiVUhpRlk1UVAxUzVEV1VkZ1VQVjhEUT09Oi9tZXE2enkrd1R6T0hsWTRLWUJtbEE9PTpsTUFTcTkydmp1RmlINUEvZmdHcSs2aHBBaDh0aVRHbUNWOGg2S09WMzVGMWs4Z3hIbmZ4dzVHaE9mRWxrTk1JMDBRQ0l5WXYyZEtmQ1NCQ0dWeVhFYmQrRzYyUTdUTUhXMFZmMXl4blJvZ0xmNDl6TFNzPSIsImlhdCI6MTc3MzkxODg4NiwiZXhwIjoxNzc0MDA1Mjg2fQ.VAIm4WIwcNKJZYRQB5SoyrfI3HATkek21g4ntNKixYI' LIMIT 1;","timestamp":"2026-03-19 12:29:55.654","type":"database"}
{"environment":"development","level":"debug","message":"SQL Query","service":"kanyr-backend","sql":"Executing (default): SELECT `user_id`, `username`, `email`, `password`, `admin`, `diak_id`, `token_version`, `last_password_change`, `security_flags`, `deleted_at`, `created_at`, `updated_at` FROM `felhasznalos` AS `Felhasznalo` WHERE (`Felhasznalo`.`deleted_at` IS NULL AND `Felhasznalo`.`user_id` = 1);","timestamp":"2026-03-19 12:29:55.655","type":"database"}
{"environment":"development","level":"debug","message":"SQL Query","service":"kanyr-backend","sql":"Executing (default): SELECT `Notification`.`notification_id`, `Notification`.`diak_id`, `Notification`.`szoba_valtoztatas_id`, `Notification`.`tipus`, `Notification`.`uzenet`, `Notification`.`elolvasva`, `Notification`.`deleted_at`, `Notification`.`created_at`, `Notification`.`updated_at`, `diak`.`diak_id` AS `diak.diak_id`, `diak`.`nev` AS `diak.nev`, `diak`.`email` AS `diak.email`, `diak`.`telefonszam` AS `diak.telefonszam`, `szoba_valtoztatas`.`valtoztatas_id` AS `szoba_valtoztatas.valtoztatas_id`, `szoba_valtoztatas`.`diak_id` AS `szoba_valtoztatas.diak_id`, `szoba_valtoztatas`.`jelenlegi_szoba_id` AS `szoba_valtoztatas.jelenlegi_szoba_id`, `szoba_valtoztatas`.`kivant_szoba_id` AS `szoba_valtoztatas.kivant_szoba_id`, `szoba_valtoztatas`.`statusz` AS `szoba_valtoztatas.statusz`, `szoba_valtoztatas`.`indok` AS `szoba_valtoztatas.indok`, `szoba_valtoztatas`.`academic_year` AS `szoba_valtoztatas.academic_year`, `szoba_valtoztatas`.`semester_count` AS `szoba_valtoztatas.semester_count`, `szoba_valtoztatas`.`deleted_at` AS `szoba_valtoztatas.deleted_at`, `szoba_valtoztatas`.`created_at` AS `szoba_valtoztatas.created_at`, `szoba_valtoztatas`.`updated_at` AS `szoba_valtoztatas.updated_at`, `szoba_valtoztatas->jelenlegi_szoba`.`szoba_id` AS `szoba_valtoztatas.jelenlegi_szoba.szoba_id`, `szoba_valtoztatas->jelenlegi_szoba`.`szoba_szama` AS `szoba_valtoztatas.jelenlegi_szoba.szoba_szama`, `szoba_valtoztatas->kivant_szoba`.`szoba_id` AS `szoba_valtoztatas.kivant_szoba.szoba_id`, `szoba_valtoztatas->kivant_szoba`.`szoba_szama` AS `szoba_valtoztatas.kivant_szoba.szoba_szama` FROM `notifications` AS `Notification` LEFT OUTER JOIN `diaks` AS `diak` ON `Notification`.`diak_id` = `diak`.`diak_id` AND (`diak`.`deleted_at` IS NULL) LEFT OUTER JOIN `szobavaltoztatas` AS `szoba_valtoztatas` ON `Notification`.`szoba_valtoztatas_id` = `szoba_valtoztatas`.`valtoztatas_id` AND (`szoba_valtoztatas`.`deleted_at` IS NULL) LEFT OUTER JOIN `szobas` AS `szoba_valtoztatas->jelenlegi_szoba` ON `szoba_valtoztatas`.`jelenlegi_szoba_id` = `szoba_valtoztatas->jelenlegi_szoba`.`szoba_id` AND (`szoba_valtoztatas->jelenlegi_szoba`.`deleted_at` IS NULL) LEFT OUTER JOIN `szobas` AS `szoba_valtoztatas->kivant_szoba` ON `szoba_valtoztatas`.`kivant_szoba_id` = `szoba_valtoztatas->kivant_szoba`.`szoba_id` AND (`szoba_valtoztatas->kivant_szoba`.`deleted_at` IS NULL) WHERE (`Notification`.`deleted_at` IS NULL) ORDER BY `Notification`.`created_at` DESC;","timestamp":"2026-03-19 12:29:55.658","type":"database"}
{"duration":"13ms","environment":"development","ip":"::1","level":"info","message":"HTTP Request","method":"GET","service":"kanyr-backend","statusCode":304,"timestamp":"2026-03-19 12:29:55.664","type":"http","url":"/api/room-changes/admin/notifications","userAgent":"Mozilla/5.0 (Windows NT 10.0; Win64; x64) AppleWebKit/537.36 (KHTML, like Gecko) Chrome/146.0.0.0 Safari/537.36","userId":null}
{"environment":"development","ip":"::1","key":"ip:::1","level":"warn","message":"Suspicious activity detected","method":"GET","path":"/api/room-changes/admin/notifications","requestCount":44,"service":"kanyr-backend","timestamp":"2026-03-19 12:30:25.665","userAgent":"Mozilla/5.0 (Windows NT 10.0; Win64; x64) AppleWebKit/537.36 (KHTML, like Gecko) Chrome/146.0.0.0 Safari/537.36"}
{"environment":"development","level":"debug","message":"SQL Query","service":"kanyr-backend","sql":"Executing (default): SELECT `id`, `token`, `user_id`, `expires_at`, `revoked_at` FROM `revoked_tokens` AS `RevokedToken` WHERE `RevokedToken`.`token` = 'eyJhbGciOiJIUzI1NiIsInR5cCI6IkpXVCJ9.eyJkYXRhIjoiVUhpRlk1UVAxUzVEV1VkZ1VQVjhEUT09Oi9tZXE2enkrd1R6T0hsWTRLWUJtbEE9PTpsTUFTcTkydmp1RmlINUEvZmdHcSs2aHBBaDh0aVRHbUNWOGg2S09WMzVGMWs4Z3hIbmZ4dzVHaE9mRWxrTk1JMDBRQ0l5WXYyZEtmQ1NCQ0dWeVhFYmQrRzYyUTdUTUhXMFZmMXl4blJvZ0xmNDl6TFNzPSIsImlhdCI6MTc3MzkxODg4NiwiZXhwIjoxNzc0MDA1Mjg2fQ.VAIm4WIwcNKJZYRQB5SoyrfI3HATkek21g4ntNKixYI' LIMIT 1;","timestamp":"2026-03-19 12:30:25.668","type":"database"}
{"environment":"development","level":"debug","message":"SQL Query","service":"kanyr-backend","sql":"Executing (default): SELECT `user_id`, `username`, `email`, `password`, `admin`, `diak_id`, `token_version`, `last_password_change`, `security_flags`, `deleted_at`, `created_at`, `updated_at` FROM `felhasznalos` AS `Felhasznalo` WHERE (`Felhasznalo`.`deleted_at` IS NULL AND `Felhasznalo`.`user_id` = 1);","timestamp":"2026-03-19 12:30:25.670","type":"database"}
{"environment":"development","level":"debug","message":"SQL Query","service":"kanyr-backend","sql":"Executing (default): SELECT `Notification`.`notification_id`, `Notification`.`diak_id`, `Notification`.`szoba_valtoztatas_id`, `Notification`.`tipus`, `Notification`.`uzenet`, `Notification`.`elolvasva`, `Notification`.`deleted_at`, `Notification`.`created_at`, `Notification`.`updated_at`, `diak`.`diak_id` AS `diak.diak_id`, `diak`.`nev` AS `diak.nev`, `diak`.`email` AS `diak.email`, `diak`.`telefonszam` AS `diak.telefonszam`, `szoba_valtoztatas`.`valtoztatas_id` AS `szoba_valtoztatas.valtoztatas_id`, `szoba_valtoztatas`.`diak_id` AS `szoba_valtoztatas.diak_id`, `szoba_valtoztatas`.`jelenlegi_szoba_id` AS `szoba_valtoztatas.jelenlegi_szoba_id`, `szoba_valtoztatas`.`kivant_szoba_id` AS `szoba_valtoztatas.kivant_szoba_id`, `szoba_valtoztatas`.`statusz` AS `szoba_valtoztatas.statusz`, `szoba_valtoztatas`.`indok` AS `szoba_valtoztatas.indok`, `szoba_valtoztatas`.`academic_year` AS `szoba_valtoztatas.academic_year`, `szoba_valtoztatas`.`semester_count` AS `szoba_valtoztatas.semester_count`, `szoba_valtoztatas`.`deleted_at` AS `szoba_valtoztatas.deleted_at`, `szoba_valtoztatas`.`created_at` AS `szoba_valtoztatas.created_at`, `szoba_valtoztatas`.`updated_at` AS `szoba_valtoztatas.updated_at`, `szoba_valtoztatas->jelenlegi_szoba`.`szoba_id` AS `szoba_valtoztatas.jelenlegi_szoba.szoba_id`, `szoba_valtoztatas->jelenlegi_szoba`.`szoba_szama` AS `szoba_valtoztatas.jelenlegi_szoba.szoba_szama`, `szoba_valtoztatas->kivant_szoba`.`szoba_id` AS `szoba_valtoztatas.kivant_szoba.szoba_id`, `szoba_valtoztatas->kivant_szoba`.`szoba_szama` AS `szoba_valtoztatas.kivant_szoba.szoba_szama` FROM `notifications` AS `Notification` LEFT OUTER JOIN `diaks` AS `diak` ON `Notification`.`diak_id` = `diak`.`diak_id` AND (`diak`.`deleted_at` IS NULL) LEFT OUTER JOIN `szobavaltoztatas` AS `szoba_valtoztatas` ON `Notification`.`szoba_valtoztatas_id` = `szoba_valtoztatas`.`valtoztatas_id` AND (`szoba_valtoztatas`.`deleted_at` IS NULL) LEFT OUTER JOIN `szobas` AS `szoba_valtoztatas->jelenlegi_szoba` ON `szoba_valtoztatas`.`jelenlegi_szoba_id` = `szoba_valtoztatas->jelenlegi_szoba`.`szoba_id` AND (`szoba_valtoztatas->jelenlegi_szoba`.`deleted_at` IS NULL) LEFT OUTER JOIN `szobas` AS `szoba_valtoztatas->kivant_szoba` ON `szoba_valtoztatas`.`kivant_szoba_id` = `szoba_valtoztatas->kivant_szoba`.`szoba_id` AND (`szoba_valtoztatas->kivant_szoba`.`deleted_at` IS NULL) WHERE (`Notification`.`deleted_at` IS NULL) ORDER BY `Notification`.`created_at` DESC;","timestamp":"2026-03-19 12:30:25.673","type":"database"}
{"duration":"16ms","environment":"development","ip":"::1","level":"info","message":"HTTP Request","method":"GET","service":"kanyr-backend","statusCode":304,"timestamp":"2026-03-19 12:30:25.680","type":"http","url":"/api/room-changes/admin/notifications","userAgent":"Mozilla/5.0 (Windows NT 10.0; Win64; x64) AppleWebKit/537.36 (KHTML, like Gecko) Chrome/146.0.0.0 Safari/537.36","userId":null}
{"environment":"development","level":"debug","message":"SQL Query","service":"kanyr-backend","sql":"Executing (default): SELECT `id`, `token`, `user_id`, `expires_at`, `revoked_at` FROM `revoked_tokens` AS `RevokedToken` WHERE `RevokedToken`.`token` = 'eyJhbGciOiJIUzI1NiIsInR5cCI6IkpXVCJ9.eyJkYXRhIjoiVUhpRlk1UVAxUzVEV1VkZ1VQVjhEUT09Oi9tZXE2enkrd1R6T0hsWTRLWUJtbEE9PTpsTUFTcTkydmp1RmlINUEvZmdHcSs2aHBBaDh0aVRHbUNWOGg2S09WMzVGMWs4Z3hIbmZ4dzVHaE9mRWxrTk1JMDBRQ0l5WXYyZEtmQ1NCQ0dWeVhFYmQrRzYyUTdUTUhXMFZmMXl4blJvZ0xmNDl6TFNzPSIsImlhdCI6MTc3MzkxODg4NiwiZXhwIjoxNzc0MDA1Mjg2fQ.VAIm4WIwcNKJZYRQB5SoyrfI3HATkek21g4ntNKixYI' LIMIT 1;","timestamp":"2026-03-19 12:32:00.698","type":"database"}
{"environment":"development","level":"debug","message":"SQL Query","service":"kanyr-backend","sql":"Executing (default): SELECT `user_id`, `username`, `email`, `password`, `admin`, `diak_id`, `token_version`, `last_password_change`, `security_flags`, `deleted_at`, `created_at`, `updated_at` FROM `felhasznalos` AS `Felhasznalo` WHERE (`Felhasznalo`.`deleted_at` IS NULL AND `Felhasznalo`.`user_id` = 1);","timestamp":"2026-03-19 12:32:00.704","type":"database"}
{"environment":"development","level":"debug","message":"SQL Query","service":"kanyr-backend","sql":"Executing (default): SELECT `Notification`.`notification_id`, `Notification`.`diak_id`, `Notification`.`szoba_valtoztatas_id`, `Notification`.`tipus`, `Notification`.`uzenet`, `Notification`.`elolvasva`, `Notification`.`deleted_at`, `Notification`.`created_at`, `Notification`.`updated_at`, `diak`.`diak_id` AS `diak.diak_id`, `diak`.`nev` AS `diak.nev`, `diak`.`email` AS `diak.email`, `diak`.`telefonszam` AS `diak.telefonszam`, `szoba_valtoztatas`.`valtoztatas_id` AS `szoba_valtoztatas.valtoztatas_id`, `szoba_valtoztatas`.`diak_id` AS `szoba_valtoztatas.diak_id`, `szoba_valtoztatas`.`jelenlegi_szoba_id` AS `szoba_valtoztatas.jelenlegi_szoba_id`, `szoba_valtoztatas`.`kivant_szoba_id` AS `szoba_valtoztatas.kivant_szoba_id`, `szoba_valtoztatas`.`statusz` AS `szoba_valtoztatas.statusz`, `szoba_valtoztatas`.`indok` AS `szoba_valtoztatas.indok`, `szoba_valtoztatas`.`academic_year` AS `szoba_valtoztatas.academic_year`, `szoba_valtoztatas`.`semester_count` AS `szoba_valtoztatas.semester_count`, `szoba_valtoztatas`.`deleted_at` AS `szoba_valtoztatas.deleted_at`, `szoba_valtoztatas`.`created_at` AS `szoba_valtoztatas.created_at`, `szoba_valtoztatas`.`updated_at` AS `szoba_valtoztatas.updated_at`, `szoba_valtoztatas->jelenlegi_szoba`.`szoba_id` AS `szoba_valtoztatas.jelenlegi_szoba.szoba_id`, `szoba_valtoztatas->jelenlegi_szoba`.`szoba_szama` AS `szoba_valtoztatas.jelenlegi_szoba.szoba_szama`, `szoba_valtoztatas->kivant_szoba`.`szoba_id` AS `szoba_valtoztatas.kivant_szoba.szoba_id`, `szoba_valtoztatas->kivant_szoba`.`szoba_szama` AS `szoba_valtoztatas.kivant_szoba.szoba_szama` FROM `notifications` AS `Notification` LEFT OUTER JOIN `diaks` AS `diak` ON `Notification`.`diak_id` = `diak`.`diak_id` AND (`diak`.`deleted_at` IS NULL) LEFT OUTER JOIN `szobavaltoztatas` AS `szoba_valtoztatas` ON `Notification`.`szoba_valtoztatas_id` = `szoba_valtoztatas`.`valtoztatas_id` AND (`szoba_valtoztatas`.`deleted_at` IS NULL) LEFT OUTER JOIN `szobas` AS `szoba_valtoztatas->jelenlegi_szoba` ON `szoba_valtoztatas`.`jelenlegi_szoba_id` = `szoba_valtoztatas->jelenlegi_szoba`.`szoba_id` AND (`szoba_valtoztatas->jelenlegi_szoba`.`deleted_at` IS NULL) LEFT OUTER JOIN `szobas` AS `szoba_valtoztatas->kivant_szoba` ON `szoba_valtoztatas`.`kivant_szoba_id` = `szoba_valtoztatas->kivant_szoba`.`szoba_id` AND (`szoba_valtoztatas->kivant_szoba`.`deleted_at` IS NULL) WHERE (`Notification`.`deleted_at` IS NULL) ORDER BY `Notification`.`created_at` DESC;","timestamp":"2026-03-19 12:32:00.710","type":"database"}
{"duration":"21ms","environment":"development","ip":"::1","level":"info","message":"HTTP Request","method":"GET","service":"kanyr-backend","statusCode":304,"timestamp":"2026-03-19 12:32:00.716","type":"http","url":"/api/room-changes/admin/notifications","userAgent":"Mozilla/5.0 (Windows NT 10.0; Win64; x64) AppleWebKit/537.36 (KHTML, like Gecko) Chrome/146.0.0.0 Safari/537.36","userId":null}
{"environment":"development","level":"debug","message":"SQL Query","service":"kanyr-backend","sql":"Executing (default): SELECT `id`, `token`, `user_id`, `expires_at`, `revoked_at` FROM `revoked_tokens` AS `RevokedToken` WHERE `RevokedToken`.`token` = 'eyJhbGciOiJIUzI1NiIsInR5cCI6IkpXVCJ9.eyJkYXRhIjoiVUhpRlk1UVAxUzVEV1VkZ1VQVjhEUT09Oi9tZXE2enkrd1R6T0hsWTRLWUJtbEE9PTpsTUFTcTkydmp1RmlINUEvZmdHcSs2aHBBaDh0aVRHbUNWOGg2S09WMzVGMWs4Z3hIbmZ4dzVHaE9mRWxrTk1JMDBRQ0l5WXYyZEtmQ1NCQ0dWeVhFYmQrRzYyUTdUTUhXMFZmMXl4blJvZ0xmNDl6TFNzPSIsImlhdCI6MTc3MzkxODg4NiwiZXhwIjoxNzc0MDA1Mjg2fQ.VAIm4WIwcNKJZYRQB5SoyrfI3HATkek21g4ntNKixYI' LIMIT 1;","timestamp":"2026-03-19 12:34:00.734","type":"database"}
{"environment":"development","level":"debug","message":"SQL Query","service":"kanyr-backend","sql":"Executing (default): SELECT `user_id`, `username`, `email`, `password`, `admin`, `diak_id`, `token_version`, `last_password_change`, `security_flags`, `deleted_at`, `created_at`, `updated_at` FROM `felhasznalos` AS `Felhasznalo` WHERE (`Felhasznalo`.`deleted_at` IS NULL AND `Felhasznalo`.`user_id` = 1);","timestamp":"2026-03-19 12:34:00.757","type":"database"}
{"environment":"development","level":"debug","message":"SQL Query","service":"kanyr-backend","sql":"Executing (default): SELECT `Notification`.`notification_id`, `Notification`.`diak_id`, `Notification`.`szoba_valtoztatas_id`, `Notification`.`tipus`, `Notification`.`uzenet`, `Notification`.`elolvasva`, `Notification`.`deleted_at`, `Notification`.`created_at`, `Notification`.`updated_at`, `diak`.`diak_id` AS `diak.diak_id`, `diak`.`nev` AS `diak.nev`, `diak`.`email` AS `diak.email`, `diak`.`telefonszam` AS `diak.telefonszam`, `szoba_valtoztatas`.`valtoztatas_id` AS `szoba_valtoztatas.valtoztatas_id`, `szoba_valtoztatas`.`diak_id` AS `szoba_valtoztatas.diak_id`, `szoba_valtoztatas`.`jelenlegi_szoba_id` AS `szoba_valtoztatas.jelenlegi_szoba_id`, `szoba_valtoztatas`.`kivant_szoba_id` AS `szoba_valtoztatas.kivant_szoba_id`, `szoba_valtoztatas`.`statusz` AS `szoba_valtoztatas.statusz`, `szoba_valtoztatas`.`indok` AS `szoba_valtoztatas.indok`, `szoba_valtoztatas`.`academic_year` AS `szoba_valtoztatas.academic_year`, `szoba_valtoztatas`.`semester_count` AS `szoba_valtoztatas.semester_count`, `szoba_valtoztatas`.`deleted_at` AS `szoba_valtoztatas.deleted_at`, `szoba_valtoztatas`.`created_at` AS `szoba_valtoztatas.created_at`, `szoba_valtoztatas`.`updated_at` AS `szoba_valtoztatas.updated_at`, `szoba_valtoztatas->jelenlegi_szoba`.`szoba_id` AS `szoba_valtoztatas.jelenlegi_szoba.szoba_id`, `szoba_valtoztatas->jelenlegi_szoba`.`szoba_szama` AS `szoba_valtoztatas.jelenlegi_szoba.szoba_szama`, `szoba_valtoztatas->kivant_szoba`.`szoba_id` AS `szoba_valtoztatas.kivant_szoba.szoba_id`, `szoba_valtoztatas->kivant_szoba`.`szoba_szama` AS `szoba_valtoztatas.kivant_szoba.szoba_szama` FROM `notifications` AS `Notification` LEFT OUTER JOIN `diaks` AS `diak` ON `Notification`.`diak_id` = `diak`.`diak_id` AND (`diak`.`deleted_at` IS NULL) LEFT OUTER JOIN `szobavaltoztatas` AS `szoba_valtoztatas` ON `Notification`.`szoba_valtoztatas_id` = `szoba_valtoztatas`.`valtoztatas_id` AND (`szoba_valtoztatas`.`deleted_at` IS NULL) LEFT OUTER JOIN `szobas` AS `szoba_valtoztatas->jelenlegi_szoba` ON `szoba_valtoztatas`.`jelenlegi_szoba_id` = `szoba_valtoztatas->jelenlegi_szoba`.`szoba_id` AND (`szoba_valtoztatas->jelenlegi_szoba`.`deleted_at` IS NULL) LEFT OUTER JOIN `szobas` AS `szoba_valtoztatas->kivant_szoba` ON `szoba_valtoztatas`.`kivant_szoba_id` = `szoba_valtoztatas->kivant_szoba`.`szoba_id` AND (`szoba_valtoztatas->kivant_szoba`.`deleted_at` IS NULL) WHERE (`Notification`.`deleted_at` IS NULL) ORDER BY `Notification`.`created_at` DESC;","timestamp":"2026-03-19 12:34:00.764","type":"database"}
{"duration":"40ms","environment":"development","ip":"::1","level":"info","message":"HTTP Request","method":"GET","service":"kanyr-backend","statusCode":304,"timestamp":"2026-03-19 12:34:00.771","type":"http","url":"/api/room-changes/admin/notifications","userAgent":"Mozilla/5.0 (Windows NT 10.0; Win64; x64) AppleWebKit/537.36 (KHTML, like Gecko) Chrome/146.0.0.0 Safari/537.36","userId":null}
{"environment":"development","level":"debug","message":"SQL Query","service":"kanyr-backend","sql":"Executing (default): SELECT 1+1 AS result","timestamp":"2026-03-19 12:55:59.001","type":"database"}
{"environment":"development","level":"info","message":"✓ Sikeres adatbázis kapcsolat létrehozva","service":"kanyr-backend","timestamp":"2026-03-19 12:55:59.011"}
{"environment":"development","level":"info","message":"✓ Migrációk átmenetileg kihagyva, modellek már tartalmazzák a szükséges változtatásokat","service":"kanyr-backend","timestamp":"2026-03-19 12:55:59.012"}
{"environment":"development","level":"info","message":"✓ Adatbázis elérhető a route-ok számára","service":"kanyr-backend","timestamp":"2026-03-19 12:55:59.012"}
{"dbExists":true,"diakModel":true,"environment":"development","lakcimModel":true,"level":"debug","message":"SzuloRepository constructor called","service":"kanyr-backend","szuloModel":true,"timestamp":"2026-03-19 12:55:59.733"}
{"environment":"development","level":"info","message":"✓ Controllers initialized with dependency injection","service":"kanyr-backend","timestamp":"2026-03-19 12:55:59.734"}
{"environment":"development","level":"info","message":"✓ CSRF protection middleware initialized","service":"kanyr-backend","timestamp":"2026-03-19 12:55:59.734"}
{"environment":"development","level":"info","message":"✓ Student route-ok inicializálva","service":"kanyr-backend","timestamp":"2026-03-19 12:55:59.818"}
{"environment":"development","level":"info","message":"✓ Room route-ok inicializálva","service":"kanyr-backend","timestamp":"2026-03-19 12:55:59.836"}
{"environment":"development","level":"info","message":"✓ Parent route-ok inicializálva","service":"kanyr-backend","timestamp":"2026-03-19 12:55:59.863"}
{"environment":"development","level":"info","message":"✓ Address route-ok inicializálva","service":"kanyr-backend","timestamp":"2026-03-19 12:55:59.885"}
{"environment":"development","level":"info","message":"✓ Auth route-ok inicializálva","service":"kanyr-backend","timestamp":"2026-03-19 12:55:59.910"}
{"environment":"development","level":"info","message":"✓ User route-ok inicializálva","service":"kanyr-backend","timestamp":"2026-03-19 12:55:59.931"}
{"environment":"development","level":"info","message":"✓ Room change route-ok inicializálva","service":"kanyr-backend","timestamp":"2026-03-19 12:55:59.964"}
{"environment":"development","level":"info","message":"✓ Token blacklist cleanup scheduler initialized","service":"kanyr-backend","timestamp":"2026-03-19 12:55:59.969"}
{"environment":"development","level":"debug","message":"SQL Query","service":"kanyr-backend","sql":"Executing (default): DELETE FROM `revoked_tokens` WHERE `expires_at` < '2026-03-19 11:55:59.968 +00:00'","timestamp":"2026-03-19 12:55:59.972","type":"database"}
{"environment":"development","level":"info","message":"✓ Szerver fut a http://localhost:3000 címen","service":"kanyr-backend","timestamp":"2026-03-19 12:55:59.976"}
{"environment":"development","level":"info","message":"✓ Környezet: development","service":"kanyr-backend","timestamp":"2026-03-19 12:55:59.977"}
{"deletedCount":0,"environment":"development","level":"info","message":"Expired token cleanup completed","service":"kanyr-backend","timestamp":"2026-03-19 12:55:59.979"}
{"clientId":"5ce13b73...","environment":"development","level":"debug","message":"CSRF token generated","service":"kanyr-backend","timestamp":"2026-03-19 12:56:00.784"}
{"duration":"6ms","environment":"development","ip":"::1","level":"info","message":"HTTP Request","method":"GET","service":"kanyr-backend","statusCode":200,"timestamp":"2026-03-19 12:56:00.789","type":"http","url":"/api/auth/csrf-token","userAgent":"Mozilla/5.0 (Windows NT 10.0; Win64; x64) AppleWebKit/537.36 (KHTML, like Gecko) Chrome/146.0.0.0 Safari/537.36","userId":null}
{"environment":"development","level":"debug","message":"SQL Query","service":"kanyr-backend","sql":"Executing (default): SELECT `user_id`, `username`, `email`, `password`, `admin`, `diak_id`, `token_version`, `last_password_change`, `security_flags`, `deleted_at`, `created_at`, `updated_at` FROM `felhasznalos` AS `Felhasznalo` WHERE (`Felhasznalo`.`deleted_at` IS NULL AND `Felhasznalo`.`email` = 'admin@kanyr.hu');","timestamp":"2026-03-19 12:56:01.035","type":"database"}
{"environment":"development","error":{"message":"Hiba a bejelentkezés közben: Hiba a bejelentkezés közben: Hiba a felhasználó keresése közben: SQLITE_ERROR: no such column: deleted_at","name":"Error","stack":"Error: Hiba a bejelentkezés közben: Hiba a bejelentkezés közben: Hiba a felhasználó keresése közben: SQLITE_ERROR: no such column: deleted_at\n    at FelhasznaloService.login (C:\\Users\\SZ2\\Documents\\13.B\\Kanyr projekt\\KANYR\\backend\\services\\FelhasznaloService.js:224:13)\n    at async C:\\Users\\SZ2\\Documents\\13.B\\Kanyr projekt\\KANYR\\backend\\routes\\authRoutes.js:63:22"},"ip":"::1","level":"error","message":"Hiba a bejelentkezés közben: Hiba a bejelentkezés közben: Hiba a felhasználó keresése közben: SQLITE_ERROR: no such column: deleted_at","method":"POST","service":"kanyr-backend","stack":"Error: Hiba a bejelentkezés közben: Hiba a bejelentkezés közben: Hiba a felhasználó keresése közben: SQLITE_ERROR: no such column: deleted_at\n    at FelhasznaloService.login (C:\\Users\\SZ2\\Documents\\13.B\\Kanyr projekt\\KANYR\\backend\\services\\FelhasznaloService.js:224:13)\n    at async C:\\Users\\SZ2\\Documents\\13.B\\Kanyr projekt\\KANYR\\backend\\routes\\authRoutes.js:63:22","timestamp":"2026-03-19 12:56:01.038","type":"error","url":"/api/auth/login","userId":null}
{"duration":"18ms","environment":"development","ip":"::1","level":"info","message":"HTTP Request","method":"POST","service":"kanyr-backend","statusCode":500,"timestamp":"2026-03-19 12:56:01.039","type":"http","url":"/api/auth/login","userAgent":"Mozilla/5.0 (Windows NT 10.0; Win64; x64) AppleWebKit/537.36 (KHTML, like Gecko) Chrome/146.0.0.0 Safari/537.36","userId":null}
{"environment":"development","level":"debug","message":"SQL Query","service":"kanyr-backend","sql":"Executing (default): SELECT `user_id`, `username`, `email`, `password`, `admin`, `diak_id`, `token_version`, `last_password_change`, `security_flags`, `deleted_at`, `created_at`, `updated_at` FROM `felhasznalos` AS `Felhasznalo` WHERE (`Felhasznalo`.`deleted_at` IS NULL AND `Felhasznalo`.`email` = 'admin@kanyr.hu');","timestamp":"2026-03-19 12:56:06.505","type":"database"}
{"environment":"development","error":{"message":"Hiba a bejelentkezés közben: Hiba a bejelentkezés közben: Hiba a felhasználó keresése közben: SQLITE_ERROR: no such column: deleted_at","name":"Error","stack":"Error: Hiba a bejelentkezés közben: Hiba a bejelentkezés közben: Hiba a felhasználó keresése közben: SQLITE_ERROR: no such column: deleted_at\n    at FelhasznaloService.login (C:\\Users\\SZ2\\Documents\\13.B\\Kanyr projekt\\KANYR\\backend\\services\\FelhasznaloService.js:224:13)\n    at async C:\\Users\\SZ2\\Documents\\13.B\\Kanyr projekt\\KANYR\\backend\\routes\\authRoutes.js:63:22"},"ip":"::1","level":"error","message":"Hiba a bejelentkezés közben: Hiba a bejelentkezés közben: Hiba a felhasználó keresése közben: SQLITE_ERROR: no such column: deleted_at","method":"POST","service":"kanyr-backend","stack":"Error: Hiba a bejelentkezés közben: Hiba a bejelentkezés közben: Hiba a felhasználó keresése közben: SQLITE_ERROR: no such column: deleted_at\n    at FelhasznaloService.login (C:\\Users\\SZ2\\Documents\\13.B\\Kanyr projekt\\KANYR\\backend\\services\\FelhasznaloService.js:224:13)\n    at async C:\\Users\\SZ2\\Documents\\13.B\\Kanyr projekt\\KANYR\\backend\\routes\\authRoutes.js:63:22","timestamp":"2026-03-19 12:56:06.508","type":"error","url":"/api/auth/login","userId":null}
{"duration":"6ms","environment":"development","ip":"::1","level":"info","message":"HTTP Request","method":"POST","service":"kanyr-backend","statusCode":500,"timestamp":"2026-03-19 12:56:06.510","type":"http","url":"/api/auth/login","userAgent":"Mozilla/5.0 (Windows NT 10.0; Win64; x64) AppleWebKit/537.36 (KHTML, like Gecko) Chrome/146.0.0.0 Safari/537.36","userId":null}
{"environment":"development","level":"debug","message":"SQL Query","service":"kanyr-backend","sql":"Executing (default): SELECT 1+1 AS result","timestamp":"2026-03-19 12:57:50.958","type":"database"}
{"environment":"development","level":"info","message":"✓ Sikeres adatbázis kapcsolat létrehozva","service":"kanyr-backend","timestamp":"2026-03-19 12:57:50.963"}
{"environment":"development","level":"info","message":"✓ Migrációk átmenetileg kihagyva, modellek már tartalmazzák a szükséges változtatásokat","service":"kanyr-backend","timestamp":"2026-03-19 12:57:50.964"}
{"environment":"development","level":"info","message":"✓ Adatbázis elérhető a route-ok számára","service":"kanyr-backend","timestamp":"2026-03-19 12:57:50.965"}
{"dbExists":true,"diakModel":true,"environment":"development","lakcimModel":true,"level":"debug","message":"SzuloRepository constructor called","service":"kanyr-backend","szuloModel":true,"timestamp":"2026-03-19 12:57:51.044"}
{"environment":"development","level":"info","message":"✓ Controllers initialized with dependency injection","service":"kanyr-backend","timestamp":"2026-03-19 12:57:51.045"}
{"environment":"development","level":"info","message":"✓ CSRF protection middleware initialized","service":"kanyr-backend","timestamp":"2026-03-19 12:57:51.046"}
{"environment":"development","level":"info","message":"✓ Student route-ok inicializálva","service":"kanyr-backend","timestamp":"2026-03-19 12:57:51.068"}
{"environment":"development","level":"info","message":"✓ Room route-ok inicializálva","service":"kanyr-backend","timestamp":"2026-03-19 12:57:51.076"}
{"environment":"development","level":"info","message":"✓ Parent route-ok inicializálva","service":"kanyr-backend","timestamp":"2026-03-19 12:57:51.088"}
{"environment":"development","level":"info","message":"✓ Address route-ok inicializálva","service":"kanyr-backend","timestamp":"2026-03-19 12:57:51.095"}
{"environment":"development","level":"info","message":"✓ Auth route-ok inicializálva","service":"kanyr-backend","timestamp":"2026-03-19 12:57:51.099"}
{"environment":"development","level":"info","message":"✓ User route-ok inicializálva","service":"kanyr-backend","timestamp":"2026-03-19 12:57:51.106"}
{"environment":"development","level":"info","message":"✓ Room change route-ok inicializálva","service":"kanyr-backend","timestamp":"2026-03-19 12:57:51.110"}
{"environment":"development","level":"info","message":"✓ Token blacklist cleanup scheduler initialized","service":"kanyr-backend","timestamp":"2026-03-19 12:57:51.121"}
{"environment":"development","level":"debug","message":"SQL Query","service":"kanyr-backend","sql":"Executing (default): DELETE FROM `revoked_tokens` WHERE `expires_at` < '2026-03-19 11:57:51.117 +00:00'","timestamp":"2026-03-19 12:57:51.130","type":"database"}
{"environment":"development","level":"info","message":"✓ Szerver fut a http://localhost:3000 címen","service":"kanyr-backend","timestamp":"2026-03-19 12:57:51.131"}
{"environment":"development","level":"info","message":"✓ Környezet: development","service":"kanyr-backend","timestamp":"2026-03-19 12:57:51.131"}
{"environment":"development","error":"SQLITE_ERROR: no such table: revoked_tokens","level":"error","message":"Error cleaning up expired tokens","service":"kanyr-backend","timestamp":"2026-03-19 12:57:51.134"}
{"environment":"development","error":"Hiba a lejárt tokenek törlése közben: SQLITE_ERROR: no such table: revoked_tokens","level":"error","message":"Error cleaning up expired tokens","service":"kanyr-backend","timestamp":"2026-03-19 12:57:51.137"}
{"environment":"development","error":"Hiba a lejárt tokenek törlése közben: SQLITE_ERROR: no such table: revoked_tokens","level":"error","message":"Error during token cleanup","service":"kanyr-backend","timestamp":"2026-03-19 12:57:51.138"}
